[01/02/26 05:00:01] INFO     No custom team name replacements      _config.py:91
                             found. You can configure these in                  
                             /home/tars/soccerdata/config/teamname              
                             _replacements.json.                                
                    INFO     No custom league dict found. You can _config.py:197
                             configure additional leagues in                    
                             /home/tars/soccerdata/config/league_               
                             dict.json.                                         
The current gameweek is:  20
The gameweek has already been grabbed.
[01/03/26 05:00:01] INFO     No custom team name replacements      _config.py:91
                             found. You can configure these in                  
                             /home/tars/soccerdata/config/teamname              
                             _replacements.json.                                
                    INFO     No custom league dict found. You can _config.py:197
                             configure additional leagues in                    
                             /home/tars/soccerdata/config/league_               
                             dict.json.                                         
The current gameweek is:  20
The gameweek has already been grabbed.
[01/04/26 05:00:02] INFO     No custom team name replacements      _config.py:91
                             found. You can configure these in                  
                             /home/tars/soccerdata/config/teamname              
                             _replacements.json.                                
                    INFO     No custom league dict found. You can _config.py:197
                             configure additional leagues in                    
                             /home/tars/soccerdata/config/league_               
                             dict.json.                                         
The current gameweek is:  21
                    INFO     Saving cached data to                _common.py:263
                             /home/tars/soccerdata/data/FBref                   
[01/04/26 05:00:04] INFO     Saving cached data to                _common.py:263
                             /home/tars/soccerdata/data/FBref                   
[01/04/26 05:02:13] INFO     Saving cached data to                _common.py:263
                             /home/tars/soccerdata/data/FBref                   
[01/05/26 05:00:02] INFO     No custom team name replacements      _config.py:91
                             found. You can configure these in                  
                             /home/tars/soccerdata/config/teamname              
                             _replacements.json.                                
                    INFO     No custom league dict found. You can _config.py:197
                             configure additional leagues in                    
                             /home/tars/soccerdata/config/league_               
                             dict.json.                                         
The current gameweek is:  21
The gameweek has already been grabbed.
[01/06/26 05:00:02] INFO     No custom team name replacements      _config.py:91
                             found. You can configure these in                  
                             /home/tars/soccerdata/config/teamname              
                             _replacements.json.                                
                    INFO     No custom league dict found. You can _config.py:197
                             configure additional leagues in                    
                             /home/tars/soccerdata/config/league_               
                             dict.json.                                         
The current gameweek is:  21
The gameweek has already been grabbed.
[01/07/26 05:00:01] INFO     No custom team name replacements      _config.py:91
                             found. You can configure these in                  
                             /home/tars/soccerdata/config/teamname              
                             _replacements.json.                                
                    INFO     No custom league dict found. You can _config.py:197
                             configure additional leagues in                    
                             /home/tars/soccerdata/config/league_               
                             dict.json.                                         
The current gameweek is:  22
[01/07/26 05:00:02] INFO     Saving cached data to                _common.py:263
                             /home/tars/soccerdata/data/FBref                   
[01/07/26 05:00:03] INFO     Saving cached data to                _common.py:263
                             /home/tars/soccerdata/data/FBref                   
[01/07/26 05:02:11] INFO     Saving cached data to                _common.py:263
                             /home/tars/soccerdata/data/FBref                   
[01/08/26 05:00:01] INFO     No custom team name replacements      _config.py:91
                             found. You can configure these in                  
                             /home/tars/soccerdata/config/teamname              
                             _replacements.json.                                
                    INFO     No custom league dict found. You can _config.py:197
                             configure additional leagues in                    
                             /home/tars/soccerdata/config/league_               
                             dict.json.                                         
The current gameweek is:  22
The gameweek has already been grabbed.
[01/09/26 05:00:01] INFO     No custom team name replacements      _config.py:91
                             found. You can configure these in                  
                             /home/tars/soccerdata/config/teamname              
                             _replacements.json.                                
                    INFO     No custom league dict found. You can _config.py:197
                             configure additional leagues in                    
                             /home/tars/soccerdata/config/league_               
                             dict.json.                                         
The current gameweek is:  22
The gameweek has already been grabbed.
[01/10/26 05:00:01] INFO     No custom team name replacements      _config.py:91
                             found. You can configure these in                  
                             /home/tars/soccerdata/config/teamname              
                             _replacements.json.                                
                    INFO     No custom league dict found. You can _config.py:197
                             configure additional leagues in                    
                             /home/tars/soccerdata/config/league_               
                             dict.json.                                         
The current gameweek is:  22
The gameweek has already been grabbed.
[01/11/26 05:00:02] INFO     No custom team name replacements      _config.py:91
                             found. You can configure these in                  
                             /home/tars/soccerdata/config/teamname              
                             _replacements.json.                                
                    INFO     No custom league dict found. You can _config.py:197
                             configure additional leagues in                    
                             /home/tars/soccerdata/config/league_               
                             dict.json.                                         
The current gameweek is:  22
The gameweek has already been grabbed.
[01/12/26 05:00:02] INFO     No custom team name replacements      _config.py:91
                             found. You can configure these in                  
                             /home/tars/soccerdata/config/teamname              
                             _replacements.json.                                
                    INFO     No custom league dict found. You can _config.py:197
                             configure additional leagues in                    
                             /home/tars/soccerdata/config/league_               
                             dict.json.                                         
The current gameweek is:  22
The gameweek has already been grabbed.
[01/13/26 05:00:01] INFO     No custom team name replacements      _config.py:91
                             found. You can configure these in                  
                             /home/tars/soccerdata/config/teamname              
                             _replacements.json.                                
                    INFO     No custom league dict found. You can _config.py:197
                             configure additional leagues in                    
                             /home/tars/soccerdata/config/league_               
                             dict.json.                                         
The current gameweek is:  22
The gameweek has already been grabbed.
[01/14/26 05:00:02] INFO     No custom team name replacements      _config.py:91
                             found. You can configure these in                  
                             /home/tars/soccerdata/config/teamname              
                             _replacements.json.                                
                    INFO     No custom league dict found. You can _config.py:197
                             configure additional leagues in                    
                             /home/tars/soccerdata/config/league_               
                             dict.json.                                         
The current gameweek is:  22
The gameweek has already been grabbed.
[01/15/26 05:00:01] INFO     No custom team name replacements      _config.py:91
                             found. You can configure these in                  
                             /home/tars/soccerdata/config/teamname              
                             _replacements.json.                                
                    INFO     No custom league dict found. You can _config.py:197
                             configure additional leagues in                    
                             /home/tars/soccerdata/config/league_               
                             dict.json.                                         
The current gameweek is:  22
The gameweek has already been grabbed.
[01/16/26 05:00:02] INFO     No custom team name replacements      _config.py:91
                             found. You can configure these in                  
                             /home/tars/soccerdata/config/teamname              
                             _replacements.json.                                
                    INFO     No custom league dict found. You can _config.py:197
                             configure additional leagues in                    
                             /home/tars/soccerdata/config/league_               
                             dict.json.                                         
The current gameweek is:  22
The gameweek has already been grabbed.
[01/17/26 05:00:02] INFO     No custom team name replacements      _config.py:91
                             found. You can configure these in                  
                             /home/tars/soccerdata/config/teamname              
                             _replacements.json.                                
                    INFO     No custom league dict found. You can _config.py:197
                             configure additional leagues in                    
                             /home/tars/soccerdata/config/league_               
                             dict.json.                                         
The current gameweek is:  22
The gameweek has already been grabbed.
[01/18/26 05:00:02] INFO     No custom team name replacements      _config.py:91
                             found. You can configure these in                  
                             /home/tars/soccerdata/config/teamname              
                             _replacements.json.                                
                    INFO     No custom league dict found. You can _config.py:197
                             configure additional leagues in                    
                             /home/tars/soccerdata/config/league_               
                             dict.json.                                         
The current gameweek is:  23
[01/18/26 05:00:03] INFO     Saving cached data to                _common.py:263
                             /home/tars/soccerdata/data/FBref                   
[01/18/26 05:00:05] INFO     Saving cached data to                _common.py:263
                             /home/tars/soccerdata/data/FBref                   
[01/18/26 05:00:12] ERROR    Error while scraping                 _common.py:545
                             https://fbref.com/en/squads/18bb7c10               
                             /2025-2026/matchlogs/all_comps/sched               
                             ule. Retrying... (attempt 1 of 5).                 
                             Traceback (most recent call last):                 
                               File                                             
                             "/home/tars/Projects/fpl-oracle/venv               
                             311/lib/python3.11/site-packages/soc               
                             cerdata/_common.py", line 525, in                  
                             _download_and_save                                 
                                 response.raise_for_status()                    
                               File                                             
                             "/home/tars/Projects/fpl-oracle/venv               
                             311/lib/python3.11/site-packages/req               
                             uests/models.py", line 1026, in                    
                             raise_for_status                                   
                                 raise HTTPError(http_error_msg,                
                             response=self)                                     
                             requests.exceptions.HTTPError: 403                 
                             Client Error: Forbidden for url:                   
                             https://fbref.com/en/squads/18bb7c10               
                             /2025-2026/matchlogs/all_comps/sched               
                             ule                                                
[01/18/26 05:00:18] ERROR    Error while scraping                 _common.py:545
                             https://fbref.com/en/squads/18bb7c10               
                             /2025-2026/matchlogs/all_comps/sched               
                             ule. Retrying... (attempt 2 of 5).                 
                             Traceback (most recent call last):                 
                               File                                             
                             "/home/tars/Projects/fpl-oracle/venv               
                             311/lib/python3.11/site-packages/soc               
                             cerdata/_common.py", line 525, in                  
                             _download_and_save                                 
                                 response.raise_for_status()                    
                               File                                             
                             "/home/tars/Projects/fpl-oracle/venv               
                             311/lib/python3.11/site-packages/req               
                             uests/models.py", line 1026, in                    
                             raise_for_status                                   
                                 raise HTTPError(http_error_msg,                
                             response=self)                                     
                             requests.exceptions.HTTPError: 403                 
                             Client Error: Forbidden for url:                   
                             https://fbref.com/en/squads/18bb7c10               
                             /2025-2026/matchlogs/all_comps/sched               
                             ule                                                
[01/18/26 05:00:24] ERROR    Error while scraping                 _common.py:545
                             https://fbref.com/en/squads/18bb7c10               
                             /2025-2026/matchlogs/all_comps/sched               
                             ule. Retrying... (attempt 3 of 5).                 
                             Traceback (most recent call last):                 
                               File                                             
                             "/home/tars/Projects/fpl-oracle/venv               
                             311/lib/python3.11/site-packages/soc               
                             cerdata/_common.py", line 525, in                  
                             _download_and_save                                 
                                 response.raise_for_status()                    
                               File                                             
                             "/home/tars/Projects/fpl-oracle/venv               
                             311/lib/python3.11/site-packages/req               
                             uests/models.py", line 1026, in                    
                             raise_for_status                                   
                                 raise HTTPError(http_error_msg,                
                             response=self)                                     
                             requests.exceptions.HTTPError: 403                 
                             Client Error: Forbidden for url:                   
                             https://fbref.com/en/squads/18bb7c10               
                             /2025-2026/matchlogs/all_comps/sched               
                             ule                                                
[01/18/26 05:00:30] ERROR    Error while scraping                 _common.py:545
                             https://fbref.com/en/squads/18bb7c10               
                             /2025-2026/matchlogs/all_comps/sched               
                             ule. Retrying... (attempt 4 of 5).                 
                             Traceback (most recent call last):                 
                               File                                             
                             "/home/tars/Projects/fpl-oracle/venv               
                             311/lib/python3.11/site-packages/soc               
                             cerdata/_common.py", line 525, in                  
                             _download_and_save                                 
                                 response.raise_for_status()                    
                               File                                             
                             "/home/tars/Projects/fpl-oracle/venv               
                             311/lib/python3.11/site-packages/req               
                             uests/models.py", line 1026, in                    
                             raise_for_status                                   
                                 raise HTTPError(http_error_msg,                
                             response=self)                                     
                             requests.exceptions.HTTPError: 403                 
                             Client Error: Forbidden for url:                   
                             https://fbref.com/en/squads/18bb7c10               
                             /2025-2026/matchlogs/all_comps/sched               
                             ule                                                
[01/18/26 05:00:37] ERROR    Error while scraping                 _common.py:545
                             https://fbref.com/en/squads/18bb7c10               
                             /2025-2026/matchlogs/all_comps/sched               
                             ule. Retrying... (attempt 5 of 5).                 
                             Traceback (most recent call last):                 
                               File                                             
                             "/home/tars/Projects/fpl-oracle/venv               
                             311/lib/python3.11/site-packages/soc               
                             cerdata/_common.py", line 525, in                  
                             _download_and_save                                 
                                 response.raise_for_status()                    
                               File                                             
                             "/home/tars/Projects/fpl-oracle/venv               
                             311/lib/python3.11/site-packages/req               
                             uests/models.py", line 1026, in                    
                             raise_for_status                                   
                                 raise HTTPError(http_error_msg,                
                             response=self)                                     
                             requests.exceptions.HTTPError: 403                 
                             Client Error: Forbidden for url:                   
                             https://fbref.com/en/squads/18bb7c10               
                             /2025-2026/matchlogs/all_comps/sched               
                             ule                                                
Traceback (most recent call last):
  File "/home/tars/Projects/fpl-oracle/data.py", line 396, in <module>
    df = join_it_all_together()
         ^^^^^^^^^^^^^^^^^^^^^^
  File "/home/tars/Projects/fpl-oracle/data.py", line 320, in join_it_all_together
    df_teams = get_teams()
               ^^^^^^^^^^^
  File "/home/tars/Projects/fpl-oracle/data.py", line 161, in get_teams
    matches = fbref.read_team_match_stats(stat_type="schedule", team=team)
              ^^^^^^^^^^^^^^^^^^^^^^^^^^^^^^^^^^^^^^^^^^^^^^^^^^^^^^^^^^^^
  File "/home/tars/Projects/fpl-oracle/venv311/lib/python3.11/site-packages/soccerdata/fbref.py", line 461, in read_team_match_stats
    reader = self.get(url, filepath, no_cache=current_season and not force_cache)
             ^^^^^^^^^^^^^^^^^^^^^^^^^^^^^^^^^^^^^^^^^^^^^^^^^^^^^^^^^^^^^^^^^^^^
  File "/home/tars/Projects/fpl-oracle/venv311/lib/python3.11/site-packages/soccerdata/_common.py", line 306, in get
    return self._download_and_save(url, filepath, var)
           ^^^^^^^^^^^^^^^^^^^^^^^^^^^^^^^^^^^^^^^^^^^
  File "/home/tars/Projects/fpl-oracle/venv311/lib/python3.11/site-packages/soccerdata/_common.py", line 553, in _download_and_save
    raise ConnectionError(f"Could not download {url}.")
ConnectionError: Could not download https://fbref.com/en/squads/18bb7c10/2025-2026/matchlogs/all_comps/schedule.
[01/19/26 05:00:02] INFO     No custom team name replacements      _config.py:91
                             found. You can configure these in                  
                             /home/tars/soccerdata/config/teamname              
                             _replacements.json.                                
                    INFO     No custom league dict found. You can _config.py:197
                             configure additional leagues in                    
                             /home/tars/soccerdata/config/league_               
                             dict.json.                                         
The current gameweek is:  23
[01/19/26 05:00:03] INFO     Saving cached data to                _common.py:263
                             /home/tars/soccerdata/data/FBref                   
[01/19/26 05:00:04] INFO     Saving cached data to                _common.py:263
                             /home/tars/soccerdata/data/FBref                   
[01/19/26 05:00:11] ERROR    Error while scraping                 _common.py:545
                             https://fbref.com/en/squads/18bb7c10               
                             /2025-2026/matchlogs/all_comps/sched               
                             ule. Retrying... (attempt 1 of 5).                 
                             Traceback (most recent call last):                 
                               File                                             
                             "/home/tars/Projects/fpl-oracle/venv               
                             311/lib/python3.11/site-packages/soc               
                             cerdata/_common.py", line 525, in                  
                             _download_and_save                                 
                                 response.raise_for_status()                    
                               File                                             
                             "/home/tars/Projects/fpl-oracle/venv               
                             311/lib/python3.11/site-packages/req               
                             uests/models.py", line 1026, in                    
                             raise_for_status                                   
                                 raise HTTPError(http_error_msg,                
                             response=self)                                     
                             requests.exceptions.HTTPError: 403                 
                             Client Error: Forbidden for url:                   
                             https://fbref.com/en/squads/18bb7c10               
                             /2025-2026/matchlogs/all_comps/sched               
                             ule                                                
[01/19/26 05:00:17] ERROR    Error while scraping                 _common.py:545
                             https://fbref.com/en/squads/18bb7c10               
                             /2025-2026/matchlogs/all_comps/sched               
                             ule. Retrying... (attempt 2 of 5).                 
                             Traceback (most recent call last):                 
                               File                                             
                             "/home/tars/Projects/fpl-oracle/venv               
                             311/lib/python3.11/site-packages/soc               
                             cerdata/_common.py", line 525, in                  
                             _download_and_save                                 
                                 response.raise_for_status()                    
                               File                                             
                             "/home/tars/Projects/fpl-oracle/venv               
                             311/lib/python3.11/site-packages/req               
                             uests/models.py", line 1026, in                    
                             raise_for_status                                   
                                 raise HTTPError(http_error_msg,                
                             response=self)                                     
                             requests.exceptions.HTTPError: 403                 
                             Client Error: Forbidden for url:                   
                             https://fbref.com/en/squads/18bb7c10               
                             /2025-2026/matchlogs/all_comps/sched               
                             ule                                                
[01/19/26 05:00:23] ERROR    Error while scraping                 _common.py:545
                             https://fbref.com/en/squads/18bb7c10               
                             /2025-2026/matchlogs/all_comps/sched               
                             ule. Retrying... (attempt 3 of 5).                 
                             Traceback (most recent call last):                 
                               File                                             
                             "/home/tars/Projects/fpl-oracle/venv               
                             311/lib/python3.11/site-packages/soc               
                             cerdata/_common.py", line 525, in                  
                             _download_and_save                                 
                                 response.raise_for_status()                    
                               File                                             
                             "/home/tars/Projects/fpl-oracle/venv               
                             311/lib/python3.11/site-packages/req               
                             uests/models.py", line 1026, in                    
                             raise_for_status                                   
                                 raise HTTPError(http_error_msg,                
                             response=self)                                     
                             requests.exceptions.HTTPError: 403                 
                             Client Error: Forbidden for url:                   
                             https://fbref.com/en/squads/18bb7c10               
                             /2025-2026/matchlogs/all_comps/sched               
                             ule                                                
[01/19/26 05:00:30] ERROR    Error while scraping                 _common.py:545
                             https://fbref.com/en/squads/18bb7c10               
                             /2025-2026/matchlogs/all_comps/sched               
                             ule. Retrying... (attempt 4 of 5).                 
                             Traceback (most recent call last):                 
                               File                                             
                             "/home/tars/Projects/fpl-oracle/venv               
                             311/lib/python3.11/site-packages/soc               
                             cerdata/_common.py", line 525, in                  
                             _download_and_save                                 
                                 response.raise_for_status()                    
                               File                                             
                             "/home/tars/Projects/fpl-oracle/venv               
                             311/lib/python3.11/site-packages/req               
                             uests/models.py", line 1026, in                    
                             raise_for_status                                   
                                 raise HTTPError(http_error_msg,                
                             response=self)                                     
                             requests.exceptions.HTTPError: 403                 
                             Client Error: Forbidden for url:                   
                             https://fbref.com/en/squads/18bb7c10               
                             /2025-2026/matchlogs/all_comps/sched               
                             ule                                                
[01/19/26 05:00:36] ERROR    Error while scraping                 _common.py:545
                             https://fbref.com/en/squads/18bb7c10               
                             /2025-2026/matchlogs/all_comps/sched               
                             ule. Retrying... (attempt 5 of 5).                 
                             Traceback (most recent call last):                 
                               File                                             
                             "/home/tars/Projects/fpl-oracle/venv               
                             311/lib/python3.11/site-packages/soc               
                             cerdata/_common.py", line 525, in                  
                             _download_and_save                                 
                                 response.raise_for_status()                    
                               File                                             
                             "/home/tars/Projects/fpl-oracle/venv               
                             311/lib/python3.11/site-packages/req               
                             uests/models.py", line 1026, in                    
                             raise_for_status                                   
                                 raise HTTPError(http_error_msg,                
                             response=self)                                     
                             requests.exceptions.HTTPError: 403                 
                             Client Error: Forbidden for url:                   
                             https://fbref.com/en/squads/18bb7c10               
                             /2025-2026/matchlogs/all_comps/sched               
                             ule                                                
Traceback (most recent call last):
  File "/home/tars/Projects/fpl-oracle/data.py", line 396, in <module>
    df = join_it_all_together()
         ^^^^^^^^^^^^^^^^^^^^^^
  File "/home/tars/Projects/fpl-oracle/data.py", line 320, in join_it_all_together
    df_teams = get_teams()
               ^^^^^^^^^^^
  File "/home/tars/Projects/fpl-oracle/data.py", line 161, in get_teams
    matches = fbref.read_team_match_stats(stat_type="schedule", team=team)
              ^^^^^^^^^^^^^^^^^^^^^^^^^^^^^^^^^^^^^^^^^^^^^^^^^^^^^^^^^^^^
  File "/home/tars/Projects/fpl-oracle/venv311/lib/python3.11/site-packages/soccerdata/fbref.py", line 461, in read_team_match_stats
    reader = self.get(url, filepath, no_cache=current_season and not force_cache)
             ^^^^^^^^^^^^^^^^^^^^^^^^^^^^^^^^^^^^^^^^^^^^^^^^^^^^^^^^^^^^^^^^^^^^
  File "/home/tars/Projects/fpl-oracle/venv311/lib/python3.11/site-packages/soccerdata/_common.py", line 306, in get
    return self._download_and_save(url, filepath, var)
           ^^^^^^^^^^^^^^^^^^^^^^^^^^^^^^^^^^^^^^^^^^^
  File "/home/tars/Projects/fpl-oracle/venv311/lib/python3.11/site-packages/soccerdata/_common.py", line 553, in _download_and_save
    raise ConnectionError(f"Could not download {url}.")
ConnectionError: Could not download https://fbref.com/en/squads/18bb7c10/2025-2026/matchlogs/all_comps/schedule.
[01/20/26 05:00:02] INFO     No custom team name replacements      _config.py:91
                             found. You can configure these in                  
                             /home/tars/soccerdata/config/teamname              
                             _replacements.json.                                
                    INFO     No custom league dict found. You can _config.py:197
                             configure additional leagues in                    
                             /home/tars/soccerdata/config/league_               
                             dict.json.                                         
The current gameweek is:  23
[01/20/26 05:00:04] INFO     Saving cached data to                _common.py:263
                             /home/tars/soccerdata/data/FBref                   
[01/20/26 05:00:05] INFO     Saving cached data to                _common.py:263
                             /home/tars/soccerdata/data/FBref                   
[01/20/26 05:00:12] ERROR    Error while scraping                 _common.py:545
                             https://fbref.com/en/squads/18bb7c10               
                             /2025-2026/matchlogs/all_comps/sched               
                             ule. Retrying... (attempt 1 of 5).                 
                             Traceback (most recent call last):                 
                               File                                             
                             "/home/tars/Projects/fpl-oracle/venv               
                             311/lib/python3.11/site-packages/soc               
                             cerdata/_common.py", line 525, in                  
                             _download_and_save                                 
                                 response.raise_for_status()                    
                               File                                             
                             "/home/tars/Projects/fpl-oracle/venv               
                             311/lib/python3.11/site-packages/req               
                             uests/models.py", line 1026, in                    
                             raise_for_status                                   
                                 raise HTTPError(http_error_msg,                
                             response=self)                                     
                             requests.exceptions.HTTPError: 403                 
                             Client Error: Forbidden for url:                   
                             https://fbref.com/en/squads/18bb7c10               
                             /2025-2026/matchlogs/all_comps/sched               
                             ule                                                
[01/20/26 05:00:18] ERROR    Error while scraping                 _common.py:545
                             https://fbref.com/en/squads/18bb7c10               
                             /2025-2026/matchlogs/all_comps/sched               
                             ule. Retrying... (attempt 2 of 5).                 
                             Traceback (most recent call last):                 
                               File                                             
                             "/home/tars/Projects/fpl-oracle/venv               
                             311/lib/python3.11/site-packages/soc               
                             cerdata/_common.py", line 525, in                  
                             _download_and_save                                 
                                 response.raise_for_status()                    
                               File                                             
                             "/home/tars/Projects/fpl-oracle/venv               
                             311/lib/python3.11/site-packages/req               
                             uests/models.py", line 1026, in                    
                             raise_for_status                                   
                                 raise HTTPError(http_error_msg,                
                             response=self)                                     
                             requests.exceptions.HTTPError: 403                 
                             Client Error: Forbidden for url:                   
                             https://fbref.com/en/squads/18bb7c10               
                             /2025-2026/matchlogs/all_comps/sched               
                             ule                                                
[01/20/26 05:00:24] ERROR    Error while scraping                 _common.py:545
                             https://fbref.com/en/squads/18bb7c10               
                             /2025-2026/matchlogs/all_comps/sched               
                             ule. Retrying... (attempt 3 of 5).                 
                             Traceback (most recent call last):                 
                               File                                             
                             "/home/tars/Projects/fpl-oracle/venv               
                             311/lib/python3.11/site-packages/soc               
                             cerdata/_common.py", line 525, in                  
                             _download_and_save                                 
                                 response.raise_for_status()                    
                               File                                             
                             "/home/tars/Projects/fpl-oracle/venv               
                             311/lib/python3.11/site-packages/req               
                             uests/models.py", line 1026, in                    
                             raise_for_status                                   
                                 raise HTTPError(http_error_msg,                
                             response=self)                                     
                             requests.exceptions.HTTPError: 403                 
                             Client Error: Forbidden for url:                   
                             https://fbref.com/en/squads/18bb7c10               
                             /2025-2026/matchlogs/all_comps/sched               
                             ule                                                
[01/20/26 05:00:31] ERROR    Error while scraping                 _common.py:545
                             https://fbref.com/en/squads/18bb7c10               
                             /2025-2026/matchlogs/all_comps/sched               
                             ule. Retrying... (attempt 4 of 5).                 
                             Traceback (most recent call last):                 
                               File                                             
                             "/home/tars/Projects/fpl-oracle/venv               
                             311/lib/python3.11/site-packages/soc               
                             cerdata/_common.py", line 525, in                  
                             _download_and_save                                 
                                 response.raise_for_status()                    
                               File                                             
                             "/home/tars/Projects/fpl-oracle/venv               
                             311/lib/python3.11/site-packages/req               
                             uests/models.py", line 1026, in                    
                             raise_for_status                                   
                                 raise HTTPError(http_error_msg,                
                             response=self)                                     
                             requests.exceptions.HTTPError: 403                 
                             Client Error: Forbidden for url:                   
                             https://fbref.com/en/squads/18bb7c10               
                             /2025-2026/matchlogs/all_comps/sched               
                             ule                                                
[01/20/26 05:00:37] ERROR    Error while scraping                 _common.py:545
                             https://fbref.com/en/squads/18bb7c10               
                             /2025-2026/matchlogs/all_comps/sched               
                             ule. Retrying... (attempt 5 of 5).                 
                             Traceback (most recent call last):                 
                               File                                             
                             "/home/tars/Projects/fpl-oracle/venv               
                             311/lib/python3.11/site-packages/soc               
                             cerdata/_common.py", line 525, in                  
                             _download_and_save                                 
                                 response.raise_for_status()                    
                               File                                             
                             "/home/tars/Projects/fpl-oracle/venv               
                             311/lib/python3.11/site-packages/req               
                             uests/models.py", line 1026, in                    
                             raise_for_status                                   
                                 raise HTTPError(http_error_msg,                
                             response=self)                                     
                             requests.exceptions.HTTPError: 403                 
                             Client Error: Forbidden for url:                   
                             https://fbref.com/en/squads/18bb7c10               
                             /2025-2026/matchlogs/all_comps/sched               
                             ule                                                
Traceback (most recent call last):
  File "/home/tars/Projects/fpl-oracle/data.py", line 396, in <module>
    df = join_it_all_together()
         ^^^^^^^^^^^^^^^^^^^^^^
  File "/home/tars/Projects/fpl-oracle/data.py", line 320, in join_it_all_together
    df_teams = get_teams()
               ^^^^^^^^^^^
  File "/home/tars/Projects/fpl-oracle/data.py", line 161, in get_teams
    matches = fbref.read_team_match_stats(stat_type="schedule", team=team)
              ^^^^^^^^^^^^^^^^^^^^^^^^^^^^^^^^^^^^^^^^^^^^^^^^^^^^^^^^^^^^
  File "/home/tars/Projects/fpl-oracle/venv311/lib/python3.11/site-packages/soccerdata/fbref.py", line 461, in read_team_match_stats
    reader = self.get(url, filepath, no_cache=current_season and not force_cache)
             ^^^^^^^^^^^^^^^^^^^^^^^^^^^^^^^^^^^^^^^^^^^^^^^^^^^^^^^^^^^^^^^^^^^^
  File "/home/tars/Projects/fpl-oracle/venv311/lib/python3.11/site-packages/soccerdata/_common.py", line 306, in get
    return self._download_and_save(url, filepath, var)
           ^^^^^^^^^^^^^^^^^^^^^^^^^^^^^^^^^^^^^^^^^^^
  File "/home/tars/Projects/fpl-oracle/venv311/lib/python3.11/site-packages/soccerdata/_common.py", line 553, in _download_and_save
    raise ConnectionError(f"Could not download {url}.")
ConnectionError: Could not download https://fbref.com/en/squads/18bb7c10/2025-2026/matchlogs/all_comps/schedule.
[01/21/26 05:00:02] INFO     No custom team name replacements      _config.py:91
                             found. You can configure these in                  
                             /home/tars/soccerdata/config/teamname              
                             _replacements.json.                                
                    INFO     No custom league dict found. You can _config.py:197
                             configure additional leagues in                    
                             /home/tars/soccerdata/config/league_               
                             dict.json.                                         
The current gameweek is:  23
                    INFO     Saving cached data to                _common.py:263
                             /home/tars/soccerdata/data/FBref                   
[01/21/26 05:00:04] INFO     Saving cached data to                _common.py:263
                             /home/tars/soccerdata/data/FBref                   
[01/21/26 05:00:11] ERROR    Error while scraping                 _common.py:545
                             https://fbref.com/en/squads/18bb7c10               
                             /2025-2026/matchlogs/all_comps/sched               
                             ule. Retrying... (attempt 1 of 5).                 
                             Traceback (most recent call last):                 
                               File                                             
                             "/home/tars/Projects/fpl-oracle/venv               
                             311/lib/python3.11/site-packages/soc               
                             cerdata/_common.py", line 525, in                  
                             _download_and_save                                 
                                 response.raise_for_status()                    
                               File                                             
                             "/home/tars/Projects/fpl-oracle/venv               
                             311/lib/python3.11/site-packages/req               
                             uests/models.py", line 1026, in                    
                             raise_for_status                                   
                                 raise HTTPError(http_error_msg,                
                             response=self)                                     
                             requests.exceptions.HTTPError: 403                 
                             Client Error: Forbidden for url:                   
                             https://fbref.com/en/squads/18bb7c10               
                             /2025-2026/matchlogs/all_comps/sched               
                             ule                                                
[01/21/26 05:00:17] ERROR    Error while scraping                 _common.py:545
                             https://fbref.com/en/squads/18bb7c10               
                             /2025-2026/matchlogs/all_comps/sched               
                             ule. Retrying... (attempt 2 of 5).                 
                             Traceback (most recent call last):                 
                               File                                             
                             "/home/tars/Projects/fpl-oracle/venv               
                             311/lib/python3.11/site-packages/soc               
                             cerdata/_common.py", line 525, in                  
                             _download_and_save                                 
                                 response.raise_for_status()                    
                               File                                             
                             "/home/tars/Projects/fpl-oracle/venv               
                             311/lib/python3.11/site-packages/req               
                             uests/models.py", line 1026, in                    
                             raise_for_status                                   
                                 raise HTTPError(http_error_msg,                
                             response=self)                                     
                             requests.exceptions.HTTPError: 403                 
                             Client Error: Forbidden for url:                   
                             https://fbref.com/en/squads/18bb7c10               
                             /2025-2026/matchlogs/all_comps/sched               
                             ule                                                
[01/21/26 05:00:23] ERROR    Error while scraping                 _common.py:545
                             https://fbref.com/en/squads/18bb7c10               
                             /2025-2026/matchlogs/all_comps/sched               
                             ule. Retrying... (attempt 3 of 5).                 
                             Traceback (most recent call last):                 
                               File                                             
                             "/home/tars/Projects/fpl-oracle/venv               
                             311/lib/python3.11/site-packages/soc               
                             cerdata/_common.py", line 525, in                  
                             _download_and_save                                 
                                 response.raise_for_status()                    
                               File                                             
                             "/home/tars/Projects/fpl-oracle/venv               
                             311/lib/python3.11/site-packages/req               
                             uests/models.py", line 1026, in                    
                             raise_for_status                                   
                                 raise HTTPError(http_error_msg,                
                             response=self)                                     
                             requests.exceptions.HTTPError: 403                 
                             Client Error: Forbidden for url:                   
                             https://fbref.com/en/squads/18bb7c10               
                             /2025-2026/matchlogs/all_comps/sched               
                             ule                                                
[01/21/26 05:00:29] ERROR    Error while scraping                 _common.py:545
                             https://fbref.com/en/squads/18bb7c10               
                             /2025-2026/matchlogs/all_comps/sched               
                             ule. Retrying... (attempt 4 of 5).                 
                             Traceback (most recent call last):                 
                               File                                             
                             "/home/tars/Projects/fpl-oracle/venv               
                             311/lib/python3.11/site-packages/soc               
                             cerdata/_common.py", line 525, in                  
                             _download_and_save                                 
                                 response.raise_for_status()                    
                               File                                             
                             "/home/tars/Projects/fpl-oracle/venv               
                             311/lib/python3.11/site-packages/req               
                             uests/models.py", line 1026, in                    
                             raise_for_status                                   
                                 raise HTTPError(http_error_msg,                
                             response=self)                                     
                             requests.exceptions.HTTPError: 403                 
                             Client Error: Forbidden for url:                   
                             https://fbref.com/en/squads/18bb7c10               
                             /2025-2026/matchlogs/all_comps/sched               
                             ule                                                
[01/21/26 05:00:36] ERROR    Error while scraping                 _common.py:545
                             https://fbref.com/en/squads/18bb7c10               
                             /2025-2026/matchlogs/all_comps/sched               
                             ule. Retrying... (attempt 5 of 5).                 
                             Traceback (most recent call last):                 
                               File                                             
                             "/home/tars/Projects/fpl-oracle/venv               
                             311/lib/python3.11/site-packages/soc               
                             cerdata/_common.py", line 525, in                  
                             _download_and_save                                 
                                 response.raise_for_status()                    
                               File                                             
                             "/home/tars/Projects/fpl-oracle/venv               
                             311/lib/python3.11/site-packages/req               
                             uests/models.py", line 1026, in                    
                             raise_for_status                                   
                                 raise HTTPError(http_error_msg,                
                             response=self)                                     
                             requests.exceptions.HTTPError: 403                 
                             Client Error: Forbidden for url:                   
                             https://fbref.com/en/squads/18bb7c10               
                             /2025-2026/matchlogs/all_comps/sched               
                             ule                                                
Traceback (most recent call last):
  File "/home/tars/Projects/fpl-oracle/data.py", line 396, in <module>
    df = join_it_all_together()
         ^^^^^^^^^^^^^^^^^^^^^^
  File "/home/tars/Projects/fpl-oracle/data.py", line 320, in join_it_all_together
    df_teams = get_teams()
               ^^^^^^^^^^^
  File "/home/tars/Projects/fpl-oracle/data.py", line 161, in get_teams
    matches = fbref.read_team_match_stats(stat_type="schedule", team=team)
              ^^^^^^^^^^^^^^^^^^^^^^^^^^^^^^^^^^^^^^^^^^^^^^^^^^^^^^^^^^^^
  File "/home/tars/Projects/fpl-oracle/venv311/lib/python3.11/site-packages/soccerdata/fbref.py", line 461, in read_team_match_stats
    reader = self.get(url, filepath, no_cache=current_season and not force_cache)
             ^^^^^^^^^^^^^^^^^^^^^^^^^^^^^^^^^^^^^^^^^^^^^^^^^^^^^^^^^^^^^^^^^^^^
  File "/home/tars/Projects/fpl-oracle/venv311/lib/python3.11/site-packages/soccerdata/_common.py", line 306, in get
    return self._download_and_save(url, filepath, var)
           ^^^^^^^^^^^^^^^^^^^^^^^^^^^^^^^^^^^^^^^^^^^
  File "/home/tars/Projects/fpl-oracle/venv311/lib/python3.11/site-packages/soccerdata/_common.py", line 553, in _download_and_save
    raise ConnectionError(f"Could not download {url}.")
ConnectionError: Could not download https://fbref.com/en/squads/18bb7c10/2025-2026/matchlogs/all_comps/schedule.
The current gameweek is:  25
Traceback (most recent call last):
  File "/home/tars/Projects/fpl-oracle/data_v2.py", line 510, in <module>
    X = pd.read_csv(f"/home/tars/Projects/fpl-oracle/data/X_{curr_gameweek-1}.csv")
        ^^^^^^^^^^^^^^^^^^^^^^^^^^^^^^^^^^^^^^^^^^^^^^^^^^^^^^^^^^^^^^^^^^^^^^^^^^^
  File "/home/tars/Projects/fpl-oracle/venv311/lib/python3.11/site-packages/pandas/io/parsers/readers.py", line 1026, in read_csv
    return _read(filepath_or_buffer, kwds)
           ^^^^^^^^^^^^^^^^^^^^^^^^^^^^^^^
  File "/home/tars/Projects/fpl-oracle/venv311/lib/python3.11/site-packages/pandas/io/parsers/readers.py", line 620, in _read
    parser = TextFileReader(filepath_or_buffer, **kwds)
             ^^^^^^^^^^^^^^^^^^^^^^^^^^^^^^^^^^^^^^^^^^
  File "/home/tars/Projects/fpl-oracle/venv311/lib/python3.11/site-packages/pandas/io/parsers/readers.py", line 1620, in __init__
    self._engine = self._make_engine(f, self.engine)
                   ^^^^^^^^^^^^^^^^^^^^^^^^^^^^^^^^^
  File "/home/tars/Projects/fpl-oracle/venv311/lib/python3.11/site-packages/pandas/io/parsers/readers.py", line 1880, in _make_engine
    self.handles = get_handle(
                   ^^^^^^^^^^^
  File "/home/tars/Projects/fpl-oracle/venv311/lib/python3.11/site-packages/pandas/io/common.py", line 873, in get_handle
    handle = open(
             ^^^^^
FileNotFoundError: [Errno 2] No such file or directory: '/home/tars/Projects/fpl-oracle/data/X_24.csv'
The current gameweek is:  25
The gameweek has already been grabbed.
The current gameweek is:  25
The gameweek has already been grabbed.
The current gameweek is:  26
The current gameweek is:  25
The current gameweek is:  25
The gameweek has already been grabbed.
The current gameweek is:  25
The gameweek has already been grabbed.
The current gameweek is:  26
The gameweek has already been grabbed.
The current gameweek is:  26
The gameweek has already been grabbed.
The current gameweek is:  26
The gameweek has already been grabbed.
The current gameweek is:  26
The gameweek has already been grabbed.
The current gameweek is:  26
The gameweek has already been grabbed.
The current gameweek is:  26
The gameweek has already been grabbed.
The current gameweek is:  26
The gameweek has already been grabbed.
The current gameweek is:  26
The gameweek has already been grabbed.
The current gameweek is:  26
The gameweek has already been grabbed.
The current gameweek is:  26
The gameweek has already been grabbed.
The current gameweek is:  26
The gameweek has already been grabbed.
The current gameweek is:  26
The gameweek has already been grabbed.
The current gameweek is:  26
The gameweek has already been grabbed.
The current gameweek is:  26
The gameweek has already been grabbed.
The current gameweek is:  26
The gameweek has already been grabbed.
The current gameweek is:  26
The gameweek has already been grabbed.
The current gameweek is:  26
The gameweek has already been grabbed.
The current gameweek is:  26
The gameweek has already been grabbed.
The current gameweek is:  26
The gameweek has already been grabbed.
The current gameweek is:  26
The gameweek has already been grabbed.
The current gameweek is:  26
The gameweek has already been grabbed.
The current gameweek is:  26
The gameweek has already been grabbed.
The current gameweek is:  26
The gameweek has already been grabbed.
The current gameweek is:  26
The gameweek has already been grabbed.
The current gameweek is:  26
The gameweek has already been grabbed.
The current gameweek is:  26
The gameweek has already been grabbed.
The current gameweek is:  26
The gameweek has already been grabbed.
The current gameweek is:  26
The gameweek has already been grabbed.
The current gameweek is:  26
The gameweek has already been grabbed.
The current gameweek is:  26
The gameweek has already been grabbed.
The current gameweek is:  26
The gameweek has already been grabbed.
The current gameweek is:  26
The gameweek has already been grabbed.
The current gameweek is:  26
The gameweek has already been grabbed.
The current gameweek is:  26
The gameweek has already been grabbed.
The current gameweek is:  26
The gameweek has already been grabbed.
The current gameweek is:  26
The gameweek has already been grabbed.
The current gameweek is:  26
The gameweek has already been grabbed.
The current gameweek is:  26
The gameweek has already been grabbed.
The current gameweek is:  26
The gameweek has already been grabbed.
The current gameweek is:  26
The gameweek has already been grabbed.
The current gameweek is:  26
The gameweek has already been grabbed.
The current gameweek is:  26
The gameweek has already been grabbed.
The current gameweek is:  26
The gameweek has already been grabbed.
The current gameweek is:  26
The gameweek has already been grabbed.
The current gameweek is:  26
The gameweek has already been grabbed.
The current gameweek is:  26
The gameweek has already been grabbed.
The current gameweek is:  26
The gameweek has already been grabbed.
The current gameweek is:  26
The gameweek has already been grabbed.
The current gameweek is:  26
The gameweek has already been grabbed.
The current gameweek is:  26
The gameweek has already been grabbed.
The current gameweek is:  26
The gameweek has already been grabbed.
The current gameweek is:  26
The gameweek has already been grabbed.
The current gameweek is:  26
The gameweek has already been grabbed.
The current gameweek is:  26
The gameweek has already been grabbed.
The current gameweek is:  26
The gameweek has already been grabbed.
The current gameweek is:  26
The gameweek has already been grabbed.
The current gameweek is:  26
The gameweek has already been grabbed.
The current gameweek is:  26
The gameweek has already been grabbed.
The current gameweek is:  26
The gameweek has already been grabbed.
The current gameweek is:  26
The gameweek has already been grabbed.
The current gameweek is:  26
The gameweek has already been grabbed.
The current gameweek is:  26
The gameweek has already been grabbed.
The current gameweek is:  26
The gameweek has already been grabbed.
The current gameweek is:  26
The gameweek has already been grabbed.
The current gameweek is:  26
The gameweek has already been grabbed.
The current gameweek is:  26
The gameweek has already been grabbed.
The current gameweek is:  26
The gameweek has already been grabbed.
The current gameweek is:  26
The gameweek has already been grabbed.
The current gameweek is:  26
The gameweek has already been grabbed.
The current gameweek is:  26
The gameweek has already been grabbed.
The current gameweek is:  26
The gameweek has already been grabbed.
The current gameweek is:  26
The gameweek has already been grabbed.
The current gameweek is:  26
The gameweek has already been grabbed.
The current gameweek is:  26
The gameweek has already been grabbed.
The current gameweek is:  26
The gameweek has already been grabbed.
The current gameweek is:  26
The gameweek has already been grabbed.
The current gameweek is:  26
The gameweek has already been grabbed.
The current gameweek is:  26
The gameweek has already been grabbed.
The current gameweek is:  26
The gameweek has already been grabbed.
The current gameweek is:  26
The gameweek has already been grabbed.
The current gameweek is:  26
The gameweek has already been grabbed.
The current gameweek is:  26
The gameweek has already been grabbed.
The current gameweek is:  26
The gameweek has already been grabbed.
The current gameweek is:  26
The gameweek has already been grabbed.
The current gameweek is:  26
The gameweek has already been grabbed.
The current gameweek is:  26
The gameweek has already been grabbed.
The current gameweek is:  26
The gameweek has already been grabbed.
The current gameweek is:  26
The gameweek has already been grabbed.
The current gameweek is:  26
The gameweek has already been grabbed.
The current gameweek is:  26
The gameweek has already been grabbed.
The current gameweek is:  26
The gameweek has already been grabbed.
The current gameweek is:  26
The gameweek has already been grabbed.
The current gameweek is:  26
The gameweek has already been grabbed.
The current gameweek is:  26
The gameweek has already been grabbed.
The current gameweek is:  26
The gameweek has already been grabbed.
The current gameweek is:  26
The gameweek has already been grabbed.
The current gameweek is:  26
The gameweek has already been grabbed.
The current gameweek is:  26
The gameweek has already been grabbed.
The current gameweek is:  26
The gameweek has already been grabbed.
The current gameweek is:  26
The gameweek has already been grabbed.
The current gameweek is:  26
The gameweek has already been grabbed.
The current gameweek is:  26
The gameweek has already been grabbed.
The current gameweek is:  26
The gameweek has already been grabbed.
The current gameweek is:  26
The gameweek has already been grabbed.
The current gameweek is:  26
The gameweek has already been grabbed.
The current gameweek is:  26
The gameweek has already been grabbed.
The current gameweek is:  26
The gameweek has already been grabbed.
The current gameweek is:  26
The gameweek has already been grabbed.
The current gameweek is:  26
The gameweek has already been grabbed.
The current gameweek is:  26
The gameweek has already been grabbed.
The current gameweek is:  26
The gameweek has already been grabbed.
The current gameweek is:  26
The gameweek has already been grabbed.
The current gameweek is:  26
The gameweek has already been grabbed.
The current gameweek is:  26
The gameweek has already been grabbed.
The current gameweek is:  27
The current gameweek is:  27
The gameweek has already been grabbed.
The current gameweek is:  27
The gameweek has already been grabbed.
The current gameweek is:  27
The gameweek has already been grabbed.
The current gameweek is:  27
The gameweek has already been grabbed.
The current gameweek is:  27
The gameweek has already been grabbed.
The current gameweek is:  27
The gameweek has already been grabbed.
The current gameweek is:  27
The gameweek has already been grabbed.
The current gameweek is:  27
The gameweek has already been grabbed.
The current gameweek is:  27
The gameweek has already been grabbed.
The current gameweek is:  27
The gameweek has already been grabbed.
The current gameweek is:  27
The gameweek has already been grabbed.
The current gameweek is:  27
The gameweek has already been grabbed.
The current gameweek is:  27
The gameweek has already been grabbed.
The current gameweek is:  27
The gameweek has already been grabbed.
The current gameweek is:  27
The gameweek has already been grabbed.
The current gameweek is:  27
The gameweek has already been grabbed.
The current gameweek is:  27
The gameweek has already been grabbed.
The current gameweek is:  27
The gameweek has already been grabbed.
The current gameweek is:  27
The gameweek has already been grabbed.
The current gameweek is:  27
The gameweek has already been grabbed.
The current gameweek is:  27
The gameweek has already been grabbed.
The current gameweek is:  27
The gameweek has already been grabbed.
The current gameweek is:  27
The gameweek has already been grabbed.
The current gameweek is:  27
The gameweek has already been grabbed.
The current gameweek is:  27
The gameweek has already been grabbed.
The current gameweek is:  27
The gameweek has already been grabbed.
The current gameweek is:  27
The gameweek has already been grabbed.
The current gameweek is:  27
The gameweek has already been grabbed.
The current gameweek is:  27
The gameweek has already been grabbed.
The current gameweek is:  27
The gameweek has already been grabbed.
The current gameweek is:  27
The gameweek has already been grabbed.
The current gameweek is:  27
The gameweek has already been grabbed.
The current gameweek is:  27
The gameweek has already been grabbed.
The current gameweek is:  27
The gameweek has already been grabbed.
The current gameweek is:  27
The gameweek has already been grabbed.
The current gameweek is:  27
The gameweek has already been grabbed.
The current gameweek is:  27
The gameweek has already been grabbed.
The current gameweek is:  27
The gameweek has already been grabbed.
The current gameweek is:  27
The gameweek has already been grabbed.
The current gameweek is:  27
The gameweek has already been grabbed.
The current gameweek is:  27
The gameweek has already been grabbed.
The current gameweek is:  27
The gameweek has already been grabbed.
The current gameweek is:  27
The gameweek has already been grabbed.
The current gameweek is:  27
The gameweek has already been grabbed.
The current gameweek is:  27
The gameweek has already been grabbed.
The current gameweek is:  27
The gameweek has already been grabbed.
The current gameweek is:  27
The gameweek has already been grabbed.
The current gameweek is:  27
The gameweek has already been grabbed.
The current gameweek is:  27
The gameweek has already been grabbed.
The current gameweek is:  27
The gameweek has already been grabbed.
The current gameweek is:  27
The gameweek has already been grabbed.
The current gameweek is:  27
The gameweek has already been grabbed.
The current gameweek is:  27
The gameweek has already been grabbed.
The current gameweek is:  27
The gameweek has already been grabbed.
The current gameweek is:  27
The gameweek has already been grabbed.
The current gameweek is:  27
The gameweek has already been grabbed.
The current gameweek is:  27
The gameweek has already been grabbed.
The current gameweek is:  27
The gameweek has already been grabbed.
The current gameweek is:  27
The gameweek has already been grabbed.
The current gameweek is:  27
The gameweek has already been grabbed.
The current gameweek is:  27
The gameweek has already been grabbed.
The current gameweek is:  27
The gameweek has already been grabbed.
The current gameweek is:  27
The gameweek has already been grabbed.
The current gameweek is:  27
The gameweek has already been grabbed.
The current gameweek is:  27
The gameweek has already been grabbed.
The current gameweek is:  27
The gameweek has already been grabbed.
The current gameweek is:  27
The gameweek has already been grabbed.
The current gameweek is:  27
The gameweek has already been grabbed.
The current gameweek is:  27
The gameweek has already been grabbed.
The current gameweek is:  27
The gameweek has already been grabbed.
The current gameweek is:  28
The current gameweek is:  28
The gameweek has already been grabbed.
The current gameweek is:  28
The gameweek has already been grabbed.
The current gameweek is:  28
The gameweek has already been grabbed.
The current gameweek is:  28
The gameweek has already been grabbed.
The current gameweek is:  28
The gameweek has already been grabbed.
The current gameweek is:  28
The gameweek has already been grabbed.
The current gameweek is:  28
The gameweek has already been grabbed.
The current gameweek is:  28
The gameweek has already been grabbed.
The current gameweek is:  28
The gameweek has already been grabbed.
The current gameweek is:  28
The gameweek has already been grabbed.
The current gameweek is:  28
The gameweek has already been grabbed.
The current gameweek is:  28
The gameweek has already been grabbed.
The current gameweek is:  28
The gameweek has already been grabbed.
The current gameweek is:  28
The gameweek has already been grabbed.
The current gameweek is:  28
The gameweek has already been grabbed.
The current gameweek is:  28
The gameweek has already been grabbed.
The current gameweek is:  28
The gameweek has already been grabbed.
The current gameweek is:  28
The gameweek has already been grabbed.
The current gameweek is:  28
The gameweek has already been grabbed.
The current gameweek is:  28
The gameweek has already been grabbed.
The current gameweek is:  28
The gameweek has already been grabbed.
The current gameweek is:  28
The gameweek has already been grabbed.
The current gameweek is:  28
The gameweek has already been grabbed.
The current gameweek is:  28
The gameweek has already been grabbed.
The current gameweek is:  28
The gameweek has already been grabbed.
The current gameweek is:  28
The gameweek has already been grabbed.
The current gameweek is:  28
The gameweek has already been grabbed.
The current gameweek is:  28
The gameweek has already been grabbed.
The current gameweek is:  28
The gameweek has already been grabbed.
The current gameweek is:  28
The gameweek has already been grabbed.
The current gameweek is:  28
The gameweek has already been grabbed.
The current gameweek is:  28
The gameweek has already been grabbed.
The current gameweek is:  28
The gameweek has already been grabbed.
The current gameweek is:  28
The gameweek has already been grabbed.
The current gameweek is:  28
The gameweek has already been grabbed.
The current gameweek is:  28
The gameweek has already been grabbed.
The current gameweek is:  28
The gameweek has already been grabbed.
The current gameweek is:  28
The gameweek has already been grabbed.
The current gameweek is:  28
The gameweek has already been grabbed.
The current gameweek is:  28
The gameweek has already been grabbed.
The current gameweek is:  28
The gameweek has already been grabbed.
The current gameweek is:  28
The gameweek has already been grabbed.
The current gameweek is:  29
The current gameweek is:  29
The gameweek has already been grabbed.
The current gameweek is:  29
The gameweek has already been grabbed.
The current gameweek is:  29
The gameweek has already been grabbed.
The current gameweek is:  29
The gameweek has already been grabbed.
The current gameweek is:  29
The gameweek has already been grabbed.
The current gameweek is:  29
The gameweek has already been grabbed.
The current gameweek is:  29
The gameweek has already been grabbed.
The current gameweek is:  29
The gameweek has already been grabbed.
The current gameweek is:  29
The gameweek has already been grabbed.
The current gameweek is:  29
The gameweek has already been grabbed.
The current gameweek is:  29
The gameweek has already been grabbed.
The current gameweek is:  29
The gameweek has already been grabbed.
The current gameweek is:  29
The gameweek has already been grabbed.
The current gameweek is:  29
The gameweek has already been grabbed.
The current gameweek is:  29
The gameweek has already been grabbed.
The current gameweek is:  29
The gameweek has already been grabbed.
The current gameweek is:  29
The gameweek has already been grabbed.
The current gameweek is:  29
The gameweek has already been grabbed.
The current gameweek is:  29
The gameweek has already been grabbed.
The current gameweek is:  29
The gameweek has already been grabbed.
The current gameweek is:  29
The gameweek has already been grabbed.
The current gameweek is:  29
The gameweek has already been grabbed.
The current gameweek is:  29
The gameweek has already been grabbed.
The current gameweek is:  29
The gameweek has already been grabbed.
The current gameweek is:  29
The gameweek has already been grabbed.
The current gameweek is:  29
The gameweek has already been grabbed.
The current gameweek is:  29
The gameweek has already been grabbed.
The current gameweek is:  29
The gameweek has already been grabbed.
The current gameweek is:  29
The gameweek has already been grabbed.
The current gameweek is:  29
The gameweek has already been grabbed.
The current gameweek is:  29
The gameweek has already been grabbed.
The current gameweek is:  29
The gameweek has already been grabbed.
The current gameweek is:  29
The gameweek has already been grabbed.
The current gameweek is:  29
The gameweek has already been grabbed.
The current gameweek is:  29
The gameweek has already been grabbed.
The current gameweek is:  29
The gameweek has already been grabbed.
The current gameweek is:  29
The gameweek has already been grabbed.
The current gameweek is:  29
The gameweek has already been grabbed.
The current gameweek is:  29
The gameweek has already been grabbed.
The current gameweek is:  29
The gameweek has already been grabbed.
The current gameweek is:  29
The gameweek has already been grabbed.
The current gameweek is:  29
The gameweek has already been grabbed.
The current gameweek is:  29
The gameweek has already been grabbed.
The current gameweek is:  29
The gameweek has already been grabbed.
The current gameweek is:  29
The gameweek has already been grabbed.
The current gameweek is:  29
The gameweek has already been grabbed.
The current gameweek is:  29
The gameweek has already been grabbed.
The current gameweek is:  29
The gameweek has already been grabbed.
The current gameweek is:  29
The gameweek has already been grabbed.
The current gameweek is:  29
The gameweek has already been grabbed.
The current gameweek is:  29
The gameweek has already been grabbed.
The current gameweek is:  29
The gameweek has already been grabbed.
The current gameweek is:  29
The gameweek has already been grabbed.
The current gameweek is:  29
The gameweek has already been grabbed.
The current gameweek is:  29
The gameweek has already been grabbed.
The current gameweek is:  29
The gameweek has already been grabbed.
The current gameweek is:  29
The gameweek has already been grabbed.
The current gameweek is:  29
The gameweek has already been grabbed.
The current gameweek is:  29
The gameweek has already been grabbed.
The current gameweek is:  29
The gameweek has already been grabbed.
The current gameweek is:  29
The gameweek has already been grabbed.
The current gameweek is:  29
The gameweek has already been grabbed.
The current gameweek is:  29
The gameweek has already been grabbed.
The current gameweek is:  29
The gameweek has already been grabbed.
The current gameweek is:  29
The gameweek has already been grabbed.
The current gameweek is:  29
The gameweek has already been grabbed.
The current gameweek is:  29
The gameweek has already been grabbed.
The current gameweek is:  29
The gameweek has already been grabbed.
The current gameweek is:  29
The gameweek has already been grabbed.
The current gameweek is:  29
The gameweek has already been grabbed.
The current gameweek is:  29
The gameweek has already been grabbed.
The current gameweek is:  29
The gameweek has already been grabbed.
The current gameweek is:  29
The gameweek has already been grabbed.
The current gameweek is:  29
The gameweek has already been grabbed.
The current gameweek is:  29
The gameweek has already been grabbed.
The current gameweek is:  29
The gameweek has already been grabbed.
The current gameweek is:  29
The gameweek has already been grabbed.
The current gameweek is:  29
The gameweek has already been grabbed.
The current gameweek is:  29
The gameweek has already been grabbed.
The current gameweek is:  29
The gameweek has already been grabbed.
The current gameweek is:  29
The gameweek has already been grabbed.
The current gameweek is:  29
The gameweek has already been grabbed.
The current gameweek is:  29
The gameweek has already been grabbed.
The current gameweek is:  29
The gameweek has already been grabbed.
The current gameweek is:  29
The gameweek has already been grabbed.
The current gameweek is:  29
The gameweek has already been grabbed.
The current gameweek is:  29
The gameweek has already been grabbed.
The current gameweek is:  29
The gameweek has already been grabbed.
The current gameweek is:  29
The gameweek has already been grabbed.
The current gameweek is:  29
The gameweek has already been grabbed.
The current gameweek is:  29
The gameweek has already been grabbed.
The current gameweek is:  29
The gameweek has already been grabbed.
The current gameweek is:  29
The gameweek has already been grabbed.
The current gameweek is:  29
The gameweek has already been grabbed.
The current gameweek is:  29
The gameweek has already been grabbed.
The current gameweek is:  29
The gameweek has already been grabbed.
The current gameweek is:  29
The gameweek has already been grabbed.
The current gameweek is:  29
The gameweek has already been grabbed.
The current gameweek is:  29
The gameweek has already been grabbed.
The current gameweek is:  29
The gameweek has already been grabbed.
The current gameweek is:  29
The gameweek has already been grabbed.
The current gameweek is:  29
The gameweek has already been grabbed.
The current gameweek is:  29
The gameweek has already been grabbed.
The current gameweek is:  29
The gameweek has already been grabbed.
The current gameweek is:  29
The gameweek has already been grabbed.
The current gameweek is:  29
The gameweek has already been grabbed.
The current gameweek is:  29
The gameweek has already been grabbed.
The current gameweek is:  29
The gameweek has already been grabbed.
The current gameweek is:  29
The gameweek has already been grabbed.
The current gameweek is:  29
The gameweek has already been grabbed.
The current gameweek is:  29
The gameweek has already been grabbed.
The current gameweek is:  29
The gameweek has already been grabbed.
The current gameweek is:  29
The gameweek has already been grabbed.
The current gameweek is:  29
The gameweek has already been grabbed.
The current gameweek is:  29
The gameweek has already been grabbed.
The current gameweek is:  29
The gameweek has already been grabbed.
The current gameweek is:  29
The gameweek has already been grabbed.
The current gameweek is:  30
The current gameweek is:  30
The gameweek has already been grabbed.
The current gameweek is:  30
The gameweek has already been grabbed.
The current gameweek is:  30
The gameweek has already been grabbed.
The current gameweek is:  30
The gameweek has already been grabbed.
The current gameweek is:  30
The gameweek has already been grabbed.
The current gameweek is:  30
The gameweek has already been grabbed.
The current gameweek is:  30
The gameweek has already been grabbed.
The current gameweek is:  30
The gameweek has already been grabbed.
The current gameweek is:  30
The gameweek has already been grabbed.
The current gameweek is:  30
The gameweek has already been grabbed.
The current gameweek is:  30
The gameweek has already been grabbed.
The current gameweek is:  30
The gameweek has already been grabbed.
The current gameweek is:  30
The gameweek has already been grabbed.
The current gameweek is:  30
The gameweek has already been grabbed.
The current gameweek is:  30
The gameweek has already been grabbed.
The current gameweek is:  30
The gameweek has already been grabbed.
The current gameweek is:  30
The gameweek has already been grabbed.
The current gameweek is:  30
The gameweek has already been grabbed.
The current gameweek is:  30
The gameweek has already been grabbed.
The current gameweek is:  30
The gameweek has already been grabbed.
The current gameweek is:  30
The gameweek has already been grabbed.
The current gameweek is:  30
The gameweek has already been grabbed.
The current gameweek is:  30
The gameweek has already been grabbed.
The current gameweek is:  30
The gameweek has already been grabbed.
The current gameweek is:  30
The gameweek has already been grabbed.
The current gameweek is:  30
The gameweek has already been grabbed.
The current gameweek is:  30
The gameweek has already been grabbed.
The current gameweek is:  30
The gameweek has already been grabbed.
The current gameweek is:  30
The gameweek has already been grabbed.
The current gameweek is:  30
The gameweek has already been grabbed.
The current gameweek is:  30
The gameweek has already been grabbed.
The current gameweek is:  30
The gameweek has already been grabbed.
The current gameweek is:  30
The gameweek has already been grabbed.
The current gameweek is:  30
The gameweek has already been grabbed.
The current gameweek is:  30
The gameweek has already been grabbed.
The current gameweek is:  30
The gameweek has already been grabbed.
The current gameweek is:  30
The gameweek has already been grabbed.
The current gameweek is:  30
The gameweek has already been grabbed.
The current gameweek is:  30
The gameweek has already been grabbed.
The current gameweek is:  30
The gameweek has already been grabbed.
The current gameweek is:  30
The gameweek has already been grabbed.
The current gameweek is:  30
The gameweek has already been grabbed.
The current gameweek is:  30
The gameweek has already been grabbed.
The current gameweek is:  30
The gameweek has already been grabbed.
The current gameweek is:  30
The gameweek has already been grabbed.
The current gameweek is:  30
The gameweek has already been grabbed.
The current gameweek is:  30
The gameweek has already been grabbed.
The current gameweek is:  30
The gameweek has already been grabbed.
The current gameweek is:  30
The gameweek has already been grabbed.
The current gameweek is:  30
The gameweek has already been grabbed.
The current gameweek is:  30
The gameweek has already been grabbed.
The current gameweek is:  30
The gameweek has already been grabbed.
The current gameweek is:  30
The gameweek has already been grabbed.
The current gameweek is:  30
The gameweek has already been grabbed.
The current gameweek is:  30
The gameweek has already been grabbed.
The current gameweek is:  30
The gameweek has already been grabbed.
The current gameweek is:  30
The gameweek has already been grabbed.
The current gameweek is:  30
The gameweek has already been grabbed.
The current gameweek is:  30
The gameweek has already been grabbed.
The current gameweek is:  30
The gameweek has already been grabbed.
The current gameweek is:  30
The gameweek has already been grabbed.
The current gameweek is:  30
The gameweek has already been grabbed.
The current gameweek is:  30
The gameweek has already been grabbed.
The current gameweek is:  30
The gameweek has already been grabbed.
The current gameweek is:  30
The gameweek has already been grabbed.
The current gameweek is:  30
The gameweek has already been grabbed.
The current gameweek is:  30
The gameweek has already been grabbed.
The current gameweek is:  30
The gameweek has already been grabbed.
The current gameweek is:  30
The gameweek has already been grabbed.
The current gameweek is:  30
The gameweek has already been grabbed.
The current gameweek is:  31
The current gameweek is:  31
The gameweek has already been grabbed.
The current gameweek is:  31
The gameweek has already been grabbed.
The current gameweek is:  31
The gameweek has already been grabbed.
The current gameweek is:  31
The gameweek has already been grabbed.
The current gameweek is:  31
The gameweek has already been grabbed.
The current gameweek is:  31
The gameweek has already been grabbed.
The current gameweek is:  31
The gameweek has already been grabbed.
The current gameweek is:  31
The gameweek has already been grabbed.
The current gameweek is:  31
The gameweek has already been grabbed.
The current gameweek is:  31
The gameweek has already been grabbed.
The current gameweek is:  31
The gameweek has already been grabbed.
The current gameweek is:  31
The gameweek has already been grabbed.
The current gameweek is:  31
The gameweek has already been grabbed.
The current gameweek is:  31
The gameweek has already been grabbed.
The current gameweek is:  31
The gameweek has already been grabbed.
The current gameweek is:  31
The gameweek has already been grabbed.
The current gameweek is:  31
The gameweek has already been grabbed.
The current gameweek is:  31
The gameweek has already been grabbed.
The current gameweek is:  31
The gameweek has already been grabbed.
The current gameweek is:  31
The gameweek has already been grabbed.
The current gameweek is:  31
The gameweek has already been grabbed.
The current gameweek is:  31
The gameweek has already been grabbed.
The current gameweek is:  31
The gameweek has already been grabbed.
The current gameweek is:  31
The gameweek has already been grabbed.
The current gameweek is:  31
The gameweek has already been grabbed.
The current gameweek is:  31
The gameweek has already been grabbed.
The current gameweek is:  31
The gameweek has already been grabbed.
The current gameweek is:  31
The gameweek has already been grabbed.
The current gameweek is:  31
The gameweek has already been grabbed.
The current gameweek is:  31
The gameweek has already been grabbed.
The current gameweek is:  31
The gameweek has already been grabbed.
The current gameweek is:  31
The gameweek has already been grabbed.
The current gameweek is:  31
The gameweek has already been grabbed.
The current gameweek is:  31
The gameweek has already been grabbed.
The current gameweek is:  31
The gameweek has already been grabbed.
The current gameweek is:  31
The gameweek has already been grabbed.
The current gameweek is:  31
The gameweek has already been grabbed.
The current gameweek is:  31
The gameweek has already been grabbed.
The current gameweek is:  31
The gameweek has already been grabbed.
The current gameweek is:  31
The gameweek has already been grabbed.
The current gameweek is:  31
The gameweek has already been grabbed.
The current gameweek is:  31
The gameweek has already been grabbed.
The current gameweek is:  31
The gameweek has already been grabbed.
The current gameweek is:  31
The gameweek has already been grabbed.
The current gameweek is:  31
The gameweek has already been grabbed.
The current gameweek is:  31
The gameweek has already been grabbed.
The current gameweek is:  31
The gameweek has already been grabbed.
The current gameweek is:  31
The gameweek has already been grabbed.
The current gameweek is:  31
The gameweek has already been grabbed.
The current gameweek is:  31
The gameweek has already been grabbed.
The current gameweek is:  31
The gameweek has already been grabbed.
The current gameweek is:  31
The gameweek has already been grabbed.
The current gameweek is:  31
The gameweek has already been grabbed.
The current gameweek is:  31
The gameweek has already been grabbed.
The current gameweek is:  31
The gameweek has already been grabbed.
The current gameweek is:  31
The gameweek has already been grabbed.
The current gameweek is:  31
The gameweek has already been grabbed.
The current gameweek is:  31
The gameweek has already been grabbed.
The current gameweek is:  31
The gameweek has already been grabbed.
The current gameweek is:  31
The gameweek has already been grabbed.
The current gameweek is:  31
The gameweek has already been grabbed.
The current gameweek is:  31
The gameweek has already been grabbed.
The current gameweek is:  31
The gameweek has already been grabbed.
The current gameweek is:  31
The gameweek has already been grabbed.
The current gameweek is:  31
The gameweek has already been grabbed.
The current gameweek is:  31
The gameweek has already been grabbed.
The current gameweek is:  31
The gameweek has already been grabbed.
The current gameweek is:  31
The gameweek has already been grabbed.
The current gameweek is:  31
The gameweek has already been grabbed.
The current gameweek is:  31
The gameweek has already been grabbed.
The current gameweek is:  31
The gameweek has already been grabbed.
The current gameweek is:  31
The gameweek has already been grabbed.
The current gameweek is:  31
The gameweek has already been grabbed.
The current gameweek is:  31
The gameweek has already been grabbed.
The current gameweek is:  31
The gameweek has already been grabbed.
The current gameweek is:  31
The gameweek has already been grabbed.
The current gameweek is:  31
The gameweek has already been grabbed.
The current gameweek is:  31
The gameweek has already been grabbed.
The current gameweek is:  31
The gameweek has already been grabbed.
The current gameweek is:  31
The gameweek has already been grabbed.
The current gameweek is:  31
The gameweek has already been grabbed.
The current gameweek is:  31
The gameweek has already been grabbed.
The current gameweek is:  31
The gameweek has already been grabbed.
The current gameweek is:  31
The gameweek has already been grabbed.
The current gameweek is:  31
The gameweek has already been grabbed.
The current gameweek is:  31
The gameweek has already been grabbed.
The current gameweek is:  31
The gameweek has already been grabbed.
The current gameweek is:  31
The gameweek has already been grabbed.
The current gameweek is:  31
The gameweek has already been grabbed.
The current gameweek is:  31
The gameweek has already been grabbed.
The current gameweek is:  31
The gameweek has already been grabbed.
The current gameweek is:  31
The gameweek has already been grabbed.
The current gameweek is:  31
The gameweek has already been grabbed.
The current gameweek is:  31
The gameweek has already been grabbed.
The current gameweek is:  31
The gameweek has already been grabbed.
The current gameweek is:  31
The gameweek has already been grabbed.
The current gameweek is:  31
The gameweek has already been grabbed.
The current gameweek is:  31
The gameweek has already been grabbed.
The current gameweek is:  31
The gameweek has already been grabbed.
The current gameweek is:  31
The gameweek has already been grabbed.
The current gameweek is:  31
The gameweek has already been grabbed.
The current gameweek is:  31
The gameweek has already been grabbed.
The current gameweek is:  31
The gameweek has already been grabbed.
The current gameweek is:  31
The gameweek has already been grabbed.
The current gameweek is:  31
The gameweek has already been grabbed.
The current gameweek is:  31
The gameweek has already been grabbed.
The current gameweek is:  31
The gameweek has already been grabbed.
The current gameweek is:  31
The gameweek has already been grabbed.
The current gameweek is:  31
The gameweek has already been grabbed.
The current gameweek is:  31
The gameweek has already been grabbed.
The current gameweek is:  31
The gameweek has already been grabbed.
The current gameweek is:  31
The gameweek has already been grabbed.
The current gameweek is:  31
The gameweek has already been grabbed.
The current gameweek is:  31
The gameweek has already been grabbed.
The current gameweek is:  31
The gameweek has already been grabbed.
The current gameweek is:  31
The gameweek has already been grabbed.
The current gameweek is:  31
The gameweek has already been grabbed.
The current gameweek is:  31
The gameweek has already been grabbed.
The current gameweek is:  31
The gameweek has already been grabbed.
The current gameweek is:  31
The gameweek has already been grabbed.
The current gameweek is:  31
The gameweek has already been grabbed.
The current gameweek is:  31
The gameweek has already been grabbed.
The current gameweek is:  31
The gameweek has already been grabbed.
The current gameweek is:  31
The gameweek has already been grabbed.
The current gameweek is:  31
The gameweek has already been grabbed.
The current gameweek is:  31
The gameweek has already been grabbed.
The current gameweek is:  31
The gameweek has already been grabbed.
The current gameweek is:  31
The gameweek has already been grabbed.
The current gameweek is:  31
The gameweek has already been grabbed.
The current gameweek is:  31
The gameweek has already been grabbed.
The current gameweek is:  31
The gameweek has already been grabbed.
The current gameweek is:  31
The gameweek has already been grabbed.
The current gameweek is:  31
The gameweek has already been grabbed.
The current gameweek is:  31
The gameweek has already been grabbed.
The current gameweek is:  31
The gameweek has already been grabbed.
The current gameweek is:  31
The gameweek has already been grabbed.
The current gameweek is:  31
The gameweek has already been grabbed.
The current gameweek is:  31
The gameweek has already been grabbed.
The current gameweek is:  31
The gameweek has already been grabbed.
The current gameweek is:  31
The gameweek has already been grabbed.
The current gameweek is:  31
The gameweek has already been grabbed.
The current gameweek is:  31
The gameweek has already been grabbed.
The current gameweek is:  31
The gameweek has already been grabbed.
The current gameweek is:  31
The gameweek has already been grabbed.
The current gameweek is:  31
The gameweek has already been grabbed.
The current gameweek is:  31
The gameweek has already been grabbed.
The current gameweek is:  31
The gameweek has already been grabbed.
The current gameweek is:  31
The gameweek has already been grabbed.
The current gameweek is:  31
The gameweek has already been grabbed.
The current gameweek is:  31
The gameweek has already been grabbed.
The current gameweek is:  31
The gameweek has already been grabbed.
The current gameweek is:  31
The gameweek has already been grabbed.
The current gameweek is:  31
The gameweek has already been grabbed.
The current gameweek is:  31
The gameweek has already been grabbed.
The current gameweek is:  31
The gameweek has already been grabbed.
The current gameweek is:  31
The gameweek has already been grabbed.
The current gameweek is:  31
The gameweek has already been grabbed.
The current gameweek is:  31
The gameweek has already been grabbed.
The current gameweek is:  31
The gameweek has already been grabbed.
The current gameweek is:  31
The gameweek has already been grabbed.
The current gameweek is:  31
The gameweek has already been grabbed.
The current gameweek is:  31
The gameweek has already been grabbed.
The current gameweek is:  31
The gameweek has already been grabbed.
The current gameweek is:  31
The gameweek has already been grabbed.
The current gameweek is:  31
The gameweek has already been grabbed.
The current gameweek is:  31
The gameweek has already been grabbed.
The current gameweek is:  31
The gameweek has already been grabbed.
The current gameweek is:  31
The gameweek has already been grabbed.
The current gameweek is:  31
The gameweek has already been grabbed.
The current gameweek is:  31
The gameweek has already been grabbed.
The current gameweek is:  31
The gameweek has already been grabbed.
The current gameweek is:  31
The gameweek has already been grabbed.
The current gameweek is:  31
The gameweek has already been grabbed.
The current gameweek is:  31
The gameweek has already been grabbed.
The current gameweek is:  31
The gameweek has already been grabbed.
The current gameweek is:  31
The gameweek has already been grabbed.
The current gameweek is:  31
The gameweek has already been grabbed.
The current gameweek is:  31
The gameweek has already been grabbed.
The current gameweek is:  31
The gameweek has already been grabbed.
The current gameweek is:  31
The gameweek has already been grabbed.
The current gameweek is:  31
The gameweek has already been grabbed.
The current gameweek is:  31
The gameweek has already been grabbed.
The current gameweek is:  31
The gameweek has already been grabbed.
The current gameweek is:  31
The gameweek has already been grabbed.
The current gameweek is:  31
The gameweek has already been grabbed.
The current gameweek is:  31
The gameweek has already been grabbed.
The current gameweek is:  31
The gameweek has already been grabbed.
The current gameweek is:  31
The gameweek has already been grabbed.
The current gameweek is:  31
The gameweek has already been grabbed.
The current gameweek is:  31
The gameweek has already been grabbed.
The current gameweek is:  31
The gameweek has already been grabbed.
The current gameweek is:  31
The gameweek has already been grabbed.
The current gameweek is:  31
The gameweek has already been grabbed.
The current gameweek is:  31
The gameweek has already been grabbed.
The current gameweek is:  31
The gameweek has already been grabbed.
The current gameweek is:  31
The gameweek has already been grabbed.
The current gameweek is:  31
The gameweek has already been grabbed.
The current gameweek is:  31
The gameweek has already been grabbed.
The current gameweek is:  31
The gameweek has already been grabbed.
The current gameweek is:  31
The gameweek has already been grabbed.
The current gameweek is:  31
The gameweek has already been grabbed.
The current gameweek is:  31
The gameweek has already been grabbed.
The current gameweek is:  31
The gameweek has already been grabbed.
The current gameweek is:  31
The gameweek has already been grabbed.
The current gameweek is:  31
The gameweek has already been grabbed.
The current gameweek is:  31
The gameweek has already been grabbed.
The current gameweek is:  31
The gameweek has already been grabbed.
The current gameweek is:  31
The gameweek has already been grabbed.
The current gameweek is:  31
The gameweek has already been grabbed.
The current gameweek is:  31
The gameweek has already been grabbed.
The current gameweek is:  31
The gameweek has already been grabbed.
The current gameweek is:  31
The gameweek has already been grabbed.
The current gameweek is:  31
The gameweek has already been grabbed.
The current gameweek is:  31
The gameweek has already been grabbed.
The current gameweek is:  31
The gameweek has already been grabbed.
The current gameweek is:  31
The gameweek has already been grabbed.
The current gameweek is:  31
The gameweek has already been grabbed.
The current gameweek is:  31
The gameweek has already been grabbed.
The current gameweek is:  31
The gameweek has already been grabbed.
The current gameweek is:  31
The gameweek has already been grabbed.
The current gameweek is:  31
The gameweek has already been grabbed.
The current gameweek is:  31
The gameweek has already been grabbed.
The current gameweek is:  31
The gameweek has already been grabbed.
The current gameweek is:  31
The gameweek has already been grabbed.
The current gameweek is:  31
The gameweek has already been grabbed.
The current gameweek is:  31
The gameweek has already been grabbed.
The current gameweek is:  31
The gameweek has already been grabbed.
The current gameweek is:  31
The gameweek has already been grabbed.
The current gameweek is:  31
The gameweek has already been grabbed.
The current gameweek is:  32
The current gameweek is:  32
The gameweek has already been grabbed.
The current gameweek is:  32
The gameweek has already been grabbed.
The current gameweek is:  32
The gameweek has already been grabbed.
The current gameweek is:  32
The gameweek has already been grabbed.
The current gameweek is:  32
The gameweek has already been grabbed.
The current gameweek is:  32
The gameweek has already been grabbed.
The current gameweek is:  32
The gameweek has already been grabbed.
The current gameweek is:  32
The gameweek has already been grabbed.
The current gameweek is:  32
The gameweek has already been grabbed.
The current gameweek is:  32
The gameweek has already been grabbed.
The current gameweek is:  32
The gameweek has already been grabbed.
The current gameweek is:  32
The gameweek has already been grabbed.
The current gameweek is:  32
The gameweek has already been grabbed.
The current gameweek is:  32
The gameweek has already been grabbed.
The current gameweek is:  32
The gameweek has already been grabbed.
The current gameweek is:  32
The gameweek has already been grabbed.
The current gameweek is:  32
The gameweek has already been grabbed.
The current gameweek is:  32
The gameweek has already been grabbed.
The current gameweek is:  32
The gameweek has already been grabbed.
The current gameweek is:  32
The gameweek has already been grabbed.
The current gameweek is:  32
The gameweek has already been grabbed.
The current gameweek is:  32
The gameweek has already been grabbed.
The current gameweek is:  32
The gameweek has already been grabbed.
The current gameweek is:  32
The gameweek has already been grabbed.
The current gameweek is:  32
The gameweek has already been grabbed.
The current gameweek is:  32
The gameweek has already been grabbed.
The current gameweek is:  32
The gameweek has already been grabbed.
The current gameweek is:  32
The gameweek has already been grabbed.
The current gameweek is:  32
The gameweek has already been grabbed.
The current gameweek is:  32
The gameweek has already been grabbed.
The current gameweek is:  32
The gameweek has already been grabbed.
The current gameweek is:  32
The gameweek has already been grabbed.
The current gameweek is:  32
The gameweek has already been grabbed.
The current gameweek is:  32
The gameweek has already been grabbed.
The current gameweek is:  32
The gameweek has already been grabbed.
The current gameweek is:  32
The gameweek has already been grabbed.
The current gameweek is:  32
The gameweek has already been grabbed.
The current gameweek is:  32
The gameweek has already been grabbed.
The current gameweek is:  32
The gameweek has already been grabbed.
The current gameweek is:  32
The gameweek has already been grabbed.
The current gameweek is:  32
The gameweek has already been grabbed.
The current gameweek is:  32
The gameweek has already been grabbed.
The current gameweek is:  32
The gameweek has already been grabbed.
The current gameweek is:  32
The gameweek has already been grabbed.
The current gameweek is:  32
The gameweek has already been grabbed.
The current gameweek is:  32
The gameweek has already been grabbed.
The current gameweek is:  32
The gameweek has already been grabbed.
The current gameweek is:  32
The gameweek has already been grabbed.
The current gameweek is:  32
The gameweek has already been grabbed.
The current gameweek is:  32
The gameweek has already been grabbed.
The current gameweek is:  32
The gameweek has already been grabbed.
The current gameweek is:  32
The gameweek has already been grabbed.
The current gameweek is:  32
The gameweek has already been grabbed.
The current gameweek is:  32
The gameweek has already been grabbed.
The current gameweek is:  32
The gameweek has already been grabbed.
The current gameweek is:  32
The gameweek has already been grabbed.
The current gameweek is:  32
The gameweek has already been grabbed.
The current gameweek is:  32
The gameweek has already been grabbed.
The current gameweek is:  32
The gameweek has already been grabbed.
The current gameweek is:  32
The gameweek has already been grabbed.
The current gameweek is:  32
The gameweek has already been grabbed.
The current gameweek is:  32
The gameweek has already been grabbed.
The current gameweek is:  32
The gameweek has already been grabbed.
The current gameweek is:  32
The gameweek has already been grabbed.
The current gameweek is:  32
The gameweek has already been grabbed.
The current gameweek is:  32
The gameweek has already been grabbed.
The current gameweek is:  32
The gameweek has already been grabbed.
The current gameweek is:  32
The gameweek has already been grabbed.
The current gameweek is:  32
The gameweek has already been grabbed.
The current gameweek is:  32
The gameweek has already been grabbed.
The current gameweek is:  32
The gameweek has already been grabbed.
The current gameweek is:  32
The gameweek has already been grabbed.
The current gameweek is:  32
The gameweek has already been grabbed.
The current gameweek is:  32
The gameweek has already been grabbed.
The current gameweek is:  32
The gameweek has already been grabbed.
The current gameweek is:  32
The gameweek has already been grabbed.
The current gameweek is:  32
The gameweek has already been grabbed.
The current gameweek is:  32
The gameweek has already been grabbed.
The current gameweek is:  32
The gameweek has already been grabbed.
Traceback (most recent call last):
  File "/home/tars/Projects/fpl-oracle/data_v3.py", line 42, in <module>
    curr_gameweek = get_next_gameweek()-1 # returns the actual current gameweek. If it is about to be 25, returns 25
                    ^^^^^^^^^^^^^^^^^^^
  File "/home/tars/Projects/fpl-oracle/data_v3.py", line 33, in get_next_gameweek
    events = pd.DataFrame(data["events"])
                          ~~~~^^^^^^^^^^
TypeError: string indices must be integers, not 'str'
The current gameweek is:  33
The current gameweek is:  33
The gameweek has already been grabbed.
The current gameweek is:  33
The gameweek has already been grabbed.
The current gameweek is:  33
The gameweek has already been grabbed.
The current gameweek is:  33
The gameweek has already been grabbed.
The current gameweek is:  33
The gameweek has already been grabbed.
The current gameweek is:  33
The gameweek has already been grabbed.
The current gameweek is:  33
The gameweek has already been grabbed.
The current gameweek is:  33
The gameweek has already been grabbed.
The current gameweek is:  33
The gameweek has already been grabbed.
The current gameweek is:  33
The gameweek has already been grabbed.
The current gameweek is:  33
The gameweek has already been grabbed.
The current gameweek is:  33
The gameweek has already been grabbed.
The current gameweek is:  33
The gameweek has already been grabbed.
The current gameweek is:  33
The gameweek has already been grabbed.
The current gameweek is:  33
The gameweek has already been grabbed.
The current gameweek is:  33
The gameweek has already been grabbed.
The current gameweek is:  33
The gameweek has already been grabbed.
The current gameweek is:  33
The gameweek has already been grabbed.
The current gameweek is:  33
The gameweek has already been grabbed.
The current gameweek is:  33
The gameweek has already been grabbed.
The current gameweek is:  33
The gameweek has already been grabbed.
The current gameweek is:  33
The gameweek has already been grabbed.
The current gameweek is:  33
The gameweek has already been grabbed.
The current gameweek is:  33
The gameweek has already been grabbed.
The current gameweek is:  33
The gameweek has already been grabbed.
The current gameweek is:  33
The gameweek has already been grabbed.
The current gameweek is:  33
The gameweek has already been grabbed.
The current gameweek is:  33
The gameweek has already been grabbed.
The current gameweek is:  33
The gameweek has already been grabbed.
The current gameweek is:  33
The gameweek has already been grabbed.
The current gameweek is:  33
The gameweek has already been grabbed.
The current gameweek is:  33
The gameweek has already been grabbed.
The current gameweek is:  33
The gameweek has already been grabbed.
The current gameweek is:  33
The gameweek has already been grabbed.
The current gameweek is:  33
The gameweek has already been grabbed.
The current gameweek is:  33
The gameweek has already been grabbed.
The current gameweek is:  33
The gameweek has already been grabbed.
The current gameweek is:  33
The gameweek has already been grabbed.
The current gameweek is:  33
The gameweek has already been grabbed.
The current gameweek is:  33
The gameweek has already been grabbed.
The current gameweek is:  33
The gameweek has already been grabbed.
The current gameweek is:  33
The gameweek has already been grabbed.
The current gameweek is:  33
The gameweek has already been grabbed.
The current gameweek is:  33
The gameweek has already been grabbed.
The current gameweek is:  33
The gameweek has already been grabbed.
The current gameweek is:  33
The gameweek has already been grabbed.
The current gameweek is:  33
The gameweek has already been grabbed.
The current gameweek is:  33
The gameweek has already been grabbed.
The current gameweek is:  33
The gameweek has already been grabbed.
The current gameweek is:  33
The gameweek has already been grabbed.
The current gameweek is:  33
The gameweek has already been grabbed.
The current gameweek is:  33
The gameweek has already been grabbed.
The current gameweek is:  33
The gameweek has already been grabbed.
The current gameweek is:  33
The gameweek has already been grabbed.
The current gameweek is:  33
The gameweek has already been grabbed.
The current gameweek is:  33
The gameweek has already been grabbed.
The current gameweek is:  33
The gameweek has already been grabbed.
The current gameweek is:  33
The gameweek has already been grabbed.
The current gameweek is:  33
The gameweek has already been grabbed.
The current gameweek is:  33
The gameweek has already been grabbed.
The current gameweek is:  33
The gameweek has already been grabbed.
The current gameweek is:  33
The gameweek has already been grabbed.
The current gameweek is:  33
The gameweek has already been grabbed.
The current gameweek is:  33
The gameweek has already been grabbed.
The current gameweek is:  33
The gameweek has already been grabbed.
The current gameweek is:  33
The gameweek has already been grabbed.
The current gameweek is:  33
The gameweek has already been grabbed.
The current gameweek is:  33
The gameweek has already been grabbed.
The current gameweek is:  33
The gameweek has already been grabbed.
The current gameweek is:  33
The gameweek has already been grabbed.
The current gameweek is:  33
The gameweek has already been grabbed.
The current gameweek is:  33
The gameweek has already been grabbed.
The current gameweek is:  34
The current gameweek is:  34
The gameweek has already been grabbed.
The current gameweek is:  34
The gameweek has already been grabbed.
The current gameweek is:  34
The gameweek has already been grabbed.
The current gameweek is:  34
The gameweek has already been grabbed.
The current gameweek is:  34
The gameweek has already been grabbed.
The current gameweek is:  34
The gameweek has already been grabbed.
The current gameweek is:  34
The gameweek has already been grabbed.
The current gameweek is:  34
The gameweek has already been grabbed.
The current gameweek is:  34
The gameweek has already been grabbed.
The current gameweek is:  34
The gameweek has already been grabbed.
The current gameweek is:  34
The gameweek has already been grabbed.
The current gameweek is:  34
The gameweek has already been grabbed.
The current gameweek is:  34
The gameweek has already been grabbed.
The current gameweek is:  34
The gameweek has already been grabbed.
The current gameweek is:  34
The gameweek has already been grabbed.
The current gameweek is:  34
The gameweek has already been grabbed.
The current gameweek is:  34
The gameweek has already been grabbed.
The current gameweek is:  34
The gameweek has already been grabbed.
The current gameweek is:  34
The gameweek has already been grabbed.
The current gameweek is:  34
The gameweek has already been grabbed.
The current gameweek is:  34
The gameweek has already been grabbed.
The current gameweek is:  34
The gameweek has already been grabbed.
The current gameweek is:  34
The gameweek has already been grabbed.
The current gameweek is:  34
The gameweek has already been grabbed.
The current gameweek is:  34
The gameweek has already been grabbed.
The current gameweek is:  34
The gameweek has already been grabbed.
The current gameweek is:  34
The gameweek has already been grabbed.
The current gameweek is:  34
The gameweek has already been grabbed.
The current gameweek is:  34
The gameweek has already been grabbed.
The current gameweek is:  34
The gameweek has already been grabbed.
The current gameweek is:  34
The gameweek has already been grabbed.
The current gameweek is:  34
The gameweek has already been grabbed.
The current gameweek is:  34
The gameweek has already been grabbed.
The current gameweek is:  34
The gameweek has already been grabbed.
The current gameweek is:  34
The gameweek has already been grabbed.
The current gameweek is:  34
The gameweek has already been grabbed.
The current gameweek is:  34
The gameweek has already been grabbed.
The current gameweek is:  34
The gameweek has already been grabbed.
The current gameweek is:  34
The gameweek has already been grabbed.
The current gameweek is:  34
The gameweek has already been grabbed.
The current gameweek is:  34
The gameweek has already been grabbed.
The current gameweek is:  34
The gameweek has already been grabbed.
The current gameweek is:  34
The gameweek has already been grabbed.
The current gameweek is:  34
The gameweek has already been grabbed.
The current gameweek is:  34
The gameweek has already been grabbed.
The current gameweek is:  34
The gameweek has already been grabbed.
The current gameweek is:  34
The gameweek has already been grabbed.
The current gameweek is:  34
The gameweek has already been grabbed.
The current gameweek is:  34
The gameweek has already been grabbed.
The current gameweek is:  34
The gameweek has already been grabbed.
The current gameweek is:  34
The gameweek has already been grabbed.
The current gameweek is:  34
The gameweek has already been grabbed.
The current gameweek is:  34
The gameweek has already been grabbed.
The current gameweek is:  34
The gameweek has already been grabbed.
The current gameweek is:  34
The gameweek has already been grabbed.
The current gameweek is:  34
The gameweek has already been grabbed.
The current gameweek is:  34
The gameweek has already been grabbed.
The current gameweek is:  34
The gameweek has already been grabbed.
The current gameweek is:  34
The gameweek has already been grabbed.
The current gameweek is:  34
The gameweek has already been grabbed.
The current gameweek is:  34
The gameweek has already been grabbed.
The current gameweek is:  34
The gameweek has already been grabbed.
The current gameweek is:  34
The gameweek has already been grabbed.
The current gameweek is:  34
The gameweek has already been grabbed.
The current gameweek is:  34
The gameweek has already been grabbed.
The current gameweek is:  34
The gameweek has already been grabbed.
The current gameweek is:  34
The gameweek has already been grabbed.
The current gameweek is:  34
The gameweek has already been grabbed.
The current gameweek is:  34
The gameweek has already been grabbed.
The current gameweek is:  34
The gameweek has already been grabbed.
The current gameweek is:  34
The gameweek has already been grabbed.
The current gameweek is:  34
The gameweek has already been grabbed.
The current gameweek is:  34
The gameweek has already been grabbed.
The current gameweek is:  34
The gameweek has already been grabbed.
The current gameweek is:  34
The gameweek has already been grabbed.
The current gameweek is:  34
The gameweek has already been grabbed.
The current gameweek is:  35
The current gameweek is:  35
The gameweek has already been grabbed.
The current gameweek is:  35
The gameweek has already been grabbed.
The current gameweek is:  35
The gameweek has already been grabbed.
The current gameweek is:  35
The gameweek has already been grabbed.
The current gameweek is:  35
The gameweek has already been grabbed.
The current gameweek is:  35
The gameweek has already been grabbed.
The current gameweek is:  35
The gameweek has already been grabbed.
The current gameweek is:  35
The gameweek has already been grabbed.
The current gameweek is:  35
The gameweek has already been grabbed.
The current gameweek is:  35
The gameweek has already been grabbed.
The current gameweek is:  35
The gameweek has already been grabbed.
The current gameweek is:  35
The gameweek has already been grabbed.
The current gameweek is:  35
The gameweek has already been grabbed.
The current gameweek is:  35
The gameweek has already been grabbed.
The current gameweek is:  35
The gameweek has already been grabbed.
The current gameweek is:  35
The gameweek has already been grabbed.
The current gameweek is:  35
The gameweek has already been grabbed.
The current gameweek is:  35
The gameweek has already been grabbed.
The current gameweek is:  35
The gameweek has already been grabbed.
The current gameweek is:  35
The gameweek has already been grabbed.
The current gameweek is:  35
The gameweek has already been grabbed.
The current gameweek is:  35
The gameweek has already been grabbed.
The current gameweek is:  35
The gameweek has already been grabbed.
The current gameweek is:  35
The gameweek has already been grabbed.
The current gameweek is:  35
The gameweek has already been grabbed.
The current gameweek is:  35
The gameweek has already been grabbed.
The current gameweek is:  35
The gameweek has already been grabbed.
The current gameweek is:  35
The gameweek has already been grabbed.
The current gameweek is:  35
The gameweek has already been grabbed.
The current gameweek is:  35
The gameweek has already been grabbed.
The current gameweek is:  35
The gameweek has already been grabbed.
The current gameweek is:  35
The gameweek has already been grabbed.
The current gameweek is:  35
The gameweek has already been grabbed.
The current gameweek is:  35
The gameweek has already been grabbed.
The current gameweek is:  35
The gameweek has already been grabbed.
The current gameweek is:  35
The gameweek has already been grabbed.
The current gameweek is:  35
The gameweek has already been grabbed.
The current gameweek is:  35
The gameweek has already been grabbed.
The current gameweek is:  35
The gameweek has already been grabbed.
The current gameweek is:  35
The gameweek has already been grabbed.
The current gameweek is:  35
The gameweek has already been grabbed.
The current gameweek is:  35
The gameweek has already been grabbed.
The current gameweek is:  35
The gameweek has already been grabbed.
The current gameweek is:  35
The gameweek has already been grabbed.
The current gameweek is:  35
The gameweek has already been grabbed.
The current gameweek is:  35
The gameweek has already been grabbed.
The current gameweek is:  35
The gameweek has already been grabbed.
The current gameweek is:  35
The gameweek has already been grabbed.
The current gameweek is:  35
The gameweek has already been grabbed.
The current gameweek is:  35
The gameweek has already been grabbed.
The current gameweek is:  35
The gameweek has already been grabbed.
The current gameweek is:  35
The gameweek has already been grabbed.
The current gameweek is:  35
The gameweek has already been grabbed.
The current gameweek is:  35
The gameweek has already been grabbed.
The current gameweek is:  35
The gameweek has already been grabbed.
The current gameweek is:  35
The gameweek has already been grabbed.
The current gameweek is:  35
The gameweek has already been grabbed.
The current gameweek is:  35
The gameweek has already been grabbed.
The current gameweek is:  35
The gameweek has already been grabbed.
The current gameweek is:  35
The gameweek has already been grabbed.
The current gameweek is:  35
The gameweek has already been grabbed.
The current gameweek is:  35
The gameweek has already been grabbed.
The current gameweek is:  35
The gameweek has already been grabbed.
The current gameweek is:  35
The gameweek has already been grabbed.
The current gameweek is:  35
The gameweek has already been grabbed.
The current gameweek is:  35
The gameweek has already been grabbed.
The current gameweek is:  35
The gameweek has already been grabbed.
The current gameweek is:  35
The gameweek has already been grabbed.
The current gameweek is:  35
The gameweek has already been grabbed.
The current gameweek is:  35
The gameweek has already been grabbed.
The current gameweek is:  35
The gameweek has already been grabbed.
The current gameweek is:  35
The gameweek has already been grabbed.
The current gameweek is:  35
The gameweek has already been grabbed.
The current gameweek is:  35
The gameweek has already been grabbed.
The current gameweek is:  35
The gameweek has already been grabbed.
The current gameweek is:  35
The gameweek has already been grabbed.
The current gameweek is:  35
The gameweek has already been grabbed.
The current gameweek is:  35
The gameweek has already been grabbed.
The current gameweek is:  35
The gameweek has already been grabbed.
The current gameweek is:  36
The current gameweek is:  36
The gameweek has already been grabbed.
The current gameweek is:  36
The gameweek has already been grabbed.
The current gameweek is:  36
The gameweek has already been grabbed.
The current gameweek is:  36
The gameweek has already been grabbed.
The current gameweek is:  36
The gameweek has already been grabbed.
The current gameweek is:  36
The gameweek has already been grabbed.
The current gameweek is:  36
The gameweek has already been grabbed.
The current gameweek is:  36
The gameweek has already been grabbed.
The current gameweek is:  36
The gameweek has already been grabbed.
The current gameweek is:  36
The gameweek has already been grabbed.
The current gameweek is:  36
The gameweek has already been grabbed.
The current gameweek is:  36
The gameweek has already been grabbed.
The current gameweek is:  36
The gameweek has already been grabbed.
The current gameweek is:  36
The gameweek has already been grabbed.
The current gameweek is:  36
The gameweek has already been grabbed.
The current gameweek is:  36
The gameweek has already been grabbed.
The current gameweek is:  36
The gameweek has already been grabbed.
The current gameweek is:  36
The gameweek has already been grabbed.
The current gameweek is:  36
The gameweek has already been grabbed.
The current gameweek is:  36
The gameweek has already been grabbed.
The current gameweek is:  36
The gameweek has already been grabbed.
The current gameweek is:  36
The gameweek has already been grabbed.
The current gameweek is:  36
The gameweek has already been grabbed.
The current gameweek is:  36
The gameweek has already been grabbed.
The current gameweek is:  36
The gameweek has already been grabbed.
The current gameweek is:  36
The gameweek has already been grabbed.
The current gameweek is:  36
The gameweek has already been grabbed.
The current gameweek is:  36
The gameweek has already been grabbed.
The current gameweek is:  36
The gameweek has already been grabbed.
The current gameweek is:  36
The gameweek has already been grabbed.
The current gameweek is:  36
The gameweek has already been grabbed.
The current gameweek is:  36
The gameweek has already been grabbed.
The current gameweek is:  36
The gameweek has already been grabbed.
The current gameweek is:  36
The gameweek has already been grabbed.
The current gameweek is:  36
The gameweek has already been grabbed.
The current gameweek is:  36
The gameweek has already been grabbed.
The current gameweek is:  36
The gameweek has already been grabbed.
The current gameweek is:  36
The gameweek has already been grabbed.
The current gameweek is:  36
The gameweek has already been grabbed.
The current gameweek is:  36
The gameweek has already been grabbed.
The current gameweek is:  36
The gameweek has already been grabbed.
The current gameweek is:  36
The gameweek has already been grabbed.
The current gameweek is:  36
The gameweek has already been grabbed.
The current gameweek is:  36
The gameweek has already been grabbed.
The current gameweek is:  36
The gameweek has already been grabbed.
The current gameweek is:  36
The gameweek has already been grabbed.
The current gameweek is:  36
The gameweek has already been grabbed.
The current gameweek is:  36
The gameweek has already been grabbed.
The current gameweek is:  36
The gameweek has already been grabbed.
The current gameweek is:  36
The gameweek has already been grabbed.
The current gameweek is:  36
The gameweek has already been grabbed.
The current gameweek is:  36
The gameweek has already been grabbed.
The current gameweek is:  36
The gameweek has already been grabbed.
The current gameweek is:  36
The gameweek has already been grabbed.
The current gameweek is:  36
The gameweek has already been grabbed.
The current gameweek is:  36
The gameweek has already been grabbed.
The current gameweek is:  36
The gameweek has already been grabbed.
The current gameweek is:  36
The gameweek has already been grabbed.
The current gameweek is:  36
The gameweek has already been grabbed.
The current gameweek is:  36
The gameweek has already been grabbed.
The current gameweek is:  36
The gameweek has already been grabbed.
The current gameweek is:  36
The gameweek has already been grabbed.
The current gameweek is:  36
The gameweek has already been grabbed.
The current gameweek is:  36
The gameweek has already been grabbed.
The current gameweek is:  36
The gameweek has already been grabbed.
The current gameweek is:  36
The gameweek has already been grabbed.
The current gameweek is:  36
The gameweek has already been grabbed.
The current gameweek is:  36
The gameweek has already been grabbed.
The current gameweek is:  36
The gameweek has already been grabbed.
The current gameweek is:  36
The gameweek has already been grabbed.
The current gameweek is:  36
The gameweek has already been grabbed.
The current gameweek is:  36
The gameweek has already been grabbed.
The current gameweek is:  36
The gameweek has already been grabbed.
The current gameweek is:  37
The current gameweek is:  37
The gameweek has already been grabbed.
The current gameweek is:  37
The gameweek has already been grabbed.
The current gameweek is:  37
The gameweek has already been grabbed.
The current gameweek is:  37
The gameweek has already been grabbed.
The current gameweek is:  37
The gameweek has already been grabbed.
The current gameweek is:  37
The gameweek has already been grabbed.
The current gameweek is:  37
The gameweek has already been grabbed.
The current gameweek is:  37
The gameweek has already been grabbed.
The current gameweek is:  37
The gameweek has already been grabbed.
The current gameweek is:  37
The gameweek has already been grabbed.
The current gameweek is:  37
The gameweek has already been grabbed.
The current gameweek is:  37
The gameweek has already been grabbed.
The current gameweek is:  37
The gameweek has already been grabbed.
The current gameweek is:  37
The gameweek has already been grabbed.
The current gameweek is:  37
The gameweek has already been grabbed.
The current gameweek is:  37
The gameweek has already been grabbed.
The current gameweek is:  37
The gameweek has already been grabbed.
The current gameweek is:  37
The gameweek has already been grabbed.
The current gameweek is:  37
The gameweek has already been grabbed.
The current gameweek is:  37
The gameweek has already been grabbed.
The current gameweek is:  37
The gameweek has already been grabbed.
The current gameweek is:  37
The gameweek has already been grabbed.
The current gameweek is:  37
The gameweek has already been grabbed.
The current gameweek is:  37
The gameweek has already been grabbed.
The current gameweek is:  37
The gameweek has already been grabbed.
The current gameweek is:  37
The gameweek has already been grabbed.
The current gameweek is:  37
The gameweek has already been grabbed.
The current gameweek is:  37
The gameweek has already been grabbed.
The current gameweek is:  37
The gameweek has already been grabbed.
The current gameweek is:  37
The gameweek has already been grabbed.
The current gameweek is:  37
The gameweek has already been grabbed.
The current gameweek is:  37
The gameweek has already been grabbed.
The current gameweek is:  37
The gameweek has already been grabbed.
The current gameweek is:  37
The gameweek has already been grabbed.
The current gameweek is:  37
The gameweek has already been grabbed.
The current gameweek is:  37
The gameweek has already been grabbed.
The current gameweek is:  37
The gameweek has already been grabbed.
The current gameweek is:  37
The gameweek has already been grabbed.
The current gameweek is:  37
The gameweek has already been grabbed.
The current gameweek is:  37
The gameweek has already been grabbed.
The current gameweek is:  37
The gameweek has already been grabbed.
The current gameweek is:  37
The gameweek has already been grabbed.
The current gameweek is:  37
The gameweek has already been grabbed.
The current gameweek is:  37
The gameweek has already been grabbed.
The current gameweek is:  37
The gameweek has already been grabbed.
The current gameweek is:  37
The gameweek has already been grabbed.
The current gameweek is:  37
The gameweek has already been grabbed.
The current gameweek is:  37
The gameweek has already been grabbed.
The current gameweek is:  37
The gameweek has already been grabbed.
The current gameweek is:  37
The gameweek has already been grabbed.
The current gameweek is:  37
The gameweek has already been grabbed.
The current gameweek is:  37
The gameweek has already been grabbed.
The current gameweek is:  37
The gameweek has already been grabbed.
The current gameweek is:  37
The gameweek has already been grabbed.
The current gameweek is:  37
The gameweek has already been grabbed.
The current gameweek is:  37
The gameweek has already been grabbed.
The current gameweek is:  37
The gameweek has already been grabbed.
The current gameweek is:  37
The gameweek has already been grabbed.
The current gameweek is:  37
The gameweek has already been grabbed.
The current gameweek is:  37
The gameweek has already been grabbed.
The current gameweek is:  37
The gameweek has already been grabbed.
The current gameweek is:  37
The gameweek has already been grabbed.
The current gameweek is:  37
The gameweek has already been grabbed.
The current gameweek is:  37
The gameweek has already been grabbed.
The current gameweek is:  37
The gameweek has already been grabbed.
The current gameweek is:  37
The gameweek has already been grabbed.
The current gameweek is:  37
The gameweek has already been grabbed.
The current gameweek is:  37
The gameweek has already been grabbed.
The current gameweek is:  37
The gameweek has already been grabbed.
The current gameweek is:  37
The gameweek has already been grabbed.
The current gameweek is:  37
The gameweek has already been grabbed.
The current gameweek is:  37
The gameweek has already been grabbed.
The current gameweek is:  37
The gameweek has already been grabbed.
The current gameweek is:  37
The gameweek has already been grabbed.
The current gameweek is:  37
The gameweek has already been grabbed.
The current gameweek is:  37
The gameweek has already been grabbed.
The current gameweek is:  37
The gameweek has already been grabbed.
The current gameweek is:  37
The gameweek has already been grabbed.
The current gameweek is:  37
The gameweek has already been grabbed.
The current gameweek is:  37
The gameweek has already been grabbed.
The current gameweek is:  37
The gameweek has already been grabbed.
The current gameweek is:  37
The gameweek has already been grabbed.
The current gameweek is:  37
The gameweek has already been grabbed.
The current gameweek is:  37
The gameweek has already been grabbed.
The current gameweek is:  37
The gameweek has already been grabbed.
The current gameweek is:  37
The gameweek has already been grabbed.
The current gameweek is:  37
The gameweek has already been grabbed.
The current gameweek is:  37
The gameweek has already been grabbed.
The current gameweek is:  37
The gameweek has already been grabbed.
The current gameweek is:  37
The gameweek has already been grabbed.
The current gameweek is:  37
The gameweek has already been grabbed.
The current gameweek is:  37
The gameweek has already been grabbed.
The current gameweek is:  37
The gameweek has already been grabbed.
The current gameweek is:  37
The gameweek has already been grabbed.
Traceback (most recent call last):
  File "/home/tars/Projects/fpl-oracle/data_v3.py", line 42, in <module>
    curr_gameweek = get_next_gameweek()-1 # returns the actual current gameweek. If it is about to be 25, returns 25
                    ^^^^^^^^^^^^^^^^^^^
  File "/home/tars/Projects/fpl-oracle/data_v3.py", line 38, in get_next_gameweek
    raise ValueError("No upcoming gameweek found")
ValueError: No upcoming gameweek found
Traceback (most recent call last):
  File "/home/tars/Projects/fpl-oracle/data_v3.py", line 42, in <module>
    curr_gameweek = get_next_gameweek()-1 # returns the actual current gameweek. If it is about to be 25, returns 25
                    ^^^^^^^^^^^^^^^^^^^
  File "/home/tars/Projects/fpl-oracle/data_v3.py", line 38, in get_next_gameweek
    raise ValueError("No upcoming gameweek found")
ValueError: No upcoming gameweek found
Traceback (most recent call last):
  File "/home/tars/Projects/fpl-oracle/data_v3.py", line 42, in <module>
    curr_gameweek = get_next_gameweek()-1 # returns the actual current gameweek. If it is about to be 25, returns 25
                    ^^^^^^^^^^^^^^^^^^^
  File "/home/tars/Projects/fpl-oracle/data_v3.py", line 38, in get_next_gameweek
    raise ValueError("No upcoming gameweek found")
ValueError: No upcoming gameweek found
Traceback (most recent call last):
  File "/home/tars/Projects/fpl-oracle/data_v3.py", line 42, in <module>
    curr_gameweek = get_next_gameweek()-1 # returns the actual current gameweek. If it is about to be 25, returns 25
                    ^^^^^^^^^^^^^^^^^^^
  File "/home/tars/Projects/fpl-oracle/data_v3.py", line 38, in get_next_gameweek
    raise ValueError("No upcoming gameweek found")
ValueError: No upcoming gameweek found
Traceback (most recent call last):
  File "/home/tars/Projects/fpl-oracle/data_v3.py", line 42, in <module>
    curr_gameweek = get_next_gameweek()-1 # returns the actual current gameweek. If it is about to be 25, returns 25
                    ^^^^^^^^^^^^^^^^^^^
  File "/home/tars/Projects/fpl-oracle/data_v3.py", line 38, in get_next_gameweek
    raise ValueError("No upcoming gameweek found")
ValueError: No upcoming gameweek found
Traceback (most recent call last):
  File "/home/tars/Projects/fpl-oracle/data_v3.py", line 42, in <module>
    curr_gameweek = get_next_gameweek()-1 # returns the actual current gameweek. If it is about to be 25, returns 25
                    ^^^^^^^^^^^^^^^^^^^
  File "/home/tars/Projects/fpl-oracle/data_v3.py", line 38, in get_next_gameweek
    raise ValueError("No upcoming gameweek found")
ValueError: No upcoming gameweek found
Traceback (most recent call last):
  File "/home/tars/Projects/fpl-oracle/data_v3.py", line 42, in <module>
    curr_gameweek = get_next_gameweek()-1 # returns the actual current gameweek. If it is about to be 25, returns 25
                    ^^^^^^^^^^^^^^^^^^^
  File "/home/tars/Projects/fpl-oracle/data_v3.py", line 38, in get_next_gameweek
    raise ValueError("No upcoming gameweek found")
ValueError: No upcoming gameweek found
Traceback (most recent call last):
  File "/home/tars/Projects/fpl-oracle/data_v3.py", line 42, in <module>
    curr_gameweek = get_next_gameweek()-1 # returns the actual current gameweek. If it is about to be 25, returns 25
                    ^^^^^^^^^^^^^^^^^^^
  File "/home/tars/Projects/fpl-oracle/data_v3.py", line 38, in get_next_gameweek
    raise ValueError("No upcoming gameweek found")
ValueError: No upcoming gameweek found
Traceback (most recent call last):
  File "/home/tars/Projects/fpl-oracle/data_v3.py", line 42, in <module>
    curr_gameweek = get_next_gameweek()-1 # returns the actual current gameweek. If it is about to be 25, returns 25
                    ^^^^^^^^^^^^^^^^^^^
  File "/home/tars/Projects/fpl-oracle/data_v3.py", line 38, in get_next_gameweek
    raise ValueError("No upcoming gameweek found")
ValueError: No upcoming gameweek found
Traceback (most recent call last):
  File "/home/tars/Projects/fpl-oracle/data_v3.py", line 42, in <module>
    curr_gameweek = get_next_gameweek()-1 # returns the actual current gameweek. If it is about to be 25, returns 25
                    ^^^^^^^^^^^^^^^^^^^
  File "/home/tars/Projects/fpl-oracle/data_v3.py", line 38, in get_next_gameweek
    raise ValueError("No upcoming gameweek found")
ValueError: No upcoming gameweek found
Traceback (most recent call last):
  File "/home/tars/Projects/fpl-oracle/data_v3.py", line 42, in <module>
    curr_gameweek = get_next_gameweek()-1 # returns the actual current gameweek. If it is about to be 25, returns 25
                    ^^^^^^^^^^^^^^^^^^^
  File "/home/tars/Projects/fpl-oracle/data_v3.py", line 38, in get_next_gameweek
    raise ValueError("No upcoming gameweek found")
ValueError: No upcoming gameweek found
Traceback (most recent call last):
  File "/home/tars/Projects/fpl-oracle/data_v3.py", line 42, in <module>
    curr_gameweek = get_next_gameweek()-1 # returns the actual current gameweek. If it is about to be 25, returns 25
                    ^^^^^^^^^^^^^^^^^^^
  File "/home/tars/Projects/fpl-oracle/data_v3.py", line 38, in get_next_gameweek
    raise ValueError("No upcoming gameweek found")
ValueError: No upcoming gameweek found
Traceback (most recent call last):
  File "/home/tars/Projects/fpl-oracle/data_v3.py", line 42, in <module>
    curr_gameweek = get_next_gameweek()-1 # returns the actual current gameweek. If it is about to be 25, returns 25
                    ^^^^^^^^^^^^^^^^^^^
  File "/home/tars/Projects/fpl-oracle/data_v3.py", line 38, in get_next_gameweek
    raise ValueError("No upcoming gameweek found")
ValueError: No upcoming gameweek found
Traceback (most recent call last):
  File "/home/tars/Projects/fpl-oracle/data_v3.py", line 42, in <module>
    curr_gameweek = get_next_gameweek()-1 # returns the actual current gameweek. If it is about to be 25, returns 25
                    ^^^^^^^^^^^^^^^^^^^
  File "/home/tars/Projects/fpl-oracle/data_v3.py", line 38, in get_next_gameweek
    raise ValueError("No upcoming gameweek found")
ValueError: No upcoming gameweek found
Traceback (most recent call last):
  File "/home/tars/Projects/fpl-oracle/data_v3.py", line 42, in <module>
    curr_gameweek = get_next_gameweek()-1 # returns the actual current gameweek. If it is about to be 25, returns 25
                    ^^^^^^^^^^^^^^^^^^^
  File "/home/tars/Projects/fpl-oracle/data_v3.py", line 38, in get_next_gameweek
    raise ValueError("No upcoming gameweek found")
ValueError: No upcoming gameweek found
Traceback (most recent call last):
  File "/home/tars/Projects/fpl-oracle/data_v3.py", line 42, in <module>
    curr_gameweek = get_next_gameweek()-1 # returns the actual current gameweek. If it is about to be 25, returns 25
                    ^^^^^^^^^^^^^^^^^^^
  File "/home/tars/Projects/fpl-oracle/data_v3.py", line 38, in get_next_gameweek
    raise ValueError("No upcoming gameweek found")
ValueError: No upcoming gameweek found
Traceback (most recent call last):
  File "/home/tars/Projects/fpl-oracle/data_v3.py", line 42, in <module>
    curr_gameweek = get_next_gameweek()-1 # returns the actual current gameweek. If it is about to be 25, returns 25
                    ^^^^^^^^^^^^^^^^^^^
  File "/home/tars/Projects/fpl-oracle/data_v3.py", line 38, in get_next_gameweek
    raise ValueError("No upcoming gameweek found")
ValueError: No upcoming gameweek found
Traceback (most recent call last):
  File "/home/tars/Projects/fpl-oracle/data_v3.py", line 42, in <module>
    curr_gameweek = get_next_gameweek()-1 # returns the actual current gameweek. If it is about to be 25, returns 25
                    ^^^^^^^^^^^^^^^^^^^
  File "/home/tars/Projects/fpl-oracle/data_v3.py", line 38, in get_next_gameweek
    raise ValueError("No upcoming gameweek found")
ValueError: No upcoming gameweek found
Traceback (most recent call last):
  File "/home/tars/Projects/fpl-oracle/data_v3.py", line 42, in <module>
    curr_gameweek = get_next_gameweek()-1 # returns the actual current gameweek. If it is about to be 25, returns 25
                    ^^^^^^^^^^^^^^^^^^^
  File "/home/tars/Projects/fpl-oracle/data_v3.py", line 38, in get_next_gameweek
    raise ValueError("No upcoming gameweek found")
ValueError: No upcoming gameweek found
Traceback (most recent call last):
  File "/home/tars/Projects/fpl-oracle/data_v3.py", line 42, in <module>
    curr_gameweek = get_next_gameweek()-1 # returns the actual current gameweek. If it is about to be 25, returns 25
                    ^^^^^^^^^^^^^^^^^^^
  File "/home/tars/Projects/fpl-oracle/data_v3.py", line 38, in get_next_gameweek
    raise ValueError("No upcoming gameweek found")
ValueError: No upcoming gameweek found
Traceback (most recent call last):
  File "/home/tars/Projects/fpl-oracle/data_v3.py", line 42, in <module>
    curr_gameweek = get_next_gameweek()-1 # returns the actual current gameweek. If it is about to be 25, returns 25
                    ^^^^^^^^^^^^^^^^^^^
  File "/home/tars/Projects/fpl-oracle/data_v3.py", line 38, in get_next_gameweek
    raise ValueError("No upcoming gameweek found")
ValueError: No upcoming gameweek found
Traceback (most recent call last):
  File "/home/tars/Projects/fpl-oracle/data_v3.py", line 42, in <module>
    curr_gameweek = get_next_gameweek()-1 # returns the actual current gameweek. If it is about to be 25, returns 25
                    ^^^^^^^^^^^^^^^^^^^
  File "/home/tars/Projects/fpl-oracle/data_v3.py", line 38, in get_next_gameweek
    raise ValueError("No upcoming gameweek found")
ValueError: No upcoming gameweek found
Traceback (most recent call last):
  File "/home/tars/Projects/fpl-oracle/data_v3.py", line 42, in <module>
    curr_gameweek = get_next_gameweek()-1 # returns the actual current gameweek. If it is about to be 25, returns 25
                    ^^^^^^^^^^^^^^^^^^^
  File "/home/tars/Projects/fpl-oracle/data_v3.py", line 38, in get_next_gameweek
    raise ValueError("No upcoming gameweek found")
ValueError: No upcoming gameweek found
Traceback (most recent call last):
  File "/home/tars/Projects/fpl-oracle/data_v3.py", line 42, in <module>
    curr_gameweek = get_next_gameweek()-1 # returns the actual current gameweek. If it is about to be 25, returns 25
                    ^^^^^^^^^^^^^^^^^^^
  File "/home/tars/Projects/fpl-oracle/data_v3.py", line 38, in get_next_gameweek
    raise ValueError("No upcoming gameweek found")
ValueError: No upcoming gameweek found
Traceback (most recent call last):
  File "/home/tars/Projects/fpl-oracle/data_v3.py", line 42, in <module>
    curr_gameweek = get_next_gameweek()-1 # returns the actual current gameweek. If it is about to be 25, returns 25
                    ^^^^^^^^^^^^^^^^^^^
  File "/home/tars/Projects/fpl-oracle/data_v3.py", line 38, in get_next_gameweek
    raise ValueError("No upcoming gameweek found")
ValueError: No upcoming gameweek found
Traceback (most recent call last):
  File "/home/tars/Projects/fpl-oracle/data_v3.py", line 42, in <module>
    curr_gameweek = get_next_gameweek()-1 # returns the actual current gameweek. If it is about to be 25, returns 25
                    ^^^^^^^^^^^^^^^^^^^
  File "/home/tars/Projects/fpl-oracle/data_v3.py", line 38, in get_next_gameweek
    raise ValueError("No upcoming gameweek found")
ValueError: No upcoming gameweek found
Traceback (most recent call last):
  File "/home/tars/Projects/fpl-oracle/data_v3.py", line 42, in <module>
    curr_gameweek = get_next_gameweek()-1 # returns the actual current gameweek. If it is about to be 25, returns 25
                    ^^^^^^^^^^^^^^^^^^^
  File "/home/tars/Projects/fpl-oracle/data_v3.py", line 38, in get_next_gameweek
    raise ValueError("No upcoming gameweek found")
ValueError: No upcoming gameweek found
Traceback (most recent call last):
  File "/home/tars/Projects/fpl-oracle/data_v3.py", line 42, in <module>
    curr_gameweek = get_next_gameweek()-1 # returns the actual current gameweek. If it is about to be 25, returns 25
                    ^^^^^^^^^^^^^^^^^^^
  File "/home/tars/Projects/fpl-oracle/data_v3.py", line 38, in get_next_gameweek
    raise ValueError("No upcoming gameweek found")
ValueError: No upcoming gameweek found
Traceback (most recent call last):
  File "/home/tars/Projects/fpl-oracle/data_v3.py", line 42, in <module>
    curr_gameweek = get_next_gameweek()-1 # returns the actual current gameweek. If it is about to be 25, returns 25
                    ^^^^^^^^^^^^^^^^^^^
  File "/home/tars/Projects/fpl-oracle/data_v3.py", line 38, in get_next_gameweek
    raise ValueError("No upcoming gameweek found")
ValueError: No upcoming gameweek found
Traceback (most recent call last):
  File "/home/tars/Projects/fpl-oracle/data_v3.py", line 42, in <module>
    curr_gameweek = get_next_gameweek()-1 # returns the actual current gameweek. If it is about to be 25, returns 25
                    ^^^^^^^^^^^^^^^^^^^
  File "/home/tars/Projects/fpl-oracle/data_v3.py", line 38, in get_next_gameweek
    raise ValueError("No upcoming gameweek found")
ValueError: No upcoming gameweek found
Traceback (most recent call last):
  File "/home/tars/Projects/fpl-oracle/data_v3.py", line 42, in <module>
    curr_gameweek = get_next_gameweek()-1 # returns the actual current gameweek. If it is about to be 25, returns 25
                    ^^^^^^^^^^^^^^^^^^^
  File "/home/tars/Projects/fpl-oracle/data_v3.py", line 38, in get_next_gameweek
    raise ValueError("No upcoming gameweek found")
ValueError: No upcoming gameweek found
Traceback (most recent call last):
  File "/home/tars/Projects/fpl-oracle/data_v3.py", line 42, in <module>
    curr_gameweek = get_next_gameweek()-1 # returns the actual current gameweek. If it is about to be 25, returns 25
                    ^^^^^^^^^^^^^^^^^^^
  File "/home/tars/Projects/fpl-oracle/data_v3.py", line 38, in get_next_gameweek
    raise ValueError("No upcoming gameweek found")
ValueError: No upcoming gameweek found
Traceback (most recent call last):
  File "/home/tars/Projects/fpl-oracle/data_v3.py", line 42, in <module>
    curr_gameweek = get_next_gameweek()-1 # returns the actual current gameweek. If it is about to be 25, returns 25
                    ^^^^^^^^^^^^^^^^^^^
  File "/home/tars/Projects/fpl-oracle/data_v3.py", line 38, in get_next_gameweek
    raise ValueError("No upcoming gameweek found")
ValueError: No upcoming gameweek found
Traceback (most recent call last):
  File "/home/tars/Projects/fpl-oracle/data_v3.py", line 42, in <module>
    curr_gameweek = get_next_gameweek()-1 # returns the actual current gameweek. If it is about to be 25, returns 25
                    ^^^^^^^^^^^^^^^^^^^
  File "/home/tars/Projects/fpl-oracle/data_v3.py", line 38, in get_next_gameweek
    raise ValueError("No upcoming gameweek found")
ValueError: No upcoming gameweek found
Traceback (most recent call last):
  File "/home/tars/Projects/fpl-oracle/data_v3.py", line 42, in <module>
    curr_gameweek = get_next_gameweek()-1 # returns the actual current gameweek. If it is about to be 25, returns 25
                    ^^^^^^^^^^^^^^^^^^^
  File "/home/tars/Projects/fpl-oracle/data_v3.py", line 38, in get_next_gameweek
    raise ValueError("No upcoming gameweek found")
ValueError: No upcoming gameweek found
Traceback (most recent call last):
  File "/home/tars/Projects/fpl-oracle/data_v3.py", line 42, in <module>
    curr_gameweek = get_next_gameweek()-1 # returns the actual current gameweek. If it is about to be 25, returns 25
                    ^^^^^^^^^^^^^^^^^^^
  File "/home/tars/Projects/fpl-oracle/data_v3.py", line 38, in get_next_gameweek
    raise ValueError("No upcoming gameweek found")
ValueError: No upcoming gameweek found
Traceback (most recent call last):
  File "/home/tars/Projects/fpl-oracle/data_v3.py", line 42, in <module>
    curr_gameweek = get_next_gameweek()-1 # returns the actual current gameweek. If it is about to be 25, returns 25
                    ^^^^^^^^^^^^^^^^^^^
  File "/home/tars/Projects/fpl-oracle/data_v3.py", line 38, in get_next_gameweek
    raise ValueError("No upcoming gameweek found")
ValueError: No upcoming gameweek found
Traceback (most recent call last):
  File "/home/tars/Projects/fpl-oracle/data_v3.py", line 42, in <module>
    curr_gameweek = get_next_gameweek()-1 # returns the actual current gameweek. If it is about to be 25, returns 25
                    ^^^^^^^^^^^^^^^^^^^
  File "/home/tars/Projects/fpl-oracle/data_v3.py", line 38, in get_next_gameweek
    raise ValueError("No upcoming gameweek found")
ValueError: No upcoming gameweek found
Traceback (most recent call last):
  File "/home/tars/Projects/fpl-oracle/data_v3.py", line 42, in <module>
    curr_gameweek = get_next_gameweek()-1 # returns the actual current gameweek. If it is about to be 25, returns 25
                    ^^^^^^^^^^^^^^^^^^^
  File "/home/tars/Projects/fpl-oracle/data_v3.py", line 38, in get_next_gameweek
    raise ValueError("No upcoming gameweek found")
ValueError: No upcoming gameweek found
Traceback (most recent call last):
  File "/home/tars/Projects/fpl-oracle/data_v3.py", line 42, in <module>
    curr_gameweek = get_next_gameweek()-1 # returns the actual current gameweek. If it is about to be 25, returns 25
                    ^^^^^^^^^^^^^^^^^^^
  File "/home/tars/Projects/fpl-oracle/data_v3.py", line 38, in get_next_gameweek
    raise ValueError("No upcoming gameweek found")
ValueError: No upcoming gameweek found
Traceback (most recent call last):
  File "/home/tars/Projects/fpl-oracle/data_v3.py", line 42, in <module>
    curr_gameweek = get_next_gameweek()-1 # returns the actual current gameweek. If it is about to be 25, returns 25
                    ^^^^^^^^^^^^^^^^^^^
  File "/home/tars/Projects/fpl-oracle/data_v3.py", line 38, in get_next_gameweek
    raise ValueError("No upcoming gameweek found")
ValueError: No upcoming gameweek found
Traceback (most recent call last):
  File "/home/tars/Projects/fpl-oracle/data_v3.py", line 42, in <module>
    curr_gameweek = get_next_gameweek()-1 # returns the actual current gameweek. If it is about to be 25, returns 25
                    ^^^^^^^^^^^^^^^^^^^
  File "/home/tars/Projects/fpl-oracle/data_v3.py", line 38, in get_next_gameweek
    raise ValueError("No upcoming gameweek found")
ValueError: No upcoming gameweek found
Traceback (most recent call last):
  File "/home/tars/Projects/fpl-oracle/data_v3.py", line 42, in <module>
    curr_gameweek = get_next_gameweek()-1 # returns the actual current gameweek. If it is about to be 25, returns 25
                    ^^^^^^^^^^^^^^^^^^^
  File "/home/tars/Projects/fpl-oracle/data_v3.py", line 38, in get_next_gameweek
    raise ValueError("No upcoming gameweek found")
ValueError: No upcoming gameweek found
Traceback (most recent call last):
  File "/home/tars/Projects/fpl-oracle/data_v3.py", line 42, in <module>
    curr_gameweek = get_next_gameweek()-1 # returns the actual current gameweek. If it is about to be 25, returns 25
                    ^^^^^^^^^^^^^^^^^^^
  File "/home/tars/Projects/fpl-oracle/data_v3.py", line 38, in get_next_gameweek
    raise ValueError("No upcoming gameweek found")
ValueError: No upcoming gameweek found
Traceback (most recent call last):
  File "/home/tars/Projects/fpl-oracle/data_v3.py", line 42, in <module>
    curr_gameweek = get_next_gameweek()-1 # returns the actual current gameweek. If it is about to be 25, returns 25
                    ^^^^^^^^^^^^^^^^^^^
  File "/home/tars/Projects/fpl-oracle/data_v3.py", line 38, in get_next_gameweek
    raise ValueError("No upcoming gameweek found")
ValueError: No upcoming gameweek found
Traceback (most recent call last):
  File "/home/tars/Projects/fpl-oracle/data_v3.py", line 42, in <module>
    curr_gameweek = get_next_gameweek()-1 # returns the actual current gameweek. If it is about to be 25, returns 25
                    ^^^^^^^^^^^^^^^^^^^
  File "/home/tars/Projects/fpl-oracle/data_v3.py", line 38, in get_next_gameweek
    raise ValueError("No upcoming gameweek found")
ValueError: No upcoming gameweek found
Traceback (most recent call last):
  File "/home/tars/Projects/fpl-oracle/data_v3.py", line 42, in <module>
    curr_gameweek = get_next_gameweek()-1 # returns the actual current gameweek. If it is about to be 25, returns 25
                    ^^^^^^^^^^^^^^^^^^^
  File "/home/tars/Projects/fpl-oracle/data_v3.py", line 38, in get_next_gameweek
    raise ValueError("No upcoming gameweek found")
ValueError: No upcoming gameweek found
Traceback (most recent call last):
  File "/home/tars/Projects/fpl-oracle/data_v3.py", line 42, in <module>
    curr_gameweek = get_next_gameweek()-1 # returns the actual current gameweek. If it is about to be 25, returns 25
                    ^^^^^^^^^^^^^^^^^^^
  File "/home/tars/Projects/fpl-oracle/data_v3.py", line 38, in get_next_gameweek
    raise ValueError("No upcoming gameweek found")
ValueError: No upcoming gameweek found
Traceback (most recent call last):
  File "/home/tars/Projects/fpl-oracle/data_v3.py", line 42, in <module>
    curr_gameweek = get_next_gameweek()-1 # returns the actual current gameweek. If it is about to be 25, returns 25
                    ^^^^^^^^^^^^^^^^^^^
  File "/home/tars/Projects/fpl-oracle/data_v3.py", line 38, in get_next_gameweek
    raise ValueError("No upcoming gameweek found")
ValueError: No upcoming gameweek found
Traceback (most recent call last):
  File "/home/tars/Projects/fpl-oracle/data_v3.py", line 42, in <module>
    curr_gameweek = get_next_gameweek()-1 # returns the actual current gameweek. If it is about to be 25, returns 25
                    ^^^^^^^^^^^^^^^^^^^
  File "/home/tars/Projects/fpl-oracle/data_v3.py", line 38, in get_next_gameweek
    raise ValueError("No upcoming gameweek found")
ValueError: No upcoming gameweek found
Traceback (most recent call last):
  File "/home/tars/Projects/fpl-oracle/data_v3.py", line 42, in <module>
    curr_gameweek = get_next_gameweek()-1 # returns the actual current gameweek. If it is about to be 25, returns 25
                    ^^^^^^^^^^^^^^^^^^^
  File "/home/tars/Projects/fpl-oracle/data_v3.py", line 38, in get_next_gameweek
    raise ValueError("No upcoming gameweek found")
ValueError: No upcoming gameweek found
Traceback (most recent call last):
  File "/home/tars/Projects/fpl-oracle/data_v3.py", line 42, in <module>
    curr_gameweek = get_next_gameweek()-1 # returns the actual current gameweek. If it is about to be 25, returns 25
                    ^^^^^^^^^^^^^^^^^^^
  File "/home/tars/Projects/fpl-oracle/data_v3.py", line 38, in get_next_gameweek
    raise ValueError("No upcoming gameweek found")
ValueError: No upcoming gameweek found
Traceback (most recent call last):
  File "/home/tars/Projects/fpl-oracle/data_v3.py", line 42, in <module>
    curr_gameweek = get_next_gameweek()-1 # returns the actual current gameweek. If it is about to be 25, returns 25
                    ^^^^^^^^^^^^^^^^^^^
  File "/home/tars/Projects/fpl-oracle/data_v3.py", line 38, in get_next_gameweek
    raise ValueError("No upcoming gameweek found")
ValueError: No upcoming gameweek found
Traceback (most recent call last):
  File "/home/tars/Projects/fpl-oracle/data_v3.py", line 42, in <module>
    curr_gameweek = get_next_gameweek()-1 # returns the actual current gameweek. If it is about to be 25, returns 25
                    ^^^^^^^^^^^^^^^^^^^
  File "/home/tars/Projects/fpl-oracle/data_v3.py", line 38, in get_next_gameweek
    raise ValueError("No upcoming gameweek found")
ValueError: No upcoming gameweek found
Traceback (most recent call last):
  File "/home/tars/Projects/fpl-oracle/data_v3.py", line 42, in <module>
    curr_gameweek = get_next_gameweek()-1 # returns the actual current gameweek. If it is about to be 25, returns 25
                    ^^^^^^^^^^^^^^^^^^^
  File "/home/tars/Projects/fpl-oracle/data_v3.py", line 38, in get_next_gameweek
    raise ValueError("No upcoming gameweek found")
ValueError: No upcoming gameweek found
Traceback (most recent call last):
  File "/home/tars/Projects/fpl-oracle/data_v3.py", line 42, in <module>
    curr_gameweek = get_next_gameweek()-1 # returns the actual current gameweek. If it is about to be 25, returns 25
                    ^^^^^^^^^^^^^^^^^^^
  File "/home/tars/Projects/fpl-oracle/data_v3.py", line 38, in get_next_gameweek
    raise ValueError("No upcoming gameweek found")
ValueError: No upcoming gameweek found
Traceback (most recent call last):
  File "/home/tars/Projects/fpl-oracle/data_v3.py", line 42, in <module>
    curr_gameweek = get_next_gameweek()-1 # returns the actual current gameweek. If it is about to be 25, returns 25
                    ^^^^^^^^^^^^^^^^^^^
  File "/home/tars/Projects/fpl-oracle/data_v3.py", line 38, in get_next_gameweek
    raise ValueError("No upcoming gameweek found")
ValueError: No upcoming gameweek found
Traceback (most recent call last):
  File "/home/tars/Projects/fpl-oracle/data_v3.py", line 42, in <module>
    curr_gameweek = get_next_gameweek()-1 # returns the actual current gameweek. If it is about to be 25, returns 25
                    ^^^^^^^^^^^^^^^^^^^
  File "/home/tars/Projects/fpl-oracle/data_v3.py", line 38, in get_next_gameweek
    raise ValueError("No upcoming gameweek found")
ValueError: No upcoming gameweek found
Traceback (most recent call last):
  File "/home/tars/Projects/fpl-oracle/data_v3.py", line 42, in <module>
    curr_gameweek = get_next_gameweek()-1 # returns the actual current gameweek. If it is about to be 25, returns 25
                    ^^^^^^^^^^^^^^^^^^^
  File "/home/tars/Projects/fpl-oracle/data_v3.py", line 38, in get_next_gameweek
    raise ValueError("No upcoming gameweek found")
ValueError: No upcoming gameweek found
Traceback (most recent call last):
  File "/home/tars/Projects/fpl-oracle/data_v3.py", line 42, in <module>
    curr_gameweek = get_next_gameweek()-1 # returns the actual current gameweek. If it is about to be 25, returns 25
                    ^^^^^^^^^^^^^^^^^^^
  File "/home/tars/Projects/fpl-oracle/data_v3.py", line 38, in get_next_gameweek
    raise ValueError("No upcoming gameweek found")
ValueError: No upcoming gameweek found
Traceback (most recent call last):
  File "/home/tars/Projects/fpl-oracle/data_v3.py", line 42, in <module>
    curr_gameweek = get_next_gameweek()-1 # returns the actual current gameweek. If it is about to be 25, returns 25
                    ^^^^^^^^^^^^^^^^^^^
  File "/home/tars/Projects/fpl-oracle/data_v3.py", line 38, in get_next_gameweek
    raise ValueError("No upcoming gameweek found")
ValueError: No upcoming gameweek found
Traceback (most recent call last):
  File "/home/tars/Projects/fpl-oracle/data_v3.py", line 42, in <module>
    curr_gameweek = get_next_gameweek()-1 # returns the actual current gameweek. If it is about to be 25, returns 25
                    ^^^^^^^^^^^^^^^^^^^
  File "/home/tars/Projects/fpl-oracle/data_v3.py", line 38, in get_next_gameweek
    raise ValueError("No upcoming gameweek found")
ValueError: No upcoming gameweek found
Traceback (most recent call last):
  File "/home/tars/Projects/fpl-oracle/data_v3.py", line 42, in <module>
    curr_gameweek = get_next_gameweek()-1 # returns the actual current gameweek. If it is about to be 25, returns 25
                    ^^^^^^^^^^^^^^^^^^^
  File "/home/tars/Projects/fpl-oracle/data_v3.py", line 38, in get_next_gameweek
    raise ValueError("No upcoming gameweek found")
ValueError: No upcoming gameweek found
Traceback (most recent call last):
  File "/home/tars/Projects/fpl-oracle/data_v3.py", line 42, in <module>
    curr_gameweek = get_next_gameweek()-1 # returns the actual current gameweek. If it is about to be 25, returns 25
                    ^^^^^^^^^^^^^^^^^^^
  File "/home/tars/Projects/fpl-oracle/data_v3.py", line 38, in get_next_gameweek
    raise ValueError("No upcoming gameweek found")
ValueError: No upcoming gameweek found
Traceback (most recent call last):
  File "/home/tars/Projects/fpl-oracle/data_v3.py", line 42, in <module>
    curr_gameweek = get_next_gameweek()-1 # returns the actual current gameweek. If it is about to be 25, returns 25
                    ^^^^^^^^^^^^^^^^^^^
  File "/home/tars/Projects/fpl-oracle/data_v3.py", line 38, in get_next_gameweek
    raise ValueError("No upcoming gameweek found")
ValueError: No upcoming gameweek found
Traceback (most recent call last):
  File "/home/tars/Projects/fpl-oracle/data_v3.py", line 42, in <module>
    curr_gameweek = get_next_gameweek()-1 # returns the actual current gameweek. If it is about to be 25, returns 25
                    ^^^^^^^^^^^^^^^^^^^
  File "/home/tars/Projects/fpl-oracle/data_v3.py", line 38, in get_next_gameweek
    raise ValueError("No upcoming gameweek found")
ValueError: No upcoming gameweek found
Traceback (most recent call last):
  File "/home/tars/Projects/fpl-oracle/data_v3.py", line 42, in <module>
    curr_gameweek = get_next_gameweek()-1 # returns the actual current gameweek. If it is about to be 25, returns 25
                    ^^^^^^^^^^^^^^^^^^^
  File "/home/tars/Projects/fpl-oracle/data_v3.py", line 38, in get_next_gameweek
    raise ValueError("No upcoming gameweek found")
ValueError: No upcoming gameweek found
Traceback (most recent call last):
  File "/home/tars/Projects/fpl-oracle/data_v3.py", line 42, in <module>
    curr_gameweek = get_next_gameweek()-1 # returns the actual current gameweek. If it is about to be 25, returns 25
                    ^^^^^^^^^^^^^^^^^^^
  File "/home/tars/Projects/fpl-oracle/data_v3.py", line 38, in get_next_gameweek
    raise ValueError("No upcoming gameweek found")
ValueError: No upcoming gameweek found
Traceback (most recent call last):
  File "/home/tars/Projects/fpl-oracle/data_v3.py", line 42, in <module>
    curr_gameweek = get_next_gameweek()-1 # returns the actual current gameweek. If it is about to be 25, returns 25
                    ^^^^^^^^^^^^^^^^^^^
  File "/home/tars/Projects/fpl-oracle/data_v3.py", line 38, in get_next_gameweek
    raise ValueError("No upcoming gameweek found")
ValueError: No upcoming gameweek found
Traceback (most recent call last):
  File "/home/tars/Projects/fpl-oracle/data_v3.py", line 42, in <module>
    curr_gameweek = get_next_gameweek()-1 # returns the actual current gameweek. If it is about to be 25, returns 25
                    ^^^^^^^^^^^^^^^^^^^
  File "/home/tars/Projects/fpl-oracle/data_v3.py", line 38, in get_next_gameweek
    raise ValueError("No upcoming gameweek found")
ValueError: No upcoming gameweek found
Traceback (most recent call last):
  File "/home/tars/Projects/fpl-oracle/data_v3.py", line 42, in <module>
    curr_gameweek = get_next_gameweek()-1 # returns the actual current gameweek. If it is about to be 25, returns 25
                    ^^^^^^^^^^^^^^^^^^^
  File "/home/tars/Projects/fpl-oracle/data_v3.py", line 38, in get_next_gameweek
    raise ValueError("No upcoming gameweek found")
ValueError: No upcoming gameweek found
Traceback (most recent call last):
  File "/home/tars/Projects/fpl-oracle/data_v3.py", line 42, in <module>
    curr_gameweek = get_next_gameweek()-1 # returns the actual current gameweek. If it is about to be 25, returns 25
                    ^^^^^^^^^^^^^^^^^^^
  File "/home/tars/Projects/fpl-oracle/data_v3.py", line 38, in get_next_gameweek
    raise ValueError("No upcoming gameweek found")
ValueError: No upcoming gameweek found
Traceback (most recent call last):
  File "/home/tars/Projects/fpl-oracle/data_v3.py", line 42, in <module>
    curr_gameweek = get_next_gameweek()-1 # returns the actual current gameweek. If it is about to be 25, returns 25
                    ^^^^^^^^^^^^^^^^^^^
  File "/home/tars/Projects/fpl-oracle/data_v3.py", line 38, in get_next_gameweek
    raise ValueError("No upcoming gameweek found")
ValueError: No upcoming gameweek found
Traceback (most recent call last):
  File "/home/tars/Projects/fpl-oracle/data_v3.py", line 42, in <module>
    curr_gameweek = get_next_gameweek()-1 # returns the actual current gameweek. If it is about to be 25, returns 25
                    ^^^^^^^^^^^^^^^^^^^
  File "/home/tars/Projects/fpl-oracle/data_v3.py", line 38, in get_next_gameweek
    raise ValueError("No upcoming gameweek found")
ValueError: No upcoming gameweek found
Traceback (most recent call last):
  File "/home/tars/Projects/fpl-oracle/data_v3.py", line 42, in <module>
    curr_gameweek = get_next_gameweek()-1 # returns the actual current gameweek. If it is about to be 25, returns 25
                    ^^^^^^^^^^^^^^^^^^^
  File "/home/tars/Projects/fpl-oracle/data_v3.py", line 38, in get_next_gameweek
    raise ValueError("No upcoming gameweek found")
ValueError: No upcoming gameweek found
Traceback (most recent call last):
  File "/home/tars/Projects/fpl-oracle/data_v3.py", line 42, in <module>
    curr_gameweek = get_next_gameweek()-1 # returns the actual current gameweek. If it is about to be 25, returns 25
                    ^^^^^^^^^^^^^^^^^^^
  File "/home/tars/Projects/fpl-oracle/data_v3.py", line 38, in get_next_gameweek
    raise ValueError("No upcoming gameweek found")
ValueError: No upcoming gameweek found
Traceback (most recent call last):
  File "/home/tars/Projects/fpl-oracle/data_v3.py", line 42, in <module>
    curr_gameweek = get_next_gameweek()-1 # returns the actual current gameweek. If it is about to be 25, returns 25
                    ^^^^^^^^^^^^^^^^^^^
  File "/home/tars/Projects/fpl-oracle/data_v3.py", line 38, in get_next_gameweek
    raise ValueError("No upcoming gameweek found")
ValueError: No upcoming gameweek found
Traceback (most recent call last):
  File "/home/tars/Projects/fpl-oracle/data_v3.py", line 42, in <module>
    curr_gameweek = get_next_gameweek()-1 # returns the actual current gameweek. If it is about to be 25, returns 25
                    ^^^^^^^^^^^^^^^^^^^
  File "/home/tars/Projects/fpl-oracle/data_v3.py", line 38, in get_next_gameweek
    raise ValueError("No upcoming gameweek found")
ValueError: No upcoming gameweek found
Traceback (most recent call last):
  File "/home/tars/Projects/fpl-oracle/data_v3.py", line 42, in <module>
    curr_gameweek = get_next_gameweek()-1 # returns the actual current gameweek. If it is about to be 25, returns 25
                    ^^^^^^^^^^^^^^^^^^^
  File "/home/tars/Projects/fpl-oracle/data_v3.py", line 38, in get_next_gameweek
    raise ValueError("No upcoming gameweek found")
ValueError: No upcoming gameweek found
Traceback (most recent call last):
  File "/home/tars/Projects/fpl-oracle/data_v3.py", line 42, in <module>
    curr_gameweek = get_next_gameweek()-1 # returns the actual current gameweek. If it is about to be 25, returns 25
                    ^^^^^^^^^^^^^^^^^^^
  File "/home/tars/Projects/fpl-oracle/data_v3.py", line 38, in get_next_gameweek
    raise ValueError("No upcoming gameweek found")
ValueError: No upcoming gameweek found
Traceback (most recent call last):
  File "/home/tars/Projects/fpl-oracle/data_v3.py", line 42, in <module>
    curr_gameweek = get_next_gameweek()-1 # returns the actual current gameweek. If it is about to be 25, returns 25
                    ^^^^^^^^^^^^^^^^^^^
  File "/home/tars/Projects/fpl-oracle/data_v3.py", line 38, in get_next_gameweek
    raise ValueError("No upcoming gameweek found")
ValueError: No upcoming gameweek found
Traceback (most recent call last):
  File "/home/tars/Projects/fpl-oracle/data_v3.py", line 42, in <module>
    curr_gameweek = get_next_gameweek()-1 # returns the actual current gameweek. If it is about to be 25, returns 25
                    ^^^^^^^^^^^^^^^^^^^
  File "/home/tars/Projects/fpl-oracle/data_v3.py", line 38, in get_next_gameweek
    raise ValueError("No upcoming gameweek found")
ValueError: No upcoming gameweek found
Traceback (most recent call last):
  File "/home/tars/Projects/fpl-oracle/data_v3.py", line 42, in <module>
    curr_gameweek = get_next_gameweek()-1 # returns the actual current gameweek. If it is about to be 25, returns 25
                    ^^^^^^^^^^^^^^^^^^^
  File "/home/tars/Projects/fpl-oracle/data_v3.py", line 38, in get_next_gameweek
    raise ValueError("No upcoming gameweek found")
ValueError: No upcoming gameweek found
Traceback (most recent call last):
  File "/home/tars/Projects/fpl-oracle/data_v3.py", line 42, in <module>
    curr_gameweek = get_next_gameweek()-1 # returns the actual current gameweek. If it is about to be 25, returns 25
                    ^^^^^^^^^^^^^^^^^^^
  File "/home/tars/Projects/fpl-oracle/data_v3.py", line 38, in get_next_gameweek
    raise ValueError("No upcoming gameweek found")
ValueError: No upcoming gameweek found
Traceback (most recent call last):
  File "/home/tars/Projects/fpl-oracle/data_v3.py", line 42, in <module>
    curr_gameweek = get_next_gameweek()-1 # returns the actual current gameweek. If it is about to be 25, returns 25
                    ^^^^^^^^^^^^^^^^^^^
  File "/home/tars/Projects/fpl-oracle/data_v3.py", line 38, in get_next_gameweek
    raise ValueError("No upcoming gameweek found")
ValueError: No upcoming gameweek found
Traceback (most recent call last):
  File "/home/tars/Projects/fpl-oracle/data_v3.py", line 42, in <module>
    curr_gameweek = get_next_gameweek()-1 # returns the actual current gameweek. If it is about to be 25, returns 25
                    ^^^^^^^^^^^^^^^^^^^
  File "/home/tars/Projects/fpl-oracle/data_v3.py", line 38, in get_next_gameweek
    raise ValueError("No upcoming gameweek found")
ValueError: No upcoming gameweek found
Traceback (most recent call last):
  File "/home/tars/Projects/fpl-oracle/data_v3.py", line 42, in <module>
    curr_gameweek = get_next_gameweek()-1 # returns the actual current gameweek. If it is about to be 25, returns 25
                    ^^^^^^^^^^^^^^^^^^^
  File "/home/tars/Projects/fpl-oracle/data_v3.py", line 38, in get_next_gameweek
    raise ValueError("No upcoming gameweek found")
ValueError: No upcoming gameweek found
Traceback (most recent call last):
  File "/home/tars/Projects/fpl-oracle/data_v3.py", line 42, in <module>
    curr_gameweek = get_next_gameweek()-1 # returns the actual current gameweek. If it is about to be 25, returns 25
                    ^^^^^^^^^^^^^^^^^^^
  File "/home/tars/Projects/fpl-oracle/data_v3.py", line 38, in get_next_gameweek
    raise ValueError("No upcoming gameweek found")
ValueError: No upcoming gameweek found
Traceback (most recent call last):
  File "/home/tars/Projects/fpl-oracle/data_v3.py", line 42, in <module>
    curr_gameweek = get_next_gameweek()-1 # returns the actual current gameweek. If it is about to be 25, returns 25
                    ^^^^^^^^^^^^^^^^^^^
  File "/home/tars/Projects/fpl-oracle/data_v3.py", line 38, in get_next_gameweek
    raise ValueError("No upcoming gameweek found")
ValueError: No upcoming gameweek found
Traceback (most recent call last):
  File "/home/tars/Projects/fpl-oracle/data_v3.py", line 42, in <module>
    curr_gameweek = get_next_gameweek()-1 # returns the actual current gameweek. If it is about to be 25, returns 25
                    ^^^^^^^^^^^^^^^^^^^
  File "/home/tars/Projects/fpl-oracle/data_v3.py", line 38, in get_next_gameweek
    raise ValueError("No upcoming gameweek found")
ValueError: No upcoming gameweek found
Traceback (most recent call last):
  File "/home/tars/Projects/fpl-oracle/data_v3.py", line 42, in <module>
    curr_gameweek = get_next_gameweek()-1 # returns the actual current gameweek. If it is about to be 25, returns 25
                    ^^^^^^^^^^^^^^^^^^^
  File "/home/tars/Projects/fpl-oracle/data_v3.py", line 38, in get_next_gameweek
    raise ValueError("No upcoming gameweek found")
ValueError: No upcoming gameweek found
Traceback (most recent call last):
  File "/home/tars/Projects/fpl-oracle/data_v3.py", line 42, in <module>
    curr_gameweek = get_next_gameweek()-1 # returns the actual current gameweek. If it is about to be 25, returns 25
                    ^^^^^^^^^^^^^^^^^^^
  File "/home/tars/Projects/fpl-oracle/data_v3.py", line 38, in get_next_gameweek
    raise ValueError("No upcoming gameweek found")
ValueError: No upcoming gameweek found
Traceback (most recent call last):
  File "/home/tars/Projects/fpl-oracle/data_v3.py", line 42, in <module>
    curr_gameweek = get_next_gameweek()-1 # returns the actual current gameweek. If it is about to be 25, returns 25
                    ^^^^^^^^^^^^^^^^^^^
  File "/home/tars/Projects/fpl-oracle/data_v3.py", line 38, in get_next_gameweek
    raise ValueError("No upcoming gameweek found")
ValueError: No upcoming gameweek found
Traceback (most recent call last):
  File "/home/tars/Projects/fpl-oracle/data_v3.py", line 42, in <module>
    curr_gameweek = get_next_gameweek()-1 # returns the actual current gameweek. If it is about to be 25, returns 25
                    ^^^^^^^^^^^^^^^^^^^
  File "/home/tars/Projects/fpl-oracle/data_v3.py", line 38, in get_next_gameweek
    raise ValueError("No upcoming gameweek found")
ValueError: No upcoming gameweek found
Traceback (most recent call last):
  File "/home/tars/Projects/fpl-oracle/data_v3.py", line 42, in <module>
    curr_gameweek = get_next_gameweek()-1 # returns the actual current gameweek. If it is about to be 25, returns 25
                    ^^^^^^^^^^^^^^^^^^^
  File "/home/tars/Projects/fpl-oracle/data_v3.py", line 38, in get_next_gameweek
    raise ValueError("No upcoming gameweek found")
ValueError: No upcoming gameweek found
Traceback (most recent call last):
  File "/home/tars/Projects/fpl-oracle/data_v3.py", line 42, in <module>
    curr_gameweek = get_next_gameweek()-1 # returns the actual current gameweek. If it is about to be 25, returns 25
                    ^^^^^^^^^^^^^^^^^^^
  File "/home/tars/Projects/fpl-oracle/data_v3.py", line 38, in get_next_gameweek
    raise ValueError("No upcoming gameweek found")
ValueError: No upcoming gameweek found
Traceback (most recent call last):
  File "/home/tars/Projects/fpl-oracle/data_v3.py", line 42, in <module>
    curr_gameweek = get_next_gameweek()-1 # returns the actual current gameweek. If it is about to be 25, returns 25
                    ^^^^^^^^^^^^^^^^^^^
  File "/home/tars/Projects/fpl-oracle/data_v3.py", line 38, in get_next_gameweek
    raise ValueError("No upcoming gameweek found")
ValueError: No upcoming gameweek found
Traceback (most recent call last):
  File "/home/tars/Projects/fpl-oracle/data_v3.py", line 42, in <module>
    curr_gameweek = get_next_gameweek()-1 # returns the actual current gameweek. If it is about to be 25, returns 25
                    ^^^^^^^^^^^^^^^^^^^
  File "/home/tars/Projects/fpl-oracle/data_v3.py", line 38, in get_next_gameweek
    raise ValueError("No upcoming gameweek found")
ValueError: No upcoming gameweek found
Traceback (most recent call last):
  File "/home/tars/Projects/fpl-oracle/data_v3.py", line 42, in <module>
    curr_gameweek = get_next_gameweek()-1 # returns the actual current gameweek. If it is about to be 25, returns 25
                    ^^^^^^^^^^^^^^^^^^^
  File "/home/tars/Projects/fpl-oracle/data_v3.py", line 38, in get_next_gameweek
    raise ValueError("No upcoming gameweek found")
ValueError: No upcoming gameweek found
Traceback (most recent call last):
  File "/home/tars/Projects/fpl-oracle/data_v3.py", line 42, in <module>
    curr_gameweek = get_next_gameweek()-1 # returns the actual current gameweek. If it is about to be 25, returns 25
                    ^^^^^^^^^^^^^^^^^^^
  File "/home/tars/Projects/fpl-oracle/data_v3.py", line 38, in get_next_gameweek
    raise ValueError("No upcoming gameweek found")
ValueError: No upcoming gameweek found
Traceback (most recent call last):
  File "/home/tars/Projects/fpl-oracle/data_v3.py", line 42, in <module>
    curr_gameweek = get_next_gameweek()-1 # returns the actual current gameweek. If it is about to be 25, returns 25
                    ^^^^^^^^^^^^^^^^^^^
  File "/home/tars/Projects/fpl-oracle/data_v3.py", line 38, in get_next_gameweek
    raise ValueError("No upcoming gameweek found")
ValueError: No upcoming gameweek found
Traceback (most recent call last):
  File "/home/tars/Projects/fpl-oracle/data_v3.py", line 42, in <module>
    curr_gameweek = get_next_gameweek()-1 # returns the actual current gameweek. If it is about to be 25, returns 25
                    ^^^^^^^^^^^^^^^^^^^
  File "/home/tars/Projects/fpl-oracle/data_v3.py", line 38, in get_next_gameweek
    raise ValueError("No upcoming gameweek found")
ValueError: No upcoming gameweek found
Traceback (most recent call last):
  File "/home/tars/Projects/fpl-oracle/data_v3.py", line 42, in <module>
    curr_gameweek = get_next_gameweek()-1 # returns the actual current gameweek. If it is about to be 25, returns 25
                    ^^^^^^^^^^^^^^^^^^^
  File "/home/tars/Projects/fpl-oracle/data_v3.py", line 38, in get_next_gameweek
    raise ValueError("No upcoming gameweek found")
ValueError: No upcoming gameweek found
Traceback (most recent call last):
  File "/home/tars/Projects/fpl-oracle/data_v3.py", line 42, in <module>
    curr_gameweek = get_next_gameweek()-1 # returns the actual current gameweek. If it is about to be 25, returns 25
                    ^^^^^^^^^^^^^^^^^^^
  File "/home/tars/Projects/fpl-oracle/data_v3.py", line 38, in get_next_gameweek
    raise ValueError("No upcoming gameweek found")
ValueError: No upcoming gameweek found
Traceback (most recent call last):
  File "/home/tars/Projects/fpl-oracle/data_v3.py", line 42, in <module>
    curr_gameweek = get_next_gameweek()-1 # returns the actual current gameweek. If it is about to be 25, returns 25
                    ^^^^^^^^^^^^^^^^^^^
  File "/home/tars/Projects/fpl-oracle/data_v3.py", line 38, in get_next_gameweek
    raise ValueError("No upcoming gameweek found")
ValueError: No upcoming gameweek found
Traceback (most recent call last):
  File "/home/tars/Projects/fpl-oracle/data_v3.py", line 42, in <module>
    curr_gameweek = get_next_gameweek()-1 # returns the actual current gameweek. If it is about to be 25, returns 25
                    ^^^^^^^^^^^^^^^^^^^
  File "/home/tars/Projects/fpl-oracle/data_v3.py", line 38, in get_next_gameweek
    raise ValueError("No upcoming gameweek found")
ValueError: No upcoming gameweek found
Traceback (most recent call last):
  File "/home/tars/Projects/fpl-oracle/data_v3.py", line 42, in <module>
    curr_gameweek = get_next_gameweek()-1 # returns the actual current gameweek. If it is about to be 25, returns 25
                    ^^^^^^^^^^^^^^^^^^^
  File "/home/tars/Projects/fpl-oracle/data_v3.py", line 38, in get_next_gameweek
    raise ValueError("No upcoming gameweek found")
ValueError: No upcoming gameweek found
Traceback (most recent call last):
  File "/home/tars/Projects/fpl-oracle/data_v3.py", line 42, in <module>
    curr_gameweek = get_next_gameweek()-1 # returns the actual current gameweek. If it is about to be 25, returns 25
                    ^^^^^^^^^^^^^^^^^^^
  File "/home/tars/Projects/fpl-oracle/data_v3.py", line 38, in get_next_gameweek
    raise ValueError("No upcoming gameweek found")
ValueError: No upcoming gameweek found
Traceback (most recent call last):
  File "/home/tars/Projects/fpl-oracle/data_v3.py", line 42, in <module>
    curr_gameweek = get_next_gameweek()-1 # returns the actual current gameweek. If it is about to be 25, returns 25
                    ^^^^^^^^^^^^^^^^^^^
  File "/home/tars/Projects/fpl-oracle/data_v3.py", line 38, in get_next_gameweek
    raise ValueError("No upcoming gameweek found")
ValueError: No upcoming gameweek found
Traceback (most recent call last):
  File "/home/tars/Projects/fpl-oracle/data_v3.py", line 42, in <module>
    curr_gameweek = get_next_gameweek()-1 # returns the actual current gameweek. If it is about to be 25, returns 25
                    ^^^^^^^^^^^^^^^^^^^
  File "/home/tars/Projects/fpl-oracle/data_v3.py", line 38, in get_next_gameweek
    raise ValueError("No upcoming gameweek found")
ValueError: No upcoming gameweek found
Traceback (most recent call last):
  File "/home/tars/Projects/fpl-oracle/data_v3.py", line 42, in <module>
    curr_gameweek = get_next_gameweek()-1 # returns the actual current gameweek. If it is about to be 25, returns 25
                    ^^^^^^^^^^^^^^^^^^^
  File "/home/tars/Projects/fpl-oracle/data_v3.py", line 38, in get_next_gameweek
    raise ValueError("No upcoming gameweek found")
ValueError: No upcoming gameweek found
Traceback (most recent call last):
  File "/home/tars/Projects/fpl-oracle/data_v3.py", line 42, in <module>
    curr_gameweek = get_next_gameweek()-1 # returns the actual current gameweek. If it is about to be 25, returns 25
                    ^^^^^^^^^^^^^^^^^^^
  File "/home/tars/Projects/fpl-oracle/data_v3.py", line 38, in get_next_gameweek
    raise ValueError("No upcoming gameweek found")
ValueError: No upcoming gameweek found
Traceback (most recent call last):
  File "/home/tars/Projects/fpl-oracle/data_v3.py", line 42, in <module>
    curr_gameweek = get_next_gameweek()-1 # returns the actual current gameweek. If it is about to be 25, returns 25
                    ^^^^^^^^^^^^^^^^^^^
  File "/home/tars/Projects/fpl-oracle/data_v3.py", line 38, in get_next_gameweek
    raise ValueError("No upcoming gameweek found")
ValueError: No upcoming gameweek found
Traceback (most recent call last):
  File "/home/tars/Projects/fpl-oracle/data_v3.py", line 42, in <module>
    curr_gameweek = get_next_gameweek()-1 # returns the actual current gameweek. If it is about to be 25, returns 25
                    ^^^^^^^^^^^^^^^^^^^
  File "/home/tars/Projects/fpl-oracle/data_v3.py", line 38, in get_next_gameweek
    raise ValueError("No upcoming gameweek found")
ValueError: No upcoming gameweek found
Traceback (most recent call last):
  File "/home/tars/Projects/fpl-oracle/data_v3.py", line 42, in <module>
    curr_gameweek = get_next_gameweek()-1 # returns the actual current gameweek. If it is about to be 25, returns 25
                    ^^^^^^^^^^^^^^^^^^^
  File "/home/tars/Projects/fpl-oracle/data_v3.py", line 38, in get_next_gameweek
    raise ValueError("No upcoming gameweek found")
ValueError: No upcoming gameweek found
Traceback (most recent call last):
  File "/home/tars/Projects/fpl-oracle/data_v3.py", line 42, in <module>
    curr_gameweek = get_next_gameweek()-1 # returns the actual current gameweek. If it is about to be 25, returns 25
                    ^^^^^^^^^^^^^^^^^^^
  File "/home/tars/Projects/fpl-oracle/data_v3.py", line 38, in get_next_gameweek
    raise ValueError("No upcoming gameweek found")
ValueError: No upcoming gameweek found
Traceback (most recent call last):
  File "/home/tars/Projects/fpl-oracle/data_v3.py", line 42, in <module>
    curr_gameweek = get_next_gameweek()-1 # returns the actual current gameweek. If it is about to be 25, returns 25
                    ^^^^^^^^^^^^^^^^^^^
  File "/home/tars/Projects/fpl-oracle/data_v3.py", line 38, in get_next_gameweek
    raise ValueError("No upcoming gameweek found")
ValueError: No upcoming gameweek found
Traceback (most recent call last):
  File "/home/tars/Projects/fpl-oracle/data_v3.py", line 42, in <module>
    curr_gameweek = get_next_gameweek()-1 # returns the actual current gameweek. If it is about to be 25, returns 25
                    ^^^^^^^^^^^^^^^^^^^
  File "/home/tars/Projects/fpl-oracle/data_v3.py", line 38, in get_next_gameweek
    raise ValueError("No upcoming gameweek found")
ValueError: No upcoming gameweek found
Traceback (most recent call last):
  File "/home/tars/Projects/fpl-oracle/data_v3.py", line 42, in <module>
    curr_gameweek = get_next_gameweek()-1 # returns the actual current gameweek. If it is about to be 25, returns 25
                    ^^^^^^^^^^^^^^^^^^^
  File "/home/tars/Projects/fpl-oracle/data_v3.py", line 38, in get_next_gameweek
    raise ValueError("No upcoming gameweek found")
ValueError: No upcoming gameweek found
Traceback (most recent call last):
  File "/home/tars/Projects/fpl-oracle/data_v3.py", line 42, in <module>
    curr_gameweek = get_next_gameweek()-1 # returns the actual current gameweek. If it is about to be 25, returns 25
                    ^^^^^^^^^^^^^^^^^^^
  File "/home/tars/Projects/fpl-oracle/data_v3.py", line 38, in get_next_gameweek
    raise ValueError("No upcoming gameweek found")
ValueError: No upcoming gameweek found
Traceback (most recent call last):
  File "/home/tars/Projects/fpl-oracle/data_v3.py", line 42, in <module>
    curr_gameweek = get_next_gameweek()-1 # returns the actual current gameweek. If it is about to be 25, returns 25
                    ^^^^^^^^^^^^^^^^^^^
  File "/home/tars/Projects/fpl-oracle/data_v3.py", line 38, in get_next_gameweek
    raise ValueError("No upcoming gameweek found")
ValueError: No upcoming gameweek found
Traceback (most recent call last):
  File "/home/tars/Projects/fpl-oracle/data_v3.py", line 42, in <module>
    curr_gameweek = get_next_gameweek()-1 # returns the actual current gameweek. If it is about to be 25, returns 25
                    ^^^^^^^^^^^^^^^^^^^
  File "/home/tars/Projects/fpl-oracle/data_v3.py", line 38, in get_next_gameweek
    raise ValueError("No upcoming gameweek found")
ValueError: No upcoming gameweek found
Traceback (most recent call last):
  File "/home/tars/Projects/fpl-oracle/data_v3.py", line 42, in <module>
    curr_gameweek = get_next_gameweek()-1 # returns the actual current gameweek. If it is about to be 25, returns 25
                    ^^^^^^^^^^^^^^^^^^^
  File "/home/tars/Projects/fpl-oracle/data_v3.py", line 38, in get_next_gameweek
    raise ValueError("No upcoming gameweek found")
ValueError: No upcoming gameweek found
Traceback (most recent call last):
  File "/home/tars/Projects/fpl-oracle/data_v3.py", line 42, in <module>
    curr_gameweek = get_next_gameweek()-1 # returns the actual current gameweek. If it is about to be 25, returns 25
                    ^^^^^^^^^^^^^^^^^^^
  File "/home/tars/Projects/fpl-oracle/data_v3.py", line 38, in get_next_gameweek
    raise ValueError("No upcoming gameweek found")
ValueError: No upcoming gameweek found
Traceback (most recent call last):
  File "/home/tars/Projects/fpl-oracle/data_v3.py", line 42, in <module>
    curr_gameweek = get_next_gameweek()-1 # returns the actual current gameweek. If it is about to be 25, returns 25
                    ^^^^^^^^^^^^^^^^^^^
  File "/home/tars/Projects/fpl-oracle/data_v3.py", line 38, in get_next_gameweek
    raise ValueError("No upcoming gameweek found")
ValueError: No upcoming gameweek found
Traceback (most recent call last):
  File "/home/tars/Projects/fpl-oracle/data_v3.py", line 42, in <module>
    curr_gameweek = get_next_gameweek()-1 # returns the actual current gameweek. If it is about to be 25, returns 25
                    ^^^^^^^^^^^^^^^^^^^
  File "/home/tars/Projects/fpl-oracle/data_v3.py", line 38, in get_next_gameweek
    raise ValueError("No upcoming gameweek found")
ValueError: No upcoming gameweek found
Traceback (most recent call last):
  File "/home/tars/Projects/fpl-oracle/data_v3.py", line 42, in <module>
    curr_gameweek = get_next_gameweek()-1 # returns the actual current gameweek. If it is about to be 25, returns 25
                    ^^^^^^^^^^^^^^^^^^^
  File "/home/tars/Projects/fpl-oracle/data_v3.py", line 38, in get_next_gameweek
    raise ValueError("No upcoming gameweek found")
ValueError: No upcoming gameweek found
Traceback (most recent call last):
  File "/home/tars/Projects/fpl-oracle/data_v3.py", line 42, in <module>
    curr_gameweek = get_next_gameweek()-1 # returns the actual current gameweek. If it is about to be 25, returns 25
                    ^^^^^^^^^^^^^^^^^^^
  File "/home/tars/Projects/fpl-oracle/data_v3.py", line 38, in get_next_gameweek
    raise ValueError("No upcoming gameweek found")
ValueError: No upcoming gameweek found
Traceback (most recent call last):
  File "/home/tars/Projects/fpl-oracle/data_v3.py", line 42, in <module>
    curr_gameweek = get_next_gameweek()-1 # returns the actual current gameweek. If it is about to be 25, returns 25
                    ^^^^^^^^^^^^^^^^^^^
  File "/home/tars/Projects/fpl-oracle/data_v3.py", line 38, in get_next_gameweek
    raise ValueError("No upcoming gameweek found")
ValueError: No upcoming gameweek found
Traceback (most recent call last):
  File "/home/tars/Projects/fpl-oracle/data_v3.py", line 42, in <module>
    curr_gameweek = get_next_gameweek()-1 # returns the actual current gameweek. If it is about to be 25, returns 25
                    ^^^^^^^^^^^^^^^^^^^
  File "/home/tars/Projects/fpl-oracle/data_v3.py", line 38, in get_next_gameweek
    raise ValueError("No upcoming gameweek found")
ValueError: No upcoming gameweek found
Traceback (most recent call last):
  File "/home/tars/Projects/fpl-oracle/data_v3.py", line 42, in <module>
    curr_gameweek = get_next_gameweek()-1 # returns the actual current gameweek. If it is about to be 25, returns 25
                    ^^^^^^^^^^^^^^^^^^^
  File "/home/tars/Projects/fpl-oracle/data_v3.py", line 38, in get_next_gameweek
    raise ValueError("No upcoming gameweek found")
ValueError: No upcoming gameweek found
Traceback (most recent call last):
  File "/home/tars/Projects/fpl-oracle/data_v3.py", line 42, in <module>
    curr_gameweek = get_next_gameweek()-1 # returns the actual current gameweek. If it is about to be 25, returns 25
                    ^^^^^^^^^^^^^^^^^^^
  File "/home/tars/Projects/fpl-oracle/data_v3.py", line 38, in get_next_gameweek
    raise ValueError("No upcoming gameweek found")
ValueError: No upcoming gameweek found
Traceback (most recent call last):
  File "/home/tars/Projects/fpl-oracle/data_v3.py", line 42, in <module>
    curr_gameweek = get_next_gameweek()-1 # returns the actual current gameweek. If it is about to be 25, returns 25
                    ^^^^^^^^^^^^^^^^^^^
  File "/home/tars/Projects/fpl-oracle/data_v3.py", line 38, in get_next_gameweek
    raise ValueError("No upcoming gameweek found")
ValueError: No upcoming gameweek found
Traceback (most recent call last):
  File "/home/tars/Projects/fpl-oracle/data_v3.py", line 42, in <module>
    curr_gameweek = get_next_gameweek()-1 # returns the actual current gameweek. If it is about to be 25, returns 25
                    ^^^^^^^^^^^^^^^^^^^
  File "/home/tars/Projects/fpl-oracle/data_v3.py", line 38, in get_next_gameweek
    raise ValueError("No upcoming gameweek found")
ValueError: No upcoming gameweek found
Traceback (most recent call last):
  File "/home/tars/Projects/fpl-oracle/data_v3.py", line 42, in <module>
    curr_gameweek = get_next_gameweek()-1 # returns the actual current gameweek. If it is about to be 25, returns 25
                    ^^^^^^^^^^^^^^^^^^^
  File "/home/tars/Projects/fpl-oracle/data_v3.py", line 38, in get_next_gameweek
    raise ValueError("No upcoming gameweek found")
ValueError: No upcoming gameweek found
Traceback (most recent call last):
  File "/home/tars/Projects/fpl-oracle/data_v3.py", line 42, in <module>
    curr_gameweek = get_next_gameweek()-1 # returns the actual current gameweek. If it is about to be 25, returns 25
                    ^^^^^^^^^^^^^^^^^^^
  File "/home/tars/Projects/fpl-oracle/data_v3.py", line 38, in get_next_gameweek
    raise ValueError("No upcoming gameweek found")
ValueError: No upcoming gameweek found
Traceback (most recent call last):
  File "/home/tars/Projects/fpl-oracle/data_v3.py", line 42, in <module>
    curr_gameweek = get_next_gameweek()-1 # returns the actual current gameweek. If it is about to be 25, returns 25
                    ^^^^^^^^^^^^^^^^^^^
  File "/home/tars/Projects/fpl-oracle/data_v3.py", line 38, in get_next_gameweek
    raise ValueError("No upcoming gameweek found")
ValueError: No upcoming gameweek found
Traceback (most recent call last):
  File "/home/tars/Projects/fpl-oracle/data_v3.py", line 42, in <module>
    curr_gameweek = get_next_gameweek()-1 # returns the actual current gameweek. If it is about to be 25, returns 25
                    ^^^^^^^^^^^^^^^^^^^
  File "/home/tars/Projects/fpl-oracle/data_v3.py", line 38, in get_next_gameweek
    raise ValueError("No upcoming gameweek found")
ValueError: No upcoming gameweek found
Traceback (most recent call last):
  File "/home/tars/Projects/fpl-oracle/data_v3.py", line 42, in <module>
    curr_gameweek = get_next_gameweek()-1 # returns the actual current gameweek. If it is about to be 25, returns 25
                    ^^^^^^^^^^^^^^^^^^^
  File "/home/tars/Projects/fpl-oracle/data_v3.py", line 38, in get_next_gameweek
    raise ValueError("No upcoming gameweek found")
ValueError: No upcoming gameweek found
Traceback (most recent call last):
  File "/home/tars/Projects/fpl-oracle/data_v3.py", line 42, in <module>
    curr_gameweek = get_next_gameweek()-1 # returns the actual current gameweek. If it is about to be 25, returns 25
                    ^^^^^^^^^^^^^^^^^^^
  File "/home/tars/Projects/fpl-oracle/data_v3.py", line 38, in get_next_gameweek
    raise ValueError("No upcoming gameweek found")
ValueError: No upcoming gameweek found
Traceback (most recent call last):
  File "/home/tars/Projects/fpl-oracle/data_v3.py", line 42, in <module>
    curr_gameweek = get_next_gameweek()-1 # returns the actual current gameweek. If it is about to be 25, returns 25
                    ^^^^^^^^^^^^^^^^^^^
  File "/home/tars/Projects/fpl-oracle/data_v3.py", line 38, in get_next_gameweek
    raise ValueError("No upcoming gameweek found")
ValueError: No upcoming gameweek found
Traceback (most recent call last):
  File "/home/tars/Projects/fpl-oracle/data_v3.py", line 42, in <module>
    curr_gameweek = get_next_gameweek()-1 # returns the actual current gameweek. If it is about to be 25, returns 25
                    ^^^^^^^^^^^^^^^^^^^
  File "/home/tars/Projects/fpl-oracle/data_v3.py", line 38, in get_next_gameweek
    raise ValueError("No upcoming gameweek found")
ValueError: No upcoming gameweek found
Traceback (most recent call last):
  File "/home/tars/Projects/fpl-oracle/data_v3.py", line 42, in <module>
    curr_gameweek = get_next_gameweek()-1 # returns the actual current gameweek. If it is about to be 25, returns 25
                    ^^^^^^^^^^^^^^^^^^^
  File "/home/tars/Projects/fpl-oracle/data_v3.py", line 38, in get_next_gameweek
    raise ValueError("No upcoming gameweek found")
ValueError: No upcoming gameweek found
Traceback (most recent call last):
  File "/home/tars/Projects/fpl-oracle/data_v3.py", line 42, in <module>
    curr_gameweek = get_next_gameweek()-1 # returns the actual current gameweek. If it is about to be 25, returns 25
                    ^^^^^^^^^^^^^^^^^^^
  File "/home/tars/Projects/fpl-oracle/data_v3.py", line 38, in get_next_gameweek
    raise ValueError("No upcoming gameweek found")
ValueError: No upcoming gameweek found
Traceback (most recent call last):
  File "/home/tars/Projects/fpl-oracle/data_v3.py", line 42, in <module>
    curr_gameweek = get_next_gameweek()-1 # returns the actual current gameweek. If it is about to be 25, returns 25
                    ^^^^^^^^^^^^^^^^^^^
  File "/home/tars/Projects/fpl-oracle/data_v3.py", line 38, in get_next_gameweek
    raise ValueError("No upcoming gameweek found")
ValueError: No upcoming gameweek found
Traceback (most recent call last):
  File "/home/tars/Projects/fpl-oracle/data_v3.py", line 42, in <module>
    curr_gameweek = get_next_gameweek()-1 # returns the actual current gameweek. If it is about to be 25, returns 25
                    ^^^^^^^^^^^^^^^^^^^
  File "/home/tars/Projects/fpl-oracle/data_v3.py", line 38, in get_next_gameweek
    raise ValueError("No upcoming gameweek found")
ValueError: No upcoming gameweek found
Traceback (most recent call last):
  File "/home/tars/Projects/fpl-oracle/data_v3.py", line 42, in <module>
    curr_gameweek = get_next_gameweek()-1 # returns the actual current gameweek. If it is about to be 25, returns 25
                    ^^^^^^^^^^^^^^^^^^^
  File "/home/tars/Projects/fpl-oracle/data_v3.py", line 38, in get_next_gameweek
    raise ValueError("No upcoming gameweek found")
ValueError: No upcoming gameweek found
Traceback (most recent call last):
  File "/home/tars/Projects/fpl-oracle/data_v3.py", line 42, in <module>
    curr_gameweek = get_next_gameweek()-1 # returns the actual current gameweek. If it is about to be 25, returns 25
                    ^^^^^^^^^^^^^^^^^^^
  File "/home/tars/Projects/fpl-oracle/data_v3.py", line 38, in get_next_gameweek
    raise ValueError("No upcoming gameweek found")
ValueError: No upcoming gameweek found
Traceback (most recent call last):
  File "/home/tars/Projects/fpl-oracle/data_v3.py", line 42, in <module>
    curr_gameweek = get_next_gameweek()-1 # returns the actual current gameweek. If it is about to be 25, returns 25
                    ^^^^^^^^^^^^^^^^^^^
  File "/home/tars/Projects/fpl-oracle/data_v3.py", line 38, in get_next_gameweek
    raise ValueError("No upcoming gameweek found")
ValueError: No upcoming gameweek found
Traceback (most recent call last):
  File "/home/tars/Projects/fpl-oracle/data_v3.py", line 42, in <module>
    curr_gameweek = get_next_gameweek()-1 # returns the actual current gameweek. If it is about to be 25, returns 25
                    ^^^^^^^^^^^^^^^^^^^
  File "/home/tars/Projects/fpl-oracle/data_v3.py", line 38, in get_next_gameweek
    raise ValueError("No upcoming gameweek found")
ValueError: No upcoming gameweek found
Traceback (most recent call last):
  File "/home/tars/Projects/fpl-oracle/data_v3.py", line 42, in <module>
    curr_gameweek = get_next_gameweek()-1 # returns the actual current gameweek. If it is about to be 25, returns 25
                    ^^^^^^^^^^^^^^^^^^^
  File "/home/tars/Projects/fpl-oracle/data_v3.py", line 38, in get_next_gameweek
    raise ValueError("No upcoming gameweek found")
ValueError: No upcoming gameweek found
Traceback (most recent call last):
  File "/home/tars/Projects/fpl-oracle/data_v3.py", line 42, in <module>
    curr_gameweek = get_next_gameweek()-1 # returns the actual current gameweek. If it is about to be 25, returns 25
                    ^^^^^^^^^^^^^^^^^^^
  File "/home/tars/Projects/fpl-oracle/data_v3.py", line 38, in get_next_gameweek
    raise ValueError("No upcoming gameweek found")
ValueError: No upcoming gameweek found
Traceback (most recent call last):
  File "/home/tars/Projects/fpl-oracle/data_v3.py", line 42, in <module>
    curr_gameweek = get_next_gameweek()-1 # returns the actual current gameweek. If it is about to be 25, returns 25
                    ^^^^^^^^^^^^^^^^^^^
  File "/home/tars/Projects/fpl-oracle/data_v3.py", line 38, in get_next_gameweek
    raise ValueError("No upcoming gameweek found")
ValueError: No upcoming gameweek found
Traceback (most recent call last):
  File "/home/tars/Projects/fpl-oracle/data_v3.py", line 42, in <module>
    curr_gameweek = get_next_gameweek()-1 # returns the actual current gameweek. If it is about to be 25, returns 25
                    ^^^^^^^^^^^^^^^^^^^
  File "/home/tars/Projects/fpl-oracle/data_v3.py", line 38, in get_next_gameweek
    raise ValueError("No upcoming gameweek found")
ValueError: No upcoming gameweek found
Traceback (most recent call last):
  File "/home/tars/Projects/fpl-oracle/data_v3.py", line 42, in <module>
    curr_gameweek = get_next_gameweek()-1 # returns the actual current gameweek. If it is about to be 25, returns 25
                    ^^^^^^^^^^^^^^^^^^^
  File "/home/tars/Projects/fpl-oracle/data_v3.py", line 38, in get_next_gameweek
    raise ValueError("No upcoming gameweek found")
ValueError: No upcoming gameweek found
Traceback (most recent call last):
  File "/home/tars/Projects/fpl-oracle/data_v3.py", line 42, in <module>
    curr_gameweek = get_next_gameweek()-1 # returns the actual current gameweek. If it is about to be 25, returns 25
                    ^^^^^^^^^^^^^^^^^^^
  File "/home/tars/Projects/fpl-oracle/data_v3.py", line 38, in get_next_gameweek
    raise ValueError("No upcoming gameweek found")
ValueError: No upcoming gameweek found
Traceback (most recent call last):
  File "/home/tars/Projects/fpl-oracle/data_v3.py", line 42, in <module>
    curr_gameweek = get_next_gameweek()-1 # returns the actual current gameweek. If it is about to be 25, returns 25
                    ^^^^^^^^^^^^^^^^^^^
  File "/home/tars/Projects/fpl-oracle/data_v3.py", line 38, in get_next_gameweek
    raise ValueError("No upcoming gameweek found")
ValueError: No upcoming gameweek found
Traceback (most recent call last):
  File "/home/tars/Projects/fpl-oracle/data_v3.py", line 42, in <module>
    curr_gameweek = get_next_gameweek()-1 # returns the actual current gameweek. If it is about to be 25, returns 25
                    ^^^^^^^^^^^^^^^^^^^
  File "/home/tars/Projects/fpl-oracle/data_v3.py", line 38, in get_next_gameweek
    raise ValueError("No upcoming gameweek found")
ValueError: No upcoming gameweek found
Traceback (most recent call last):
  File "/home/tars/Projects/fpl-oracle/data_v3.py", line 42, in <module>
    curr_gameweek = get_next_gameweek()-1 # returns the actual current gameweek. If it is about to be 25, returns 25
                    ^^^^^^^^^^^^^^^^^^^
  File "/home/tars/Projects/fpl-oracle/data_v3.py", line 38, in get_next_gameweek
    raise ValueError("No upcoming gameweek found")
ValueError: No upcoming gameweek found
Traceback (most recent call last):
  File "/home/tars/Projects/fpl-oracle/data_v3.py", line 42, in <module>
    curr_gameweek = get_next_gameweek()-1 # returns the actual current gameweek. If it is about to be 25, returns 25
                    ^^^^^^^^^^^^^^^^^^^
  File "/home/tars/Projects/fpl-oracle/data_v3.py", line 38, in get_next_gameweek
    raise ValueError("No upcoming gameweek found")
ValueError: No upcoming gameweek found
Traceback (most recent call last):
  File "/home/tars/Projects/fpl-oracle/data_v3.py", line 42, in <module>
    curr_gameweek = get_next_gameweek()-1 # returns the actual current gameweek. If it is about to be 25, returns 25
                    ^^^^^^^^^^^^^^^^^^^
  File "/home/tars/Projects/fpl-oracle/data_v3.py", line 38, in get_next_gameweek
    raise ValueError("No upcoming gameweek found")
ValueError: No upcoming gameweek found
Traceback (most recent call last):
  File "/home/tars/Projects/fpl-oracle/data_v3.py", line 42, in <module>
    curr_gameweek = get_next_gameweek()-1 # returns the actual current gameweek. If it is about to be 25, returns 25
                    ^^^^^^^^^^^^^^^^^^^
  File "/home/tars/Projects/fpl-oracle/data_v3.py", line 38, in get_next_gameweek
    raise ValueError("No upcoming gameweek found")
ValueError: No upcoming gameweek found
Traceback (most recent call last):
  File "/home/tars/Projects/fpl-oracle/data_v3.py", line 42, in <module>
    curr_gameweek = get_next_gameweek()-1 # returns the actual current gameweek. If it is about to be 25, returns 25
                    ^^^^^^^^^^^^^^^^^^^
  File "/home/tars/Projects/fpl-oracle/data_v3.py", line 38, in get_next_gameweek
    raise ValueError("No upcoming gameweek found")
ValueError: No upcoming gameweek found
Traceback (most recent call last):
  File "/home/tars/Projects/fpl-oracle/data_v3.py", line 42, in <module>
    curr_gameweek = get_next_gameweek()-1 # returns the actual current gameweek. If it is about to be 25, returns 25
                    ^^^^^^^^^^^^^^^^^^^
  File "/home/tars/Projects/fpl-oracle/data_v3.py", line 38, in get_next_gameweek
    raise ValueError("No upcoming gameweek found")
ValueError: No upcoming gameweek found
Traceback (most recent call last):
  File "/home/tars/Projects/fpl-oracle/data_v3.py", line 42, in <module>
    curr_gameweek = get_next_gameweek()-1 # returns the actual current gameweek. If it is about to be 25, returns 25
                    ^^^^^^^^^^^^^^^^^^^
  File "/home/tars/Projects/fpl-oracle/data_v3.py", line 38, in get_next_gameweek
    raise ValueError("No upcoming gameweek found")
ValueError: No upcoming gameweek found
Traceback (most recent call last):
  File "/home/tars/Projects/fpl-oracle/data_v3.py", line 42, in <module>
    curr_gameweek = get_next_gameweek()-1 # returns the actual current gameweek. If it is about to be 25, returns 25
                    ^^^^^^^^^^^^^^^^^^^
  File "/home/tars/Projects/fpl-oracle/data_v3.py", line 38, in get_next_gameweek
    raise ValueError("No upcoming gameweek found")
ValueError: No upcoming gameweek found
Traceback (most recent call last):
  File "/home/tars/Projects/fpl-oracle/data_v3.py", line 42, in <module>
    curr_gameweek = get_next_gameweek()-1 # returns the actual current gameweek. If it is about to be 25, returns 25
                    ^^^^^^^^^^^^^^^^^^^
  File "/home/tars/Projects/fpl-oracle/data_v3.py", line 38, in get_next_gameweek
    raise ValueError("No upcoming gameweek found")
ValueError: No upcoming gameweek found
Traceback (most recent call last):
  File "/home/tars/Projects/fpl-oracle/data_v3.py", line 42, in <module>
    curr_gameweek = get_next_gameweek()-1 # returns the actual current gameweek. If it is about to be 25, returns 25
                    ^^^^^^^^^^^^^^^^^^^
  File "/home/tars/Projects/fpl-oracle/data_v3.py", line 38, in get_next_gameweek
    raise ValueError("No upcoming gameweek found")
ValueError: No upcoming gameweek found
Traceback (most recent call last):
  File "/home/tars/Projects/fpl-oracle/data_v3.py", line 42, in <module>
    curr_gameweek = get_next_gameweek()-1 # returns the actual current gameweek. If it is about to be 25, returns 25
                    ^^^^^^^^^^^^^^^^^^^
  File "/home/tars/Projects/fpl-oracle/data_v3.py", line 38, in get_next_gameweek
    raise ValueError("No upcoming gameweek found")
ValueError: No upcoming gameweek found
Traceback (most recent call last):
  File "/home/tars/Projects/fpl-oracle/data_v3.py", line 42, in <module>
    curr_gameweek = get_next_gameweek()-1 # returns the actual current gameweek. If it is about to be 25, returns 25
                    ^^^^^^^^^^^^^^^^^^^
  File "/home/tars/Projects/fpl-oracle/data_v3.py", line 38, in get_next_gameweek
    raise ValueError("No upcoming gameweek found")
ValueError: No upcoming gameweek found
Traceback (most recent call last):
  File "/home/tars/Projects/fpl-oracle/data_v3.py", line 42, in <module>
    curr_gameweek = get_next_gameweek()-1 # returns the actual current gameweek. If it is about to be 25, returns 25
                    ^^^^^^^^^^^^^^^^^^^
  File "/home/tars/Projects/fpl-oracle/data_v3.py", line 38, in get_next_gameweek
    raise ValueError("No upcoming gameweek found")
ValueError: No upcoming gameweek found
Traceback (most recent call last):
  File "/home/tars/Projects/fpl-oracle/data_v3.py", line 42, in <module>
    curr_gameweek = get_next_gameweek()-1 # returns the actual current gameweek. If it is about to be 25, returns 25
                    ^^^^^^^^^^^^^^^^^^^
  File "/home/tars/Projects/fpl-oracle/data_v3.py", line 38, in get_next_gameweek
    raise ValueError("No upcoming gameweek found")
ValueError: No upcoming gameweek found
Traceback (most recent call last):
  File "/home/tars/Projects/fpl-oracle/data_v3.py", line 42, in <module>
    curr_gameweek = get_next_gameweek()-1 # returns the actual current gameweek. If it is about to be 25, returns 25
                    ^^^^^^^^^^^^^^^^^^^
  File "/home/tars/Projects/fpl-oracle/data_v3.py", line 38, in get_next_gameweek
    raise ValueError("No upcoming gameweek found")
ValueError: No upcoming gameweek found
Traceback (most recent call last):
  File "/home/tars/Projects/fpl-oracle/data_v3.py", line 42, in <module>
    curr_gameweek = get_next_gameweek()-1 # returns the actual current gameweek. If it is about to be 25, returns 25
                    ^^^^^^^^^^^^^^^^^^^
  File "/home/tars/Projects/fpl-oracle/data_v3.py", line 38, in get_next_gameweek
    raise ValueError("No upcoming gameweek found")
ValueError: No upcoming gameweek found
Traceback (most recent call last):
  File "/home/tars/Projects/fpl-oracle/data_v3.py", line 42, in <module>
    curr_gameweek = get_next_gameweek()-1 # returns the actual current gameweek. If it is about to be 25, returns 25
                    ^^^^^^^^^^^^^^^^^^^
  File "/home/tars/Projects/fpl-oracle/data_v3.py", line 38, in get_next_gameweek
    raise ValueError("No upcoming gameweek found")
ValueError: No upcoming gameweek found
Traceback (most recent call last):
  File "/home/tars/Projects/fpl-oracle/data_v3.py", line 42, in <module>
    curr_gameweek = get_next_gameweek()-1 # returns the actual current gameweek. If it is about to be 25, returns 25
                    ^^^^^^^^^^^^^^^^^^^
  File "/home/tars/Projects/fpl-oracle/data_v3.py", line 38, in get_next_gameweek
    raise ValueError("No upcoming gameweek found")
ValueError: No upcoming gameweek found
Traceback (most recent call last):
  File "/home/tars/Projects/fpl-oracle/data_v3.py", line 42, in <module>
    curr_gameweek = get_next_gameweek()-1 # returns the actual current gameweek. If it is about to be 25, returns 25
                    ^^^^^^^^^^^^^^^^^^^
  File "/home/tars/Projects/fpl-oracle/data_v3.py", line 38, in get_next_gameweek
    raise ValueError("No upcoming gameweek found")
ValueError: No upcoming gameweek found
Traceback (most recent call last):
  File "/home/tars/Projects/fpl-oracle/data_v3.py", line 42, in <module>
    curr_gameweek = get_next_gameweek()-1 # returns the actual current gameweek. If it is about to be 25, returns 25
                    ^^^^^^^^^^^^^^^^^^^
  File "/home/tars/Projects/fpl-oracle/data_v3.py", line 38, in get_next_gameweek
    raise ValueError("No upcoming gameweek found")
ValueError: No upcoming gameweek found
Traceback (most recent call last):
  File "/home/tars/Projects/fpl-oracle/data_v3.py", line 42, in <module>
    curr_gameweek = get_next_gameweek()-1 # returns the actual current gameweek. If it is about to be 25, returns 25
                    ^^^^^^^^^^^^^^^^^^^
  File "/home/tars/Projects/fpl-oracle/data_v3.py", line 38, in get_next_gameweek
    raise ValueError("No upcoming gameweek found")
ValueError: No upcoming gameweek found
Traceback (most recent call last):
  File "/home/tars/Projects/fpl-oracle/data_v3.py", line 42, in <module>
    curr_gameweek = get_next_gameweek()-1 # returns the actual current gameweek. If it is about to be 25, returns 25
                    ^^^^^^^^^^^^^^^^^^^
  File "/home/tars/Projects/fpl-oracle/data_v3.py", line 38, in get_next_gameweek
    raise ValueError("No upcoming gameweek found")
ValueError: No upcoming gameweek found
Traceback (most recent call last):
  File "/home/tars/Projects/fpl-oracle/data_v3.py", line 42, in <module>
    curr_gameweek = get_next_gameweek()-1 # returns the actual current gameweek. If it is about to be 25, returns 25
                    ^^^^^^^^^^^^^^^^^^^
  File "/home/tars/Projects/fpl-oracle/data_v3.py", line 38, in get_next_gameweek
    raise ValueError("No upcoming gameweek found")
ValueError: No upcoming gameweek found
Traceback (most recent call last):
  File "/home/tars/Projects/fpl-oracle/data_v3.py", line 42, in <module>
    curr_gameweek = get_next_gameweek()-1 # returns the actual current gameweek. If it is about to be 25, returns 25
                    ^^^^^^^^^^^^^^^^^^^
  File "/home/tars/Projects/fpl-oracle/data_v3.py", line 38, in get_next_gameweek
    raise ValueError("No upcoming gameweek found")
ValueError: No upcoming gameweek found
Traceback (most recent call last):
  File "/home/tars/Projects/fpl-oracle/data_v3.py", line 42, in <module>
    curr_gameweek = get_next_gameweek()-1 # returns the actual current gameweek. If it is about to be 25, returns 25
                    ^^^^^^^^^^^^^^^^^^^
  File "/home/tars/Projects/fpl-oracle/data_v3.py", line 38, in get_next_gameweek
    raise ValueError("No upcoming gameweek found")
ValueError: No upcoming gameweek found
Traceback (most recent call last):
  File "/home/tars/Projects/fpl-oracle/data_v3.py", line 42, in <module>
    curr_gameweek = get_next_gameweek()-1 # returns the actual current gameweek. If it is about to be 25, returns 25
                    ^^^^^^^^^^^^^^^^^^^
  File "/home/tars/Projects/fpl-oracle/data_v3.py", line 38, in get_next_gameweek
    raise ValueError("No upcoming gameweek found")
ValueError: No upcoming gameweek found
Traceback (most recent call last):
  File "/home/tars/Projects/fpl-oracle/data_v3.py", line 42, in <module>
    curr_gameweek = get_next_gameweek()-1 # returns the actual current gameweek. If it is about to be 25, returns 25
                    ^^^^^^^^^^^^^^^^^^^
  File "/home/tars/Projects/fpl-oracle/data_v3.py", line 38, in get_next_gameweek
    raise ValueError("No upcoming gameweek found")
ValueError: No upcoming gameweek found
Traceback (most recent call last):
  File "/home/tars/Projects/fpl-oracle/data_v3.py", line 42, in <module>
    curr_gameweek = get_next_gameweek()-1 # returns the actual current gameweek. If it is about to be 25, returns 25
                    ^^^^^^^^^^^^^^^^^^^
  File "/home/tars/Projects/fpl-oracle/data_v3.py", line 38, in get_next_gameweek
    raise ValueError("No upcoming gameweek found")
ValueError: No upcoming gameweek found
Traceback (most recent call last):
  File "/home/tars/Projects/fpl-oracle/data_v3.py", line 42, in <module>
    curr_gameweek = get_next_gameweek()-1 # returns the actual current gameweek. If it is about to be 25, returns 25
                    ^^^^^^^^^^^^^^^^^^^
  File "/home/tars/Projects/fpl-oracle/data_v3.py", line 38, in get_next_gameweek
    raise ValueError("No upcoming gameweek found")
ValueError: No upcoming gameweek found
Traceback (most recent call last):
  File "/home/tars/Projects/fpl-oracle/data_v3.py", line 42, in <module>
    curr_gameweek = get_next_gameweek()-1 # returns the actual current gameweek. If it is about to be 25, returns 25
                    ^^^^^^^^^^^^^^^^^^^
  File "/home/tars/Projects/fpl-oracle/data_v3.py", line 38, in get_next_gameweek
    raise ValueError("No upcoming gameweek found")
ValueError: No upcoming gameweek found
Traceback (most recent call last):
  File "/home/tars/Projects/fpl-oracle/data_v3.py", line 42, in <module>
    curr_gameweek = get_next_gameweek()-1 # returns the actual current gameweek. If it is about to be 25, returns 25
                    ^^^^^^^^^^^^^^^^^^^
  File "/home/tars/Projects/fpl-oracle/data_v3.py", line 38, in get_next_gameweek
    raise ValueError("No upcoming gameweek found")
ValueError: No upcoming gameweek found
Traceback (most recent call last):
  File "/home/tars/Projects/fpl-oracle/data_v3.py", line 42, in <module>
    curr_gameweek = get_next_gameweek()-1 # returns the actual current gameweek. If it is about to be 25, returns 25
                    ^^^^^^^^^^^^^^^^^^^
  File "/home/tars/Projects/fpl-oracle/data_v3.py", line 38, in get_next_gameweek
    raise ValueError("No upcoming gameweek found")
ValueError: No upcoming gameweek found
Traceback (most recent call last):
  File "/home/tars/Projects/fpl-oracle/data_v3.py", line 42, in <module>
    curr_gameweek = get_next_gameweek()-1 # returns the actual current gameweek. If it is about to be 25, returns 25
                    ^^^^^^^^^^^^^^^^^^^
  File "/home/tars/Projects/fpl-oracle/data_v3.py", line 38, in get_next_gameweek
    raise ValueError("No upcoming gameweek found")
ValueError: No upcoming gameweek found
Traceback (most recent call last):
  File "/home/tars/Projects/fpl-oracle/data_v3.py", line 42, in <module>
    curr_gameweek = get_next_gameweek()-1 # returns the actual current gameweek. If it is about to be 25, returns 25
                    ^^^^^^^^^^^^^^^^^^^
  File "/home/tars/Projects/fpl-oracle/data_v3.py", line 38, in get_next_gameweek
    raise ValueError("No upcoming gameweek found")
ValueError: No upcoming gameweek found
Traceback (most recent call last):
  File "/home/tars/Projects/fpl-oracle/data_v3.py", line 42, in <module>
    curr_gameweek = get_next_gameweek()-1 # returns the actual current gameweek. If it is about to be 25, returns 25
                    ^^^^^^^^^^^^^^^^^^^
  File "/home/tars/Projects/fpl-oracle/data_v3.py", line 38, in get_next_gameweek
    raise ValueError("No upcoming gameweek found")
ValueError: No upcoming gameweek found
Traceback (most recent call last):
  File "/home/tars/Projects/fpl-oracle/data_v3.py", line 42, in <module>
    curr_gameweek = get_next_gameweek()-1 # returns the actual current gameweek. If it is about to be 25, returns 25
                    ^^^^^^^^^^^^^^^^^^^
  File "/home/tars/Projects/fpl-oracle/data_v3.py", line 38, in get_next_gameweek
    raise ValueError("No upcoming gameweek found")
ValueError: No upcoming gameweek found
Traceback (most recent call last):
  File "/home/tars/Projects/fpl-oracle/data_v3.py", line 42, in <module>
    curr_gameweek = get_next_gameweek()-1 # returns the actual current gameweek. If it is about to be 25, returns 25
                    ^^^^^^^^^^^^^^^^^^^
  File "/home/tars/Projects/fpl-oracle/data_v3.py", line 38, in get_next_gameweek
    raise ValueError("No upcoming gameweek found")
ValueError: No upcoming gameweek found
Traceback (most recent call last):
  File "/home/tars/Projects/fpl-oracle/data_v3.py", line 42, in <module>
    curr_gameweek = get_next_gameweek()-1 # returns the actual current gameweek. If it is about to be 25, returns 25
                    ^^^^^^^^^^^^^^^^^^^
  File "/home/tars/Projects/fpl-oracle/data_v3.py", line 38, in get_next_gameweek
    raise ValueError("No upcoming gameweek found")
ValueError: No upcoming gameweek found
Traceback (most recent call last):
  File "/home/tars/Projects/fpl-oracle/data_v3.py", line 42, in <module>
    curr_gameweek = get_next_gameweek()-1 # returns the actual current gameweek. If it is about to be 25, returns 25
                    ^^^^^^^^^^^^^^^^^^^
  File "/home/tars/Projects/fpl-oracle/data_v3.py", line 38, in get_next_gameweek
    raise ValueError("No upcoming gameweek found")
ValueError: No upcoming gameweek found
Traceback (most recent call last):
  File "/home/tars/Projects/fpl-oracle/data_v3.py", line 42, in <module>
    curr_gameweek = get_next_gameweek()-1 # returns the actual current gameweek. If it is about to be 25, returns 25
                    ^^^^^^^^^^^^^^^^^^^
  File "/home/tars/Projects/fpl-oracle/data_v3.py", line 38, in get_next_gameweek
    raise ValueError("No upcoming gameweek found")
ValueError: No upcoming gameweek found
Traceback (most recent call last):
  File "/home/tars/Projects/fpl-oracle/data_v3.py", line 42, in <module>
    curr_gameweek = get_next_gameweek()-1 # returns the actual current gameweek. If it is about to be 25, returns 25
                    ^^^^^^^^^^^^^^^^^^^
  File "/home/tars/Projects/fpl-oracle/data_v3.py", line 38, in get_next_gameweek
    raise ValueError("No upcoming gameweek found")
ValueError: No upcoming gameweek found
Traceback (most recent call last):
  File "/home/tars/Projects/fpl-oracle/data_v3.py", line 42, in <module>
    curr_gameweek = get_next_gameweek()-1 # returns the actual current gameweek. If it is about to be 25, returns 25
                    ^^^^^^^^^^^^^^^^^^^
  File "/home/tars/Projects/fpl-oracle/data_v3.py", line 38, in get_next_gameweek
    raise ValueError("No upcoming gameweek found")
ValueError: No upcoming gameweek found
Traceback (most recent call last):
  File "/home/tars/Projects/fpl-oracle/data_v3.py", line 42, in <module>
    curr_gameweek = get_next_gameweek()-1 # returns the actual current gameweek. If it is about to be 25, returns 25
                    ^^^^^^^^^^^^^^^^^^^
  File "/home/tars/Projects/fpl-oracle/data_v3.py", line 38, in get_next_gameweek
    raise ValueError("No upcoming gameweek found")
ValueError: No upcoming gameweek found
Traceback (most recent call last):
  File "/home/tars/Projects/fpl-oracle/data_v3.py", line 42, in <module>
    curr_gameweek = get_next_gameweek()-1 # returns the actual current gameweek. If it is about to be 25, returns 25
                    ^^^^^^^^^^^^^^^^^^^
  File "/home/tars/Projects/fpl-oracle/data_v3.py", line 38, in get_next_gameweek
    raise ValueError("No upcoming gameweek found")
ValueError: No upcoming gameweek found
Traceback (most recent call last):
  File "/home/tars/Projects/fpl-oracle/data_v3.py", line 42, in <module>
    curr_gameweek = get_next_gameweek()-1 # returns the actual current gameweek. If it is about to be 25, returns 25
                    ^^^^^^^^^^^^^^^^^^^
  File "/home/tars/Projects/fpl-oracle/data_v3.py", line 38, in get_next_gameweek
    raise ValueError("No upcoming gameweek found")
ValueError: No upcoming gameweek found
Traceback (most recent call last):
  File "/home/tars/Projects/fpl-oracle/data_v3.py", line 42, in <module>
    curr_gameweek = get_next_gameweek()-1 # returns the actual current gameweek. If it is about to be 25, returns 25
                    ^^^^^^^^^^^^^^^^^^^
  File "/home/tars/Projects/fpl-oracle/data_v3.py", line 38, in get_next_gameweek
    raise ValueError("No upcoming gameweek found")
ValueError: No upcoming gameweek found
Traceback (most recent call last):
  File "/home/tars/Projects/fpl-oracle/data_v3.py", line 42, in <module>
    curr_gameweek = get_next_gameweek()-1 # returns the actual current gameweek. If it is about to be 25, returns 25
                    ^^^^^^^^^^^^^^^^^^^
  File "/home/tars/Projects/fpl-oracle/data_v3.py", line 38, in get_next_gameweek
    raise ValueError("No upcoming gameweek found")
ValueError: No upcoming gameweek found
Traceback (most recent call last):
  File "/home/tars/Projects/fpl-oracle/data_v3.py", line 42, in <module>
    curr_gameweek = get_next_gameweek()-1 # returns the actual current gameweek. If it is about to be 25, returns 25
                    ^^^^^^^^^^^^^^^^^^^
  File "/home/tars/Projects/fpl-oracle/data_v3.py", line 38, in get_next_gameweek
    raise ValueError("No upcoming gameweek found")
ValueError: No upcoming gameweek found
Traceback (most recent call last):
  File "/home/tars/Projects/fpl-oracle/data_v3.py", line 42, in <module>
    curr_gameweek = get_next_gameweek()-1 # returns the actual current gameweek. If it is about to be 25, returns 25
                    ^^^^^^^^^^^^^^^^^^^
  File "/home/tars/Projects/fpl-oracle/data_v3.py", line 38, in get_next_gameweek
    raise ValueError("No upcoming gameweek found")
ValueError: No upcoming gameweek found
Traceback (most recent call last):
  File "/home/tars/Projects/fpl-oracle/data_v3.py", line 42, in <module>
    curr_gameweek = get_next_gameweek()-1 # returns the actual current gameweek. If it is about to be 25, returns 25
                    ^^^^^^^^^^^^^^^^^^^
  File "/home/tars/Projects/fpl-oracle/data_v3.py", line 38, in get_next_gameweek
    raise ValueError("No upcoming gameweek found")
ValueError: No upcoming gameweek found
Traceback (most recent call last):
  File "/home/tars/Projects/fpl-oracle/data_v3.py", line 42, in <module>
    curr_gameweek = get_next_gameweek()-1 # returns the actual current gameweek. If it is about to be 25, returns 25
                    ^^^^^^^^^^^^^^^^^^^
  File "/home/tars/Projects/fpl-oracle/data_v3.py", line 38, in get_next_gameweek
    raise ValueError("No upcoming gameweek found")
ValueError: No upcoming gameweek found
Traceback (most recent call last):
  File "/home/tars/Projects/fpl-oracle/data_v3.py", line 42, in <module>
    curr_gameweek = get_next_gameweek()-1 # returns the actual current gameweek. If it is about to be 25, returns 25
                    ^^^^^^^^^^^^^^^^^^^
  File "/home/tars/Projects/fpl-oracle/data_v3.py", line 38, in get_next_gameweek
    raise ValueError("No upcoming gameweek found")
ValueError: No upcoming gameweek found
Traceback (most recent call last):
  File "/home/tars/Projects/fpl-oracle/data_v3.py", line 42, in <module>
    curr_gameweek = get_next_gameweek()-1 # returns the actual current gameweek. If it is about to be 25, returns 25
                    ^^^^^^^^^^^^^^^^^^^
  File "/home/tars/Projects/fpl-oracle/data_v3.py", line 38, in get_next_gameweek
    raise ValueError("No upcoming gameweek found")
ValueError: No upcoming gameweek found
Traceback (most recent call last):
  File "/home/tars/Projects/fpl-oracle/data_v3.py", line 42, in <module>
    curr_gameweek = get_next_gameweek()-1 # returns the actual current gameweek. If it is about to be 25, returns 25
                    ^^^^^^^^^^^^^^^^^^^
  File "/home/tars/Projects/fpl-oracle/data_v3.py", line 38, in get_next_gameweek
    raise ValueError("No upcoming gameweek found")
ValueError: No upcoming gameweek found
Traceback (most recent call last):
  File "/home/tars/Projects/fpl-oracle/data_v3.py", line 42, in <module>
    curr_gameweek = get_next_gameweek()-1 # returns the actual current gameweek. If it is about to be 25, returns 25
                    ^^^^^^^^^^^^^^^^^^^
  File "/home/tars/Projects/fpl-oracle/data_v3.py", line 38, in get_next_gameweek
    raise ValueError("No upcoming gameweek found")
ValueError: No upcoming gameweek found
Traceback (most recent call last):
  File "/home/tars/Projects/fpl-oracle/data_v3.py", line 42, in <module>
    curr_gameweek = get_next_gameweek()-1 # returns the actual current gameweek. If it is about to be 25, returns 25
                    ^^^^^^^^^^^^^^^^^^^
  File "/home/tars/Projects/fpl-oracle/data_v3.py", line 38, in get_next_gameweek
    raise ValueError("No upcoming gameweek found")
ValueError: No upcoming gameweek found
Traceback (most recent call last):
  File "/home/tars/Projects/fpl-oracle/data_v3.py", line 42, in <module>
    curr_gameweek = get_next_gameweek()-1 # returns the actual current gameweek. If it is about to be 25, returns 25
                    ^^^^^^^^^^^^^^^^^^^
  File "/home/tars/Projects/fpl-oracle/data_v3.py", line 38, in get_next_gameweek
    raise ValueError("No upcoming gameweek found")
ValueError: No upcoming gameweek found
Traceback (most recent call last):
  File "/home/tars/Projects/fpl-oracle/data_v3.py", line 42, in <module>
    curr_gameweek = get_next_gameweek()-1 # returns the actual current gameweek. If it is about to be 25, returns 25
                    ^^^^^^^^^^^^^^^^^^^
  File "/home/tars/Projects/fpl-oracle/data_v3.py", line 38, in get_next_gameweek
    raise ValueError("No upcoming gameweek found")
ValueError: No upcoming gameweek found
Traceback (most recent call last):
  File "/home/tars/Projects/fpl-oracle/data_v3.py", line 42, in <module>
    curr_gameweek = get_next_gameweek()-1 # returns the actual current gameweek. If it is about to be 25, returns 25
                    ^^^^^^^^^^^^^^^^^^^
  File "/home/tars/Projects/fpl-oracle/data_v3.py", line 38, in get_next_gameweek
    raise ValueError("No upcoming gameweek found")
ValueError: No upcoming gameweek found
Traceback (most recent call last):
  File "/home/tars/Projects/fpl-oracle/data_v3.py", line 42, in <module>
    curr_gameweek = get_next_gameweek()-1 # returns the actual current gameweek. If it is about to be 25, returns 25
                    ^^^^^^^^^^^^^^^^^^^
  File "/home/tars/Projects/fpl-oracle/data_v3.py", line 38, in get_next_gameweek
    raise ValueError("No upcoming gameweek found")
ValueError: No upcoming gameweek found
Traceback (most recent call last):
  File "/home/tars/Projects/fpl-oracle/data_v3.py", line 42, in <module>
    curr_gameweek = get_next_gameweek()-1 # returns the actual current gameweek. If it is about to be 25, returns 25
                    ^^^^^^^^^^^^^^^^^^^
  File "/home/tars/Projects/fpl-oracle/data_v3.py", line 38, in get_next_gameweek
    raise ValueError("No upcoming gameweek found")
ValueError: No upcoming gameweek found
Traceback (most recent call last):
  File "/home/tars/Projects/fpl-oracle/data_v3.py", line 42, in <module>
    curr_gameweek = get_next_gameweek()-1 # returns the actual current gameweek. If it is about to be 25, returns 25
                    ^^^^^^^^^^^^^^^^^^^
  File "/home/tars/Projects/fpl-oracle/data_v3.py", line 38, in get_next_gameweek
    raise ValueError("No upcoming gameweek found")
ValueError: No upcoming gameweek found
Traceback (most recent call last):
  File "/home/tars/Projects/fpl-oracle/data_v3.py", line 42, in <module>
    curr_gameweek = get_next_gameweek()-1 # returns the actual current gameweek. If it is about to be 25, returns 25
                    ^^^^^^^^^^^^^^^^^^^
  File "/home/tars/Projects/fpl-oracle/data_v3.py", line 38, in get_next_gameweek
    raise ValueError("No upcoming gameweek found")
ValueError: No upcoming gameweek found
Traceback (most recent call last):
  File "/home/tars/Projects/fpl-oracle/data_v3.py", line 42, in <module>
    curr_gameweek = get_next_gameweek()-1 # returns the actual current gameweek. If it is about to be 25, returns 25
                    ^^^^^^^^^^^^^^^^^^^
  File "/home/tars/Projects/fpl-oracle/data_v3.py", line 38, in get_next_gameweek
    raise ValueError("No upcoming gameweek found")
ValueError: No upcoming gameweek found
Traceback (most recent call last):
  File "/home/tars/Projects/fpl-oracle/data_v3.py", line 42, in <module>
    curr_gameweek = get_next_gameweek()-1 # returns the actual current gameweek. If it is about to be 25, returns 25
                    ^^^^^^^^^^^^^^^^^^^
  File "/home/tars/Projects/fpl-oracle/data_v3.py", line 38, in get_next_gameweek
    raise ValueError("No upcoming gameweek found")
ValueError: No upcoming gameweek found
Traceback (most recent call last):
  File "/home/tars/Projects/fpl-oracle/data_v3.py", line 42, in <module>
    curr_gameweek = get_next_gameweek()-1 # returns the actual current gameweek. If it is about to be 25, returns 25
                    ^^^^^^^^^^^^^^^^^^^
  File "/home/tars/Projects/fpl-oracle/data_v3.py", line 38, in get_next_gameweek
    raise ValueError("No upcoming gameweek found")
ValueError: No upcoming gameweek found
Traceback (most recent call last):
  File "/home/tars/Projects/fpl-oracle/data_v3.py", line 42, in <module>
    curr_gameweek = get_next_gameweek()-1 # returns the actual current gameweek. If it is about to be 25, returns 25
                    ^^^^^^^^^^^^^^^^^^^
  File "/home/tars/Projects/fpl-oracle/data_v3.py", line 38, in get_next_gameweek
    raise ValueError("No upcoming gameweek found")
ValueError: No upcoming gameweek found
Traceback (most recent call last):
  File "/home/tars/Projects/fpl-oracle/data_v3.py", line 42, in <module>
    curr_gameweek = get_next_gameweek()-1 # returns the actual current gameweek. If it is about to be 25, returns 25
                    ^^^^^^^^^^^^^^^^^^^
  File "/home/tars/Projects/fpl-oracle/data_v3.py", line 38, in get_next_gameweek
    raise ValueError("No upcoming gameweek found")
ValueError: No upcoming gameweek found
Traceback (most recent call last):
  File "/home/tars/Projects/fpl-oracle/data_v3.py", line 42, in <module>
    curr_gameweek = get_next_gameweek()-1 # returns the actual current gameweek. If it is about to be 25, returns 25
                    ^^^^^^^^^^^^^^^^^^^
  File "/home/tars/Projects/fpl-oracle/data_v3.py", line 38, in get_next_gameweek
    raise ValueError("No upcoming gameweek found")
ValueError: No upcoming gameweek found
Traceback (most recent call last):
  File "/home/tars/Projects/fpl-oracle/data_v3.py", line 42, in <module>
    curr_gameweek = get_next_gameweek()-1 # returns the actual current gameweek. If it is about to be 25, returns 25
                    ^^^^^^^^^^^^^^^^^^^
  File "/home/tars/Projects/fpl-oracle/data_v3.py", line 38, in get_next_gameweek
    raise ValueError("No upcoming gameweek found")
ValueError: No upcoming gameweek found
Traceback (most recent call last):
  File "/home/tars/Projects/fpl-oracle/data_v3.py", line 42, in <module>
    curr_gameweek = get_next_gameweek()-1 # returns the actual current gameweek. If it is about to be 25, returns 25
                    ^^^^^^^^^^^^^^^^^^^
  File "/home/tars/Projects/fpl-oracle/data_v3.py", line 38, in get_next_gameweek
    raise ValueError("No upcoming gameweek found")
ValueError: No upcoming gameweek found
Traceback (most recent call last):
  File "/home/tars/Projects/fpl-oracle/data_v3.py", line 42, in <module>
    curr_gameweek = get_next_gameweek()-1 # returns the actual current gameweek. If it is about to be 25, returns 25
                    ^^^^^^^^^^^^^^^^^^^
  File "/home/tars/Projects/fpl-oracle/data_v3.py", line 38, in get_next_gameweek
    raise ValueError("No upcoming gameweek found")
ValueError: No upcoming gameweek found
Traceback (most recent call last):
  File "/home/tars/Projects/fpl-oracle/data_v3.py", line 42, in <module>
    curr_gameweek = get_next_gameweek()-1 # returns the actual current gameweek. If it is about to be 25, returns 25
                    ^^^^^^^^^^^^^^^^^^^
  File "/home/tars/Projects/fpl-oracle/data_v3.py", line 38, in get_next_gameweek
    raise ValueError("No upcoming gameweek found")
ValueError: No upcoming gameweek found
Traceback (most recent call last):
  File "/home/tars/Projects/fpl-oracle/data_v3.py", line 42, in <module>
    curr_gameweek = get_next_gameweek()-1 # returns the actual current gameweek. If it is about to be 25, returns 25
                    ^^^^^^^^^^^^^^^^^^^
  File "/home/tars/Projects/fpl-oracle/data_v3.py", line 38, in get_next_gameweek
    raise ValueError("No upcoming gameweek found")
ValueError: No upcoming gameweek found
Traceback (most recent call last):
  File "/home/tars/Projects/fpl-oracle/data_v3.py", line 42, in <module>
    curr_gameweek = get_next_gameweek()-1 # returns the actual current gameweek. If it is about to be 25, returns 25
                    ^^^^^^^^^^^^^^^^^^^
  File "/home/tars/Projects/fpl-oracle/data_v3.py", line 38, in get_next_gameweek
    raise ValueError("No upcoming gameweek found")
ValueError: No upcoming gameweek found
Traceback (most recent call last):
  File "/home/tars/Projects/fpl-oracle/data_v3.py", line 42, in <module>
    curr_gameweek = get_next_gameweek()-1 # returns the actual current gameweek. If it is about to be 25, returns 25
                    ^^^^^^^^^^^^^^^^^^^
  File "/home/tars/Projects/fpl-oracle/data_v3.py", line 38, in get_next_gameweek
    raise ValueError("No upcoming gameweek found")
ValueError: No upcoming gameweek found
Traceback (most recent call last):
  File "/home/tars/Projects/fpl-oracle/data_v3.py", line 42, in <module>
    curr_gameweek = get_next_gameweek()-1 # returns the actual current gameweek. If it is about to be 25, returns 25
                    ^^^^^^^^^^^^^^^^^^^
  File "/home/tars/Projects/fpl-oracle/data_v3.py", line 38, in get_next_gameweek
    raise ValueError("No upcoming gameweek found")
ValueError: No upcoming gameweek found
Traceback (most recent call last):
  File "/home/tars/Projects/fpl-oracle/data_v3.py", line 42, in <module>
    curr_gameweek = get_next_gameweek()-1 # returns the actual current gameweek. If it is about to be 25, returns 25
                    ^^^^^^^^^^^^^^^^^^^
  File "/home/tars/Projects/fpl-oracle/data_v3.py", line 38, in get_next_gameweek
    raise ValueError("No upcoming gameweek found")
ValueError: No upcoming gameweek found
Traceback (most recent call last):
  File "/home/tars/Projects/fpl-oracle/data_v3.py", line 42, in <module>
    curr_gameweek = get_next_gameweek()-1 # returns the actual current gameweek. If it is about to be 25, returns 25
                    ^^^^^^^^^^^^^^^^^^^
  File "/home/tars/Projects/fpl-oracle/data_v3.py", line 38, in get_next_gameweek
    raise ValueError("No upcoming gameweek found")
ValueError: No upcoming gameweek found
Traceback (most recent call last):
  File "/home/tars/Projects/fpl-oracle/data_v3.py", line 42, in <module>
    curr_gameweek = get_next_gameweek()-1 # returns the actual current gameweek. If it is about to be 25, returns 25
                    ^^^^^^^^^^^^^^^^^^^
  File "/home/tars/Projects/fpl-oracle/data_v3.py", line 38, in get_next_gameweek
    raise ValueError("No upcoming gameweek found")
ValueError: No upcoming gameweek found
Traceback (most recent call last):
  File "/home/tars/Projects/fpl-oracle/data_v3.py", line 42, in <module>
    curr_gameweek = get_next_gameweek()-1 # returns the actual current gameweek. If it is about to be 25, returns 25
                    ^^^^^^^^^^^^^^^^^^^
  File "/home/tars/Projects/fpl-oracle/data_v3.py", line 38, in get_next_gameweek
    raise ValueError("No upcoming gameweek found")
ValueError: No upcoming gameweek found
Traceback (most recent call last):
  File "/home/tars/Projects/fpl-oracle/data_v3.py", line 42, in <module>
    curr_gameweek = get_next_gameweek()-1 # returns the actual current gameweek. If it is about to be 25, returns 25
                    ^^^^^^^^^^^^^^^^^^^
  File "/home/tars/Projects/fpl-oracle/data_v3.py", line 38, in get_next_gameweek
    raise ValueError("No upcoming gameweek found")
ValueError: No upcoming gameweek found
Traceback (most recent call last):
  File "/home/tars/Projects/fpl-oracle/data_v3.py", line 42, in <module>
    curr_gameweek = get_next_gameweek()-1 # returns the actual current gameweek. If it is about to be 25, returns 25
                    ^^^^^^^^^^^^^^^^^^^
  File "/home/tars/Projects/fpl-oracle/data_v3.py", line 38, in get_next_gameweek
    raise ValueError("No upcoming gameweek found")
ValueError: No upcoming gameweek found
Traceback (most recent call last):
  File "/home/tars/Projects/fpl-oracle/data_v3.py", line 42, in <module>
    curr_gameweek = get_next_gameweek()-1 # returns the actual current gameweek. If it is about to be 25, returns 25
                    ^^^^^^^^^^^^^^^^^^^
  File "/home/tars/Projects/fpl-oracle/data_v3.py", line 38, in get_next_gameweek
    raise ValueError("No upcoming gameweek found")
ValueError: No upcoming gameweek found
Traceback (most recent call last):
  File "/home/tars/Projects/fpl-oracle/data_v3.py", line 42, in <module>
    curr_gameweek = get_next_gameweek()-1 # returns the actual current gameweek. If it is about to be 25, returns 25
                    ^^^^^^^^^^^^^^^^^^^
  File "/home/tars/Projects/fpl-oracle/data_v3.py", line 38, in get_next_gameweek
    raise ValueError("No upcoming gameweek found")
ValueError: No upcoming gameweek found
Traceback (most recent call last):
  File "/home/tars/Projects/fpl-oracle/data_v3.py", line 42, in <module>
    curr_gameweek = get_next_gameweek()-1 # returns the actual current gameweek. If it is about to be 25, returns 25
                    ^^^^^^^^^^^^^^^^^^^
  File "/home/tars/Projects/fpl-oracle/data_v3.py", line 38, in get_next_gameweek
    raise ValueError("No upcoming gameweek found")
ValueError: No upcoming gameweek found
Traceback (most recent call last):
  File "/home/tars/Projects/fpl-oracle/data_v3.py", line 42, in <module>
    curr_gameweek = get_next_gameweek()-1 # returns the actual current gameweek. If it is about to be 25, returns 25
                    ^^^^^^^^^^^^^^^^^^^
  File "/home/tars/Projects/fpl-oracle/data_v3.py", line 38, in get_next_gameweek
    raise ValueError("No upcoming gameweek found")
ValueError: No upcoming gameweek found
Traceback (most recent call last):
  File "/home/tars/Projects/fpl-oracle/data_v3.py", line 42, in <module>
    curr_gameweek = get_next_gameweek()-1 # returns the actual current gameweek. If it is about to be 25, returns 25
                    ^^^^^^^^^^^^^^^^^^^
  File "/home/tars/Projects/fpl-oracle/data_v3.py", line 38, in get_next_gameweek
    raise ValueError("No upcoming gameweek found")
ValueError: No upcoming gameweek found
Traceback (most recent call last):
  File "/home/tars/Projects/fpl-oracle/data_v3.py", line 42, in <module>
    curr_gameweek = get_next_gameweek()-1 # returns the actual current gameweek. If it is about to be 25, returns 25
                    ^^^^^^^^^^^^^^^^^^^
  File "/home/tars/Projects/fpl-oracle/data_v3.py", line 38, in get_next_gameweek
    raise ValueError("No upcoming gameweek found")
ValueError: No upcoming gameweek found
Traceback (most recent call last):
  File "/home/tars/Projects/fpl-oracle/data_v3.py", line 42, in <module>
    curr_gameweek = get_next_gameweek()-1 # returns the actual current gameweek. If it is about to be 25, returns 25
                    ^^^^^^^^^^^^^^^^^^^
  File "/home/tars/Projects/fpl-oracle/data_v3.py", line 38, in get_next_gameweek
    raise ValueError("No upcoming gameweek found")
ValueError: No upcoming gameweek found
Traceback (most recent call last):
  File "/home/tars/Projects/fpl-oracle/data_v3.py", line 42, in <module>
    curr_gameweek = get_next_gameweek()-1 # returns the actual current gameweek. If it is about to be 25, returns 25
                    ^^^^^^^^^^^^^^^^^^^
  File "/home/tars/Projects/fpl-oracle/data_v3.py", line 38, in get_next_gameweek
    raise ValueError("No upcoming gameweek found")
ValueError: No upcoming gameweek found
Traceback (most recent call last):
  File "/home/tars/Projects/fpl-oracle/data_v3.py", line 42, in <module>
    curr_gameweek = get_next_gameweek()-1 # returns the actual current gameweek. If it is about to be 25, returns 25
                    ^^^^^^^^^^^^^^^^^^^
  File "/home/tars/Projects/fpl-oracle/data_v3.py", line 38, in get_next_gameweek
    raise ValueError("No upcoming gameweek found")
ValueError: No upcoming gameweek found
Traceback (most recent call last):
  File "/home/tars/Projects/fpl-oracle/data_v3.py", line 42, in <module>
    curr_gameweek = get_next_gameweek()-1 # returns the actual current gameweek. If it is about to be 25, returns 25
                    ^^^^^^^^^^^^^^^^^^^
  File "/home/tars/Projects/fpl-oracle/data_v3.py", line 38, in get_next_gameweek
    raise ValueError("No upcoming gameweek found")
ValueError: No upcoming gameweek found
Traceback (most recent call last):
  File "/home/tars/Projects/fpl-oracle/data_v3.py", line 42, in <module>
    curr_gameweek = get_next_gameweek()-1 # returns the actual current gameweek. If it is about to be 25, returns 25
                    ^^^^^^^^^^^^^^^^^^^
  File "/home/tars/Projects/fpl-oracle/data_v3.py", line 38, in get_next_gameweek
    raise ValueError("No upcoming gameweek found")
ValueError: No upcoming gameweek found
Traceback (most recent call last):
  File "/home/tars/Projects/fpl-oracle/data_v3.py", line 42, in <module>
    curr_gameweek = get_next_gameweek()-1 # returns the actual current gameweek. If it is about to be 25, returns 25
                    ^^^^^^^^^^^^^^^^^^^
  File "/home/tars/Projects/fpl-oracle/data_v3.py", line 38, in get_next_gameweek
    raise ValueError("No upcoming gameweek found")
ValueError: No upcoming gameweek found
Traceback (most recent call last):
  File "/home/tars/Projects/fpl-oracle/data_v3.py", line 42, in <module>
    curr_gameweek = get_next_gameweek()-1 # returns the actual current gameweek. If it is about to be 25, returns 25
                    ^^^^^^^^^^^^^^^^^^^
  File "/home/tars/Projects/fpl-oracle/data_v3.py", line 38, in get_next_gameweek
    raise ValueError("No upcoming gameweek found")
ValueError: No upcoming gameweek found
Traceback (most recent call last):
  File "/home/tars/Projects/fpl-oracle/data_v3.py", line 42, in <module>
    curr_gameweek = get_next_gameweek()-1 # returns the actual current gameweek. If it is about to be 25, returns 25
                    ^^^^^^^^^^^^^^^^^^^
  File "/home/tars/Projects/fpl-oracle/data_v3.py", line 38, in get_next_gameweek
    raise ValueError("No upcoming gameweek found")
ValueError: No upcoming gameweek found
Traceback (most recent call last):
  File "/home/tars/Projects/fpl-oracle/data_v3.py", line 42, in <module>
    curr_gameweek = get_next_gameweek()-1 # returns the actual current gameweek. If it is about to be 25, returns 25
                    ^^^^^^^^^^^^^^^^^^^
  File "/home/tars/Projects/fpl-oracle/data_v3.py", line 38, in get_next_gameweek
    raise ValueError("No upcoming gameweek found")
ValueError: No upcoming gameweek found
Traceback (most recent call last):
  File "/home/tars/Projects/fpl-oracle/data_v3.py", line 42, in <module>
    curr_gameweek = get_next_gameweek()-1 # returns the actual current gameweek. If it is about to be 25, returns 25
                    ^^^^^^^^^^^^^^^^^^^
  File "/home/tars/Projects/fpl-oracle/data_v3.py", line 38, in get_next_gameweek
    raise ValueError("No upcoming gameweek found")
ValueError: No upcoming gameweek found
Traceback (most recent call last):
  File "/home/tars/Projects/fpl-oracle/data_v3.py", line 42, in <module>
    curr_gameweek = get_next_gameweek()-1 # returns the actual current gameweek. If it is about to be 25, returns 25
                    ^^^^^^^^^^^^^^^^^^^
  File "/home/tars/Projects/fpl-oracle/data_v3.py", line 38, in get_next_gameweek
    raise ValueError("No upcoming gameweek found")
ValueError: No upcoming gameweek found
Traceback (most recent call last):
  File "/home/tars/Projects/fpl-oracle/data_v3.py", line 42, in <module>
    curr_gameweek = get_next_gameweek()-1 # returns the actual current gameweek. If it is about to be 25, returns 25
                    ^^^^^^^^^^^^^^^^^^^
  File "/home/tars/Projects/fpl-oracle/data_v3.py", line 38, in get_next_gameweek
    raise ValueError("No upcoming gameweek found")
ValueError: No upcoming gameweek found
Traceback (most recent call last):
  File "/home/tars/Projects/fpl-oracle/data_v3.py", line 42, in <module>
    curr_gameweek = get_next_gameweek()-1 # returns the actual current gameweek. If it is about to be 25, returns 25
                    ^^^^^^^^^^^^^^^^^^^
  File "/home/tars/Projects/fpl-oracle/data_v3.py", line 38, in get_next_gameweek
    raise ValueError("No upcoming gameweek found")
ValueError: No upcoming gameweek found
Traceback (most recent call last):
  File "/home/tars/Projects/fpl-oracle/data_v3.py", line 42, in <module>
    curr_gameweek = get_next_gameweek()-1 # returns the actual current gameweek. If it is about to be 25, returns 25
                    ^^^^^^^^^^^^^^^^^^^
  File "/home/tars/Projects/fpl-oracle/data_v3.py", line 38, in get_next_gameweek
    raise ValueError("No upcoming gameweek found")
ValueError: No upcoming gameweek found
Traceback (most recent call last):
  File "/home/tars/Projects/fpl-oracle/data_v3.py", line 42, in <module>
    curr_gameweek = get_next_gameweek()-1 # returns the actual current gameweek. If it is about to be 25, returns 25
                    ^^^^^^^^^^^^^^^^^^^
  File "/home/tars/Projects/fpl-oracle/data_v3.py", line 38, in get_next_gameweek
    raise ValueError("No upcoming gameweek found")
ValueError: No upcoming gameweek found
Traceback (most recent call last):
  File "/home/tars/Projects/fpl-oracle/data_v3.py", line 42, in <module>
    curr_gameweek = get_next_gameweek()-1 # returns the actual current gameweek. If it is about to be 25, returns 25
                    ^^^^^^^^^^^^^^^^^^^
  File "/home/tars/Projects/fpl-oracle/data_v3.py", line 38, in get_next_gameweek
    raise ValueError("No upcoming gameweek found")
ValueError: No upcoming gameweek found
Traceback (most recent call last):
  File "/home/tars/Projects/fpl-oracle/data_v3.py", line 42, in <module>
    curr_gameweek = get_next_gameweek()-1 # returns the actual current gameweek. If it is about to be 25, returns 25
                    ^^^^^^^^^^^^^^^^^^^
  File "/home/tars/Projects/fpl-oracle/data_v3.py", line 38, in get_next_gameweek
    raise ValueError("No upcoming gameweek found")
ValueError: No upcoming gameweek found
Traceback (most recent call last):
  File "/home/tars/Projects/fpl-oracle/data_v3.py", line 42, in <module>
    curr_gameweek = get_next_gameweek()-1 # returns the actual current gameweek. If it is about to be 25, returns 25
                    ^^^^^^^^^^^^^^^^^^^
  File "/home/tars/Projects/fpl-oracle/data_v3.py", line 38, in get_next_gameweek
    raise ValueError("No upcoming gameweek found")
ValueError: No upcoming gameweek found
Traceback (most recent call last):
  File "/home/tars/Projects/fpl-oracle/data_v3.py", line 42, in <module>
    curr_gameweek = get_next_gameweek()-1 # returns the actual current gameweek. If it is about to be 25, returns 25
                    ^^^^^^^^^^^^^^^^^^^
  File "/home/tars/Projects/fpl-oracle/data_v3.py", line 38, in get_next_gameweek
    raise ValueError("No upcoming gameweek found")
ValueError: No upcoming gameweek found
Traceback (most recent call last):
  File "/home/tars/Projects/fpl-oracle/data_v3.py", line 42, in <module>
    curr_gameweek = get_next_gameweek()-1 # returns the actual current gameweek. If it is about to be 25, returns 25
                    ^^^^^^^^^^^^^^^^^^^
  File "/home/tars/Projects/fpl-oracle/data_v3.py", line 38, in get_next_gameweek
    raise ValueError("No upcoming gameweek found")
ValueError: No upcoming gameweek found
Traceback (most recent call last):
  File "/home/tars/Projects/fpl-oracle/data_v3.py", line 42, in <module>
    curr_gameweek = get_next_gameweek()-1 # returns the actual current gameweek. If it is about to be 25, returns 25
                    ^^^^^^^^^^^^^^^^^^^
  File "/home/tars/Projects/fpl-oracle/data_v3.py", line 38, in get_next_gameweek
    raise ValueError("No upcoming gameweek found")
ValueError: No upcoming gameweek found
Traceback (most recent call last):
  File "/home/tars/Projects/fpl-oracle/data_v3.py", line 42, in <module>
    curr_gameweek = get_next_gameweek()-1 # returns the actual current gameweek. If it is about to be 25, returns 25
                    ^^^^^^^^^^^^^^^^^^^
  File "/home/tars/Projects/fpl-oracle/data_v3.py", line 38, in get_next_gameweek
    raise ValueError("No upcoming gameweek found")
ValueError: No upcoming gameweek found
Traceback (most recent call last):
  File "/home/tars/Projects/fpl-oracle/data_v3.py", line 42, in <module>
    curr_gameweek = get_next_gameweek()-1 # returns the actual current gameweek. If it is about to be 25, returns 25
                    ^^^^^^^^^^^^^^^^^^^
  File "/home/tars/Projects/fpl-oracle/data_v3.py", line 38, in get_next_gameweek
    raise ValueError("No upcoming gameweek found")
ValueError: No upcoming gameweek found
Traceback (most recent call last):
  File "/home/tars/Projects/fpl-oracle/data_v3.py", line 42, in <module>
    curr_gameweek = get_next_gameweek()-1 # returns the actual current gameweek. If it is about to be 25, returns 25
                    ^^^^^^^^^^^^^^^^^^^
  File "/home/tars/Projects/fpl-oracle/data_v3.py", line 38, in get_next_gameweek
    raise ValueError("No upcoming gameweek found")
ValueError: No upcoming gameweek found
Traceback (most recent call last):
  File "/home/tars/Projects/fpl-oracle/data_v3.py", line 42, in <module>
    curr_gameweek = get_next_gameweek()-1 # returns the actual current gameweek. If it is about to be 25, returns 25
                    ^^^^^^^^^^^^^^^^^^^
  File "/home/tars/Projects/fpl-oracle/data_v3.py", line 38, in get_next_gameweek
    raise ValueError("No upcoming gameweek found")
ValueError: No upcoming gameweek found
Traceback (most recent call last):
  File "/home/tars/Projects/fpl-oracle/data_v3.py", line 42, in <module>
    curr_gameweek = get_next_gameweek()-1 # returns the actual current gameweek. If it is about to be 25, returns 25
                    ^^^^^^^^^^^^^^^^^^^
  File "/home/tars/Projects/fpl-oracle/data_v3.py", line 38, in get_next_gameweek
    raise ValueError("No upcoming gameweek found")
ValueError: No upcoming gameweek found
Traceback (most recent call last):
  File "/home/tars/Projects/fpl-oracle/data_v3.py", line 42, in <module>
    curr_gameweek = get_next_gameweek()-1 # returns the actual current gameweek. If it is about to be 25, returns 25
                    ^^^^^^^^^^^^^^^^^^^
  File "/home/tars/Projects/fpl-oracle/data_v3.py", line 38, in get_next_gameweek
    raise ValueError("No upcoming gameweek found")
ValueError: No upcoming gameweek found
Traceback (most recent call last):
  File "/home/tars/Projects/fpl-oracle/data_v3.py", line 42, in <module>
    curr_gameweek = get_next_gameweek()-1 # returns the actual current gameweek. If it is about to be 25, returns 25
                    ^^^^^^^^^^^^^^^^^^^
  File "/home/tars/Projects/fpl-oracle/data_v3.py", line 38, in get_next_gameweek
    raise ValueError("No upcoming gameweek found")
ValueError: No upcoming gameweek found
Traceback (most recent call last):
  File "/home/tars/Projects/fpl-oracle/data_v3.py", line 42, in <module>
    curr_gameweek = get_next_gameweek()-1 # returns the actual current gameweek. If it is about to be 25, returns 25
                    ^^^^^^^^^^^^^^^^^^^
  File "/home/tars/Projects/fpl-oracle/data_v3.py", line 38, in get_next_gameweek
    raise ValueError("No upcoming gameweek found")
ValueError: No upcoming gameweek found
Traceback (most recent call last):
  File "/home/tars/Projects/fpl-oracle/data_v3.py", line 42, in <module>
    curr_gameweek = get_next_gameweek()-1 # returns the actual current gameweek. If it is about to be 25, returns 25
                    ^^^^^^^^^^^^^^^^^^^
  File "/home/tars/Projects/fpl-oracle/data_v3.py", line 38, in get_next_gameweek
    raise ValueError("No upcoming gameweek found")
ValueError: No upcoming gameweek found
Traceback (most recent call last):
  File "/home/tars/Projects/fpl-oracle/data_v3.py", line 42, in <module>
    curr_gameweek = get_next_gameweek()-1 # returns the actual current gameweek. If it is about to be 25, returns 25
                    ^^^^^^^^^^^^^^^^^^^
  File "/home/tars/Projects/fpl-oracle/data_v3.py", line 38, in get_next_gameweek
    raise ValueError("No upcoming gameweek found")
ValueError: No upcoming gameweek found
Traceback (most recent call last):
  File "/home/tars/Projects/fpl-oracle/data_v3.py", line 42, in <module>
    curr_gameweek = get_next_gameweek()-1 # returns the actual current gameweek. If it is about to be 25, returns 25
                    ^^^^^^^^^^^^^^^^^^^
  File "/home/tars/Projects/fpl-oracle/data_v3.py", line 38, in get_next_gameweek
    raise ValueError("No upcoming gameweek found")
ValueError: No upcoming gameweek found
Traceback (most recent call last):
  File "/home/tars/Projects/fpl-oracle/data_v3.py", line 42, in <module>
    curr_gameweek = get_next_gameweek()-1 # returns the actual current gameweek. If it is about to be 25, returns 25
                    ^^^^^^^^^^^^^^^^^^^
  File "/home/tars/Projects/fpl-oracle/data_v3.py", line 38, in get_next_gameweek
    raise ValueError("No upcoming gameweek found")
ValueError: No upcoming gameweek found
Traceback (most recent call last):
  File "/home/tars/Projects/fpl-oracle/data_v3.py", line 42, in <module>
    curr_gameweek = get_next_gameweek()-1 # returns the actual current gameweek. If it is about to be 25, returns 25
                    ^^^^^^^^^^^^^^^^^^^
  File "/home/tars/Projects/fpl-oracle/data_v3.py", line 38, in get_next_gameweek
    raise ValueError("No upcoming gameweek found")
ValueError: No upcoming gameweek found
Traceback (most recent call last):
  File "/home/tars/Projects/fpl-oracle/data_v3.py", line 42, in <module>
    curr_gameweek = get_next_gameweek()-1 # returns the actual current gameweek. If it is about to be 25, returns 25
                    ^^^^^^^^^^^^^^^^^^^
  File "/home/tars/Projects/fpl-oracle/data_v3.py", line 38, in get_next_gameweek
    raise ValueError("No upcoming gameweek found")
ValueError: No upcoming gameweek found
Traceback (most recent call last):
  File "/home/tars/Projects/fpl-oracle/data_v3.py", line 42, in <module>
    curr_gameweek = get_next_gameweek()-1 # returns the actual current gameweek. If it is about to be 25, returns 25
                    ^^^^^^^^^^^^^^^^^^^
  File "/home/tars/Projects/fpl-oracle/data_v3.py", line 38, in get_next_gameweek
    raise ValueError("No upcoming gameweek found")
ValueError: No upcoming gameweek found
Traceback (most recent call last):
  File "/home/tars/Projects/fpl-oracle/data_v3.py", line 42, in <module>
    curr_gameweek = get_next_gameweek()-1 # returns the actual current gameweek. If it is about to be 25, returns 25
                    ^^^^^^^^^^^^^^^^^^^
  File "/home/tars/Projects/fpl-oracle/data_v3.py", line 38, in get_next_gameweek
    raise ValueError("No upcoming gameweek found")
ValueError: No upcoming gameweek found
Traceback (most recent call last):
  File "/home/tars/Projects/fpl-oracle/data_v3.py", line 42, in <module>
    curr_gameweek = get_next_gameweek()-1 # returns the actual current gameweek. If it is about to be 25, returns 25
                    ^^^^^^^^^^^^^^^^^^^
  File "/home/tars/Projects/fpl-oracle/data_v3.py", line 38, in get_next_gameweek
    raise ValueError("No upcoming gameweek found")
ValueError: No upcoming gameweek found
Traceback (most recent call last):
  File "/home/tars/Projects/fpl-oracle/data_v3.py", line 42, in <module>
    curr_gameweek = get_next_gameweek()-1 # returns the actual current gameweek. If it is about to be 25, returns 25
                    ^^^^^^^^^^^^^^^^^^^
  File "/home/tars/Projects/fpl-oracle/data_v3.py", line 38, in get_next_gameweek
    raise ValueError("No upcoming gameweek found")
ValueError: No upcoming gameweek found
Traceback (most recent call last):
  File "/home/tars/Projects/fpl-oracle/data_v3.py", line 42, in <module>
    curr_gameweek = get_next_gameweek()-1 # returns the actual current gameweek. If it is about to be 25, returns 25
                    ^^^^^^^^^^^^^^^^^^^
  File "/home/tars/Projects/fpl-oracle/data_v3.py", line 38, in get_next_gameweek
    raise ValueError("No upcoming gameweek found")
ValueError: No upcoming gameweek found
Traceback (most recent call last):
  File "/home/tars/Projects/fpl-oracle/data_v3.py", line 42, in <module>
    curr_gameweek = get_next_gameweek()-1 # returns the actual current gameweek. If it is about to be 25, returns 25
                    ^^^^^^^^^^^^^^^^^^^
  File "/home/tars/Projects/fpl-oracle/data_v3.py", line 38, in get_next_gameweek
    raise ValueError("No upcoming gameweek found")
ValueError: No upcoming gameweek found
Traceback (most recent call last):
  File "/home/tars/Projects/fpl-oracle/data_v3.py", line 42, in <module>
    curr_gameweek = get_next_gameweek()-1 # returns the actual current gameweek. If it is about to be 25, returns 25
                    ^^^^^^^^^^^^^^^^^^^
  File "/home/tars/Projects/fpl-oracle/data_v3.py", line 38, in get_next_gameweek
    raise ValueError("No upcoming gameweek found")
ValueError: No upcoming gameweek found
Traceback (most recent call last):
  File "/home/tars/Projects/fpl-oracle/data_v3.py", line 42, in <module>
    curr_gameweek = get_next_gameweek()-1 # returns the actual current gameweek. If it is about to be 25, returns 25
                    ^^^^^^^^^^^^^^^^^^^
  File "/home/tars/Projects/fpl-oracle/data_v3.py", line 38, in get_next_gameweek
    raise ValueError("No upcoming gameweek found")
ValueError: No upcoming gameweek found
Traceback (most recent call last):
  File "/home/tars/Projects/fpl-oracle/data_v3.py", line 42, in <module>
    curr_gameweek = get_next_gameweek()-1 # returns the actual current gameweek. If it is about to be 25, returns 25
                    ^^^^^^^^^^^^^^^^^^^
  File "/home/tars/Projects/fpl-oracle/data_v3.py", line 38, in get_next_gameweek
    raise ValueError("No upcoming gameweek found")
ValueError: No upcoming gameweek found
Traceback (most recent call last):
  File "/home/tars/Projects/fpl-oracle/data_v3.py", line 42, in <module>
    curr_gameweek = get_next_gameweek()-1 # returns the actual current gameweek. If it is about to be 25, returns 25
                    ^^^^^^^^^^^^^^^^^^^
  File "/home/tars/Projects/fpl-oracle/data_v3.py", line 38, in get_next_gameweek
    raise ValueError("No upcoming gameweek found")
ValueError: No upcoming gameweek found
Traceback (most recent call last):
  File "/home/tars/Projects/fpl-oracle/data_v3.py", line 42, in <module>
    curr_gameweek = get_next_gameweek()-1 # returns the actual current gameweek. If it is about to be 25, returns 25
                    ^^^^^^^^^^^^^^^^^^^
  File "/home/tars/Projects/fpl-oracle/data_v3.py", line 38, in get_next_gameweek
    raise ValueError("No upcoming gameweek found")
ValueError: No upcoming gameweek found
Traceback (most recent call last):
  File "/home/tars/Projects/fpl-oracle/data_v3.py", line 42, in <module>
    curr_gameweek = get_next_gameweek()-1 # returns the actual current gameweek. If it is about to be 25, returns 25
                    ^^^^^^^^^^^^^^^^^^^
  File "/home/tars/Projects/fpl-oracle/data_v3.py", line 38, in get_next_gameweek
    raise ValueError("No upcoming gameweek found")
ValueError: No upcoming gameweek found
Traceback (most recent call last):
  File "/home/tars/Projects/fpl-oracle/data_v3.py", line 42, in <module>
    curr_gameweek = get_next_gameweek()-1 # returns the actual current gameweek. If it is about to be 25, returns 25
                    ^^^^^^^^^^^^^^^^^^^
  File "/home/tars/Projects/fpl-oracle/data_v3.py", line 38, in get_next_gameweek
    raise ValueError("No upcoming gameweek found")
ValueError: No upcoming gameweek found
Traceback (most recent call last):
  File "/home/tars/Projects/fpl-oracle/data_v3.py", line 42, in <module>
    curr_gameweek = get_next_gameweek()-1 # returns the actual current gameweek. If it is about to be 25, returns 25
                    ^^^^^^^^^^^^^^^^^^^
  File "/home/tars/Projects/fpl-oracle/data_v3.py", line 38, in get_next_gameweek
    raise ValueError("No upcoming gameweek found")
ValueError: No upcoming gameweek found
Traceback (most recent call last):
  File "/home/tars/Projects/fpl-oracle/data_v3.py", line 42, in <module>
    curr_gameweek = get_next_gameweek()-1 # returns the actual current gameweek. If it is about to be 25, returns 25
                    ^^^^^^^^^^^^^^^^^^^
  File "/home/tars/Projects/fpl-oracle/data_v3.py", line 38, in get_next_gameweek
    raise ValueError("No upcoming gameweek found")
ValueError: No upcoming gameweek found
Traceback (most recent call last):
  File "/home/tars/Projects/fpl-oracle/data_v3.py", line 42, in <module>
    curr_gameweek = get_next_gameweek()-1 # returns the actual current gameweek. If it is about to be 25, returns 25
                    ^^^^^^^^^^^^^^^^^^^
  File "/home/tars/Projects/fpl-oracle/data_v3.py", line 38, in get_next_gameweek
    raise ValueError("No upcoming gameweek found")
ValueError: No upcoming gameweek found
Traceback (most recent call last):
  File "/home/tars/Projects/fpl-oracle/data_v3.py", line 42, in <module>
    curr_gameweek = get_next_gameweek()-1 # returns the actual current gameweek. If it is about to be 25, returns 25
                    ^^^^^^^^^^^^^^^^^^^
  File "/home/tars/Projects/fpl-oracle/data_v3.py", line 38, in get_next_gameweek
    raise ValueError("No upcoming gameweek found")
ValueError: No upcoming gameweek found
Traceback (most recent call last):
  File "/home/tars/Projects/fpl-oracle/data_v3.py", line 42, in <module>
    curr_gameweek = get_next_gameweek()-1 # returns the actual current gameweek. If it is about to be 25, returns 25
                    ^^^^^^^^^^^^^^^^^^^
  File "/home/tars/Projects/fpl-oracle/data_v3.py", line 38, in get_next_gameweek
    raise ValueError("No upcoming gameweek found")
ValueError: No upcoming gameweek found
Traceback (most recent call last):
  File "/home/tars/Projects/fpl-oracle/data_v3.py", line 42, in <module>
    curr_gameweek = get_next_gameweek()-1 # returns the actual current gameweek. If it is about to be 25, returns 25
                    ^^^^^^^^^^^^^^^^^^^
  File "/home/tars/Projects/fpl-oracle/data_v3.py", line 38, in get_next_gameweek
    raise ValueError("No upcoming gameweek found")
ValueError: No upcoming gameweek found
Traceback (most recent call last):
  File "/home/tars/Projects/fpl-oracle/data_v3.py", line 42, in <module>
    curr_gameweek = get_next_gameweek()-1 # returns the actual current gameweek. If it is about to be 25, returns 25
                    ^^^^^^^^^^^^^^^^^^^
  File "/home/tars/Projects/fpl-oracle/data_v3.py", line 38, in get_next_gameweek
    raise ValueError("No upcoming gameweek found")
ValueError: No upcoming gameweek found
Traceback (most recent call last):
  File "/home/tars/Projects/fpl-oracle/data_v3.py", line 42, in <module>
    curr_gameweek = get_next_gameweek()-1 # returns the actual current gameweek. If it is about to be 25, returns 25
                    ^^^^^^^^^^^^^^^^^^^
  File "/home/tars/Projects/fpl-oracle/data_v3.py", line 38, in get_next_gameweek
    raise ValueError("No upcoming gameweek found")
ValueError: No upcoming gameweek found
Traceback (most recent call last):
  File "/home/tars/Projects/fpl-oracle/data_v3.py", line 42, in <module>
    curr_gameweek = get_next_gameweek()-1 # returns the actual current gameweek. If it is about to be 25, returns 25
                    ^^^^^^^^^^^^^^^^^^^
  File "/home/tars/Projects/fpl-oracle/data_v3.py", line 38, in get_next_gameweek
    raise ValueError("No upcoming gameweek found")
ValueError: No upcoming gameweek found
Traceback (most recent call last):
  File "/home/tars/Projects/fpl-oracle/data_v3.py", line 42, in <module>
    curr_gameweek = get_next_gameweek()-1 # returns the actual current gameweek. If it is about to be 25, returns 25
                    ^^^^^^^^^^^^^^^^^^^
  File "/home/tars/Projects/fpl-oracle/data_v3.py", line 38, in get_next_gameweek
    raise ValueError("No upcoming gameweek found")
ValueError: No upcoming gameweek found
Traceback (most recent call last):
  File "/home/tars/Projects/fpl-oracle/data_v3.py", line 42, in <module>
    curr_gameweek = get_next_gameweek()-1 # returns the actual current gameweek. If it is about to be 25, returns 25
                    ^^^^^^^^^^^^^^^^^^^
  File "/home/tars/Projects/fpl-oracle/data_v3.py", line 38, in get_next_gameweek
    raise ValueError("No upcoming gameweek found")
ValueError: No upcoming gameweek found
Traceback (most recent call last):
  File "/home/tars/Projects/fpl-oracle/data_v3.py", line 42, in <module>
    curr_gameweek = get_next_gameweek()-1 # returns the actual current gameweek. If it is about to be 25, returns 25
                    ^^^^^^^^^^^^^^^^^^^
  File "/home/tars/Projects/fpl-oracle/data_v3.py", line 38, in get_next_gameweek
    raise ValueError("No upcoming gameweek found")
ValueError: No upcoming gameweek found
Traceback (most recent call last):
  File "/home/tars/Projects/fpl-oracle/data_v3.py", line 42, in <module>
    curr_gameweek = get_next_gameweek()-1 # returns the actual current gameweek. If it is about to be 25, returns 25
                    ^^^^^^^^^^^^^^^^^^^
  File "/home/tars/Projects/fpl-oracle/data_v3.py", line 38, in get_next_gameweek
    raise ValueError("No upcoming gameweek found")
ValueError: No upcoming gameweek found
Traceback (most recent call last):
  File "/home/tars/Projects/fpl-oracle/data_v3.py", line 42, in <module>
    curr_gameweek = get_next_gameweek()-1 # returns the actual current gameweek. If it is about to be 25, returns 25
                    ^^^^^^^^^^^^^^^^^^^
  File "/home/tars/Projects/fpl-oracle/data_v3.py", line 38, in get_next_gameweek
    raise ValueError("No upcoming gameweek found")
ValueError: No upcoming gameweek found
Traceback (most recent call last):
  File "/home/tars/Projects/fpl-oracle/data_v3.py", line 42, in <module>
    curr_gameweek = get_next_gameweek()-1 # returns the actual current gameweek. If it is about to be 25, returns 25
                    ^^^^^^^^^^^^^^^^^^^
  File "/home/tars/Projects/fpl-oracle/data_v3.py", line 38, in get_next_gameweek
    raise ValueError("No upcoming gameweek found")
ValueError: No upcoming gameweek found
Traceback (most recent call last):
  File "/home/tars/Projects/fpl-oracle/data_v3.py", line 42, in <module>
    curr_gameweek = get_next_gameweek()-1 # returns the actual current gameweek. If it is about to be 25, returns 25
                    ^^^^^^^^^^^^^^^^^^^
  File "/home/tars/Projects/fpl-oracle/data_v3.py", line 38, in get_next_gameweek
    raise ValueError("No upcoming gameweek found")
ValueError: No upcoming gameweek found
Traceback (most recent call last):
  File "/home/tars/Projects/fpl-oracle/data_v3.py", line 42, in <module>
    curr_gameweek = get_next_gameweek()-1 # returns the actual current gameweek. If it is about to be 25, returns 25
                    ^^^^^^^^^^^^^^^^^^^
  File "/home/tars/Projects/fpl-oracle/data_v3.py", line 38, in get_next_gameweek
    raise ValueError("No upcoming gameweek found")
ValueError: No upcoming gameweek found
Traceback (most recent call last):
  File "/home/tars/Projects/fpl-oracle/data_v3.py", line 42, in <module>
    curr_gameweek = get_next_gameweek()-1 # returns the actual current gameweek. If it is about to be 25, returns 25
                    ^^^^^^^^^^^^^^^^^^^
  File "/home/tars/Projects/fpl-oracle/data_v3.py", line 38, in get_next_gameweek
    raise ValueError("No upcoming gameweek found")
ValueError: No upcoming gameweek found
Traceback (most recent call last):
  File "/home/tars/Projects/fpl-oracle/data_v3.py", line 42, in <module>
    curr_gameweek = get_next_gameweek()-1 # returns the actual current gameweek. If it is about to be 25, returns 25
                    ^^^^^^^^^^^^^^^^^^^
  File "/home/tars/Projects/fpl-oracle/data_v3.py", line 38, in get_next_gameweek
    raise ValueError("No upcoming gameweek found")
ValueError: No upcoming gameweek found
Traceback (most recent call last):
  File "/home/tars/Projects/fpl-oracle/data_v3.py", line 42, in <module>
    curr_gameweek = get_next_gameweek()-1 # returns the actual current gameweek. If it is about to be 25, returns 25
                    ^^^^^^^^^^^^^^^^^^^
  File "/home/tars/Projects/fpl-oracle/data_v3.py", line 38, in get_next_gameweek
    raise ValueError("No upcoming gameweek found")
ValueError: No upcoming gameweek found
Traceback (most recent call last):
  File "/home/tars/Projects/fpl-oracle/data_v3.py", line 42, in <module>
    curr_gameweek = get_next_gameweek()-1 # returns the actual current gameweek. If it is about to be 25, returns 25
                    ^^^^^^^^^^^^^^^^^^^
  File "/home/tars/Projects/fpl-oracle/data_v3.py", line 38, in get_next_gameweek
    raise ValueError("No upcoming gameweek found")
ValueError: No upcoming gameweek found
Traceback (most recent call last):
  File "/home/tars/Projects/fpl-oracle/data_v3.py", line 42, in <module>
    curr_gameweek = get_next_gameweek()-1 # returns the actual current gameweek. If it is about to be 25, returns 25
                    ^^^^^^^^^^^^^^^^^^^
  File "/home/tars/Projects/fpl-oracle/data_v3.py", line 38, in get_next_gameweek
    raise ValueError("No upcoming gameweek found")
ValueError: No upcoming gameweek found
Traceback (most recent call last):
  File "/home/tars/Projects/fpl-oracle/data_v3.py", line 42, in <module>
    curr_gameweek = get_next_gameweek()-1 # returns the actual current gameweek. If it is about to be 25, returns 25
                    ^^^^^^^^^^^^^^^^^^^
  File "/home/tars/Projects/fpl-oracle/data_v3.py", line 38, in get_next_gameweek
    raise ValueError("No upcoming gameweek found")
ValueError: No upcoming gameweek found
Traceback (most recent call last):
  File "/home/tars/Projects/fpl-oracle/data_v3.py", line 42, in <module>
    curr_gameweek = get_next_gameweek()-1 # returns the actual current gameweek. If it is about to be 25, returns 25
                    ^^^^^^^^^^^^^^^^^^^
  File "/home/tars/Projects/fpl-oracle/data_v3.py", line 38, in get_next_gameweek
    raise ValueError("No upcoming gameweek found")
ValueError: No upcoming gameweek found
Traceback (most recent call last):
  File "/home/tars/Projects/fpl-oracle/data_v3.py", line 42, in <module>
    curr_gameweek = get_next_gameweek()-1 # returns the actual current gameweek. If it is about to be 25, returns 25
                    ^^^^^^^^^^^^^^^^^^^
  File "/home/tars/Projects/fpl-oracle/data_v3.py", line 38, in get_next_gameweek
    raise ValueError("No upcoming gameweek found")
ValueError: No upcoming gameweek found
Traceback (most recent call last):
  File "/home/tars/Projects/fpl-oracle/data_v3.py", line 42, in <module>
    curr_gameweek = get_next_gameweek()-1 # returns the actual current gameweek. If it is about to be 25, returns 25
                    ^^^^^^^^^^^^^^^^^^^
  File "/home/tars/Projects/fpl-oracle/data_v3.py", line 38, in get_next_gameweek
    raise ValueError("No upcoming gameweek found")
ValueError: No upcoming gameweek found
Traceback (most recent call last):
  File "/home/tars/Projects/fpl-oracle/data_v3.py", line 42, in <module>
    curr_gameweek = get_next_gameweek()-1 # returns the actual current gameweek. If it is about to be 25, returns 25
                    ^^^^^^^^^^^^^^^^^^^
  File "/home/tars/Projects/fpl-oracle/data_v3.py", line 38, in get_next_gameweek
    raise ValueError("No upcoming gameweek found")
ValueError: No upcoming gameweek found
Traceback (most recent call last):
  File "/home/tars/Projects/fpl-oracle/data_v3.py", line 42, in <module>
    curr_gameweek = get_next_gameweek()-1 # returns the actual current gameweek. If it is about to be 25, returns 25
                    ^^^^^^^^^^^^^^^^^^^
  File "/home/tars/Projects/fpl-oracle/data_v3.py", line 38, in get_next_gameweek
    raise ValueError("No upcoming gameweek found")
ValueError: No upcoming gameweek found
Traceback (most recent call last):
  File "/home/tars/Projects/fpl-oracle/data_v3.py", line 42, in <module>
    curr_gameweek = get_next_gameweek()-1 # returns the actual current gameweek. If it is about to be 25, returns 25
                    ^^^^^^^^^^^^^^^^^^^
  File "/home/tars/Projects/fpl-oracle/data_v3.py", line 38, in get_next_gameweek
    raise ValueError("No upcoming gameweek found")
ValueError: No upcoming gameweek found
Traceback (most recent call last):
  File "/home/tars/Projects/fpl-oracle/data_v3.py", line 42, in <module>
    curr_gameweek = get_next_gameweek()-1 # returns the actual current gameweek. If it is about to be 25, returns 25
                    ^^^^^^^^^^^^^^^^^^^
  File "/home/tars/Projects/fpl-oracle/data_v3.py", line 38, in get_next_gameweek
    raise ValueError("No upcoming gameweek found")
ValueError: No upcoming gameweek found
Traceback (most recent call last):
  File "/home/tars/Projects/fpl-oracle/data_v3.py", line 42, in <module>
    curr_gameweek = get_next_gameweek()-1 # returns the actual current gameweek. If it is about to be 25, returns 25
                    ^^^^^^^^^^^^^^^^^^^
  File "/home/tars/Projects/fpl-oracle/data_v3.py", line 38, in get_next_gameweek
    raise ValueError("No upcoming gameweek found")
ValueError: No upcoming gameweek found
Traceback (most recent call last):
  File "/home/tars/Projects/fpl-oracle/data_v3.py", line 42, in <module>
    curr_gameweek = get_next_gameweek()-1 # returns the actual current gameweek. If it is about to be 25, returns 25
                    ^^^^^^^^^^^^^^^^^^^
  File "/home/tars/Projects/fpl-oracle/data_v3.py", line 38, in get_next_gameweek
    raise ValueError("No upcoming gameweek found")
ValueError: No upcoming gameweek found
Traceback (most recent call last):
  File "/home/tars/Projects/fpl-oracle/data_v3.py", line 42, in <module>
    curr_gameweek = get_next_gameweek()-1 # returns the actual current gameweek. If it is about to be 25, returns 25
                    ^^^^^^^^^^^^^^^^^^^
  File "/home/tars/Projects/fpl-oracle/data_v3.py", line 38, in get_next_gameweek
    raise ValueError("No upcoming gameweek found")
ValueError: No upcoming gameweek found
Traceback (most recent call last):
  File "/home/tars/Projects/fpl-oracle/data_v3.py", line 42, in <module>
    curr_gameweek = get_next_gameweek()-1 # returns the actual current gameweek. If it is about to be 25, returns 25
                    ^^^^^^^^^^^^^^^^^^^
  File "/home/tars/Projects/fpl-oracle/data_v3.py", line 38, in get_next_gameweek
    raise ValueError("No upcoming gameweek found")
ValueError: No upcoming gameweek found
Traceback (most recent call last):
  File "/home/tars/Projects/fpl-oracle/data_v3.py", line 42, in <module>
    curr_gameweek = get_next_gameweek()-1 # returns the actual current gameweek. If it is about to be 25, returns 25
                    ^^^^^^^^^^^^^^^^^^^
  File "/home/tars/Projects/fpl-oracle/data_v3.py", line 38, in get_next_gameweek
    raise ValueError("No upcoming gameweek found")
ValueError: No upcoming gameweek found
Traceback (most recent call last):
  File "/home/tars/Projects/fpl-oracle/data_v3.py", line 42, in <module>
    curr_gameweek = get_next_gameweek()-1 # returns the actual current gameweek. If it is about to be 25, returns 25
                    ^^^^^^^^^^^^^^^^^^^
  File "/home/tars/Projects/fpl-oracle/data_v3.py", line 38, in get_next_gameweek
    raise ValueError("No upcoming gameweek found")
ValueError: No upcoming gameweek found
Traceback (most recent call last):
  File "/home/tars/Projects/fpl-oracle/data_v3.py", line 42, in <module>
    curr_gameweek = get_next_gameweek()-1 # returns the actual current gameweek. If it is about to be 25, returns 25
                    ^^^^^^^^^^^^^^^^^^^
  File "/home/tars/Projects/fpl-oracle/data_v3.py", line 38, in get_next_gameweek
    raise ValueError("No upcoming gameweek found")
ValueError: No upcoming gameweek found
Traceback (most recent call last):
  File "/home/tars/Projects/fpl-oracle/data_v3.py", line 42, in <module>
    curr_gameweek = get_next_gameweek()-1 # returns the actual current gameweek. If it is about to be 25, returns 25
                    ^^^^^^^^^^^^^^^^^^^
  File "/home/tars/Projects/fpl-oracle/data_v3.py", line 38, in get_next_gameweek
    raise ValueError("No upcoming gameweek found")
ValueError: No upcoming gameweek found
Traceback (most recent call last):
  File "/home/tars/Projects/fpl-oracle/data_v3.py", line 42, in <module>
    curr_gameweek = get_next_gameweek()-1 # returns the actual current gameweek. If it is about to be 25, returns 25
                    ^^^^^^^^^^^^^^^^^^^
  File "/home/tars/Projects/fpl-oracle/data_v3.py", line 38, in get_next_gameweek
    raise ValueError("No upcoming gameweek found")
ValueError: No upcoming gameweek found
Traceback (most recent call last):
  File "/home/tars/Projects/fpl-oracle/data_v3.py", line 42, in <module>
    curr_gameweek = get_next_gameweek()-1 # returns the actual current gameweek. If it is about to be 25, returns 25
                    ^^^^^^^^^^^^^^^^^^^
  File "/home/tars/Projects/fpl-oracle/data_v3.py", line 38, in get_next_gameweek
    raise ValueError("No upcoming gameweek found")
ValueError: No upcoming gameweek found
Traceback (most recent call last):
  File "/home/tars/Projects/fpl-oracle/data_v3.py", line 42, in <module>
    curr_gameweek = get_next_gameweek()-1 # returns the actual current gameweek. If it is about to be 25, returns 25
                    ^^^^^^^^^^^^^^^^^^^
  File "/home/tars/Projects/fpl-oracle/data_v3.py", line 38, in get_next_gameweek
    raise ValueError("No upcoming gameweek found")
ValueError: No upcoming gameweek found
Traceback (most recent call last):
  File "/home/tars/Projects/fpl-oracle/venv311/lib/python3.11/site-packages/urllib3/connection.py", line 169, in _new_conn
    conn = connection.create_connection(
           ^^^^^^^^^^^^^^^^^^^^^^^^^^^^^
  File "/home/tars/Projects/fpl-oracle/venv311/lib/python3.11/site-packages/urllib3/util/connection.py", line 73, in create_connection
    for res in socket.getaddrinfo(host, port, family, socket.SOCK_STREAM):
               ^^^^^^^^^^^^^^^^^^^^^^^^^^^^^^^^^^^^^^^^^^^^^^^^^^^^^^^^^^
  File "/usr/lib/python3.11/socket.py", line 974, in getaddrinfo
    for res in _socket.getaddrinfo(host, port, family, type, proto, flags):
               ^^^^^^^^^^^^^^^^^^^^^^^^^^^^^^^^^^^^^^^^^^^^^^^^^^^^^^^^^^^
socket.gaierror: [Errno -2] Name or service not known

During handling of the above exception, another exception occurred:

Traceback (most recent call last):
  File "/home/tars/Projects/fpl-oracle/venv311/lib/python3.11/site-packages/urllib3/connectionpool.py", line 699, in urlopen
    httplib_response = self._make_request(
                       ^^^^^^^^^^^^^^^^^^^
  File "/home/tars/Projects/fpl-oracle/venv311/lib/python3.11/site-packages/urllib3/connectionpool.py", line 382, in _make_request
    self._validate_conn(conn)
  File "/home/tars/Projects/fpl-oracle/venv311/lib/python3.11/site-packages/urllib3/connectionpool.py", line 1010, in _validate_conn
    conn.connect()
  File "/home/tars/Projects/fpl-oracle/venv311/lib/python3.11/site-packages/urllib3/connection.py", line 353, in connect
    conn = self._new_conn()
           ^^^^^^^^^^^^^^^^
  File "/home/tars/Projects/fpl-oracle/venv311/lib/python3.11/site-packages/urllib3/connection.py", line 181, in _new_conn
    raise NewConnectionError(
urllib3.exceptions.NewConnectionError: <urllib3.connection.HTTPSConnection object at 0x70f1312c1c10>: Failed to establish a new connection: [Errno -2] Name or service not known

During handling of the above exception, another exception occurred:

Traceback (most recent call last):
  File "/home/tars/Projects/fpl-oracle/venv311/lib/python3.11/site-packages/requests/adapters.py", line 644, in send
    resp = conn.urlopen(
           ^^^^^^^^^^^^^
  File "/home/tars/Projects/fpl-oracle/venv311/lib/python3.11/site-packages/urllib3/connectionpool.py", line 755, in urlopen
    retries = retries.increment(
              ^^^^^^^^^^^^^^^^^^
  File "/home/tars/Projects/fpl-oracle/venv311/lib/python3.11/site-packages/urllib3/util/retry.py", line 574, in increment
    raise MaxRetryError(_pool, url, error or ResponseError(cause))
urllib3.exceptions.MaxRetryError: HTTPSConnectionPool(host='fantasy.premierleague.com', port=443): Max retries exceeded with url: /api/bootstrap-static/ (Caused by NewConnectionError('<urllib3.connection.HTTPSConnection object at 0x70f1312c1c10>: Failed to establish a new connection: [Errno -2] Name or service not known'))

During handling of the above exception, another exception occurred:

Traceback (most recent call last):
  File "/home/tars/Projects/fpl-oracle/data_v3.py", line 42, in <module>
    curr_gameweek = get_next_gameweek()-1 # returns the actual current gameweek. If it is about to be 25, returns 25
                    ^^^^^^^^^^^^^^^^^^^
  File "/home/tars/Projects/fpl-oracle/data_v3.py", line 31, in get_next_gameweek
    data = requests.get(url).json()
           ^^^^^^^^^^^^^^^^^
  File "/home/tars/Projects/fpl-oracle/venv311/lib/python3.11/site-packages/requests/api.py", line 73, in get
    return request("get", url, params=params, **kwargs)
           ^^^^^^^^^^^^^^^^^^^^^^^^^^^^^^^^^^^^^^^^^^^^
  File "/home/tars/Projects/fpl-oracle/venv311/lib/python3.11/site-packages/requests/api.py", line 59, in request
    return session.request(method=method, url=url, **kwargs)
           ^^^^^^^^^^^^^^^^^^^^^^^^^^^^^^^^^^^^^^^^^^^^^^^^^
  File "/home/tars/Projects/fpl-oracle/venv311/lib/python3.11/site-packages/requests/sessions.py", line 589, in request
    resp = self.send(prep, **send_kwargs)
           ^^^^^^^^^^^^^^^^^^^^^^^^^^^^^^
  File "/home/tars/Projects/fpl-oracle/venv311/lib/python3.11/site-packages/requests/sessions.py", line 703, in send
    r = adapter.send(request, **kwargs)
        ^^^^^^^^^^^^^^^^^^^^^^^^^^^^^^^
  File "/home/tars/Projects/fpl-oracle/venv311/lib/python3.11/site-packages/requests/adapters.py", line 677, in send
    raise ConnectionError(e, request=request)
requests.exceptions.ConnectionError: HTTPSConnectionPool(host='fantasy.premierleague.com', port=443): Max retries exceeded with url: /api/bootstrap-static/ (Caused by NewConnectionError('<urllib3.connection.HTTPSConnection object at 0x70f1312c1c10>: Failed to establish a new connection: [Errno -2] Name or service not known'))
Traceback (most recent call last):
  File "/home/tars/Projects/fpl-oracle/venv311/lib/python3.11/site-packages/urllib3/connection.py", line 169, in _new_conn
    conn = connection.create_connection(
           ^^^^^^^^^^^^^^^^^^^^^^^^^^^^^
  File "/home/tars/Projects/fpl-oracle/venv311/lib/python3.11/site-packages/urllib3/util/connection.py", line 73, in create_connection
    for res in socket.getaddrinfo(host, port, family, socket.SOCK_STREAM):
               ^^^^^^^^^^^^^^^^^^^^^^^^^^^^^^^^^^^^^^^^^^^^^^^^^^^^^^^^^^
  File "/usr/lib/python3.11/socket.py", line 974, in getaddrinfo
    for res in _socket.getaddrinfo(host, port, family, type, proto, flags):
               ^^^^^^^^^^^^^^^^^^^^^^^^^^^^^^^^^^^^^^^^^^^^^^^^^^^^^^^^^^^
socket.gaierror: [Errno -2] Name or service not known

During handling of the above exception, another exception occurred:

Traceback (most recent call last):
  File "/home/tars/Projects/fpl-oracle/venv311/lib/python3.11/site-packages/urllib3/connectionpool.py", line 699, in urlopen
    httplib_response = self._make_request(
                       ^^^^^^^^^^^^^^^^^^^
  File "/home/tars/Projects/fpl-oracle/venv311/lib/python3.11/site-packages/urllib3/connectionpool.py", line 382, in _make_request
    self._validate_conn(conn)
  File "/home/tars/Projects/fpl-oracle/venv311/lib/python3.11/site-packages/urllib3/connectionpool.py", line 1010, in _validate_conn
    conn.connect()
  File "/home/tars/Projects/fpl-oracle/venv311/lib/python3.11/site-packages/urllib3/connection.py", line 353, in connect
    conn = self._new_conn()
           ^^^^^^^^^^^^^^^^
  File "/home/tars/Projects/fpl-oracle/venv311/lib/python3.11/site-packages/urllib3/connection.py", line 181, in _new_conn
    raise NewConnectionError(
urllib3.exceptions.NewConnectionError: <urllib3.connection.HTTPSConnection object at 0x74bc1a2a8c10>: Failed to establish a new connection: [Errno -2] Name or service not known

During handling of the above exception, another exception occurred:

Traceback (most recent call last):
  File "/home/tars/Projects/fpl-oracle/venv311/lib/python3.11/site-packages/requests/adapters.py", line 644, in send
    resp = conn.urlopen(
           ^^^^^^^^^^^^^
  File "/home/tars/Projects/fpl-oracle/venv311/lib/python3.11/site-packages/urllib3/connectionpool.py", line 755, in urlopen
    retries = retries.increment(
              ^^^^^^^^^^^^^^^^^^
  File "/home/tars/Projects/fpl-oracle/venv311/lib/python3.11/site-packages/urllib3/util/retry.py", line 574, in increment
    raise MaxRetryError(_pool, url, error or ResponseError(cause))
urllib3.exceptions.MaxRetryError: HTTPSConnectionPool(host='fantasy.premierleague.com', port=443): Max retries exceeded with url: /api/bootstrap-static/ (Caused by NewConnectionError('<urllib3.connection.HTTPSConnection object at 0x74bc1a2a8c10>: Failed to establish a new connection: [Errno -2] Name or service not known'))

During handling of the above exception, another exception occurred:

Traceback (most recent call last):
  File "/home/tars/Projects/fpl-oracle/data_v3.py", line 42, in <module>
    curr_gameweek = get_next_gameweek()-1 # returns the actual current gameweek. If it is about to be 25, returns 25
                    ^^^^^^^^^^^^^^^^^^^
  File "/home/tars/Projects/fpl-oracle/data_v3.py", line 31, in get_next_gameweek
    data = requests.get(url).json()
           ^^^^^^^^^^^^^^^^^
  File "/home/tars/Projects/fpl-oracle/venv311/lib/python3.11/site-packages/requests/api.py", line 73, in get
    return request("get", url, params=params, **kwargs)
           ^^^^^^^^^^^^^^^^^^^^^^^^^^^^^^^^^^^^^^^^^^^^
  File "/home/tars/Projects/fpl-oracle/venv311/lib/python3.11/site-packages/requests/api.py", line 59, in request
    return session.request(method=method, url=url, **kwargs)
           ^^^^^^^^^^^^^^^^^^^^^^^^^^^^^^^^^^^^^^^^^^^^^^^^^
  File "/home/tars/Projects/fpl-oracle/venv311/lib/python3.11/site-packages/requests/sessions.py", line 589, in request
    resp = self.send(prep, **send_kwargs)
           ^^^^^^^^^^^^^^^^^^^^^^^^^^^^^^
  File "/home/tars/Projects/fpl-oracle/venv311/lib/python3.11/site-packages/requests/sessions.py", line 703, in send
    r = adapter.send(request, **kwargs)
        ^^^^^^^^^^^^^^^^^^^^^^^^^^^^^^^
  File "/home/tars/Projects/fpl-oracle/venv311/lib/python3.11/site-packages/requests/adapters.py", line 677, in send
    raise ConnectionError(e, request=request)
requests.exceptions.ConnectionError: HTTPSConnectionPool(host='fantasy.premierleague.com', port=443): Max retries exceeded with url: /api/bootstrap-static/ (Caused by NewConnectionError('<urllib3.connection.HTTPSConnection object at 0x74bc1a2a8c10>: Failed to establish a new connection: [Errno -2] Name or service not known'))
Traceback (most recent call last):
  File "/home/tars/Projects/fpl-oracle/venv311/lib/python3.11/site-packages/urllib3/connection.py", line 169, in _new_conn
    conn = connection.create_connection(
           ^^^^^^^^^^^^^^^^^^^^^^^^^^^^^
  File "/home/tars/Projects/fpl-oracle/venv311/lib/python3.11/site-packages/urllib3/util/connection.py", line 73, in create_connection
    for res in socket.getaddrinfo(host, port, family, socket.SOCK_STREAM):
               ^^^^^^^^^^^^^^^^^^^^^^^^^^^^^^^^^^^^^^^^^^^^^^^^^^^^^^^^^^
  File "/usr/lib/python3.11/socket.py", line 974, in getaddrinfo
    for res in _socket.getaddrinfo(host, port, family, type, proto, flags):
               ^^^^^^^^^^^^^^^^^^^^^^^^^^^^^^^^^^^^^^^^^^^^^^^^^^^^^^^^^^^
socket.gaierror: [Errno -2] Name or service not known

During handling of the above exception, another exception occurred:

Traceback (most recent call last):
  File "/home/tars/Projects/fpl-oracle/venv311/lib/python3.11/site-packages/urllib3/connectionpool.py", line 699, in urlopen
    httplib_response = self._make_request(
                       ^^^^^^^^^^^^^^^^^^^
  File "/home/tars/Projects/fpl-oracle/venv311/lib/python3.11/site-packages/urllib3/connectionpool.py", line 382, in _make_request
    self._validate_conn(conn)
  File "/home/tars/Projects/fpl-oracle/venv311/lib/python3.11/site-packages/urllib3/connectionpool.py", line 1010, in _validate_conn
    conn.connect()
  File "/home/tars/Projects/fpl-oracle/venv311/lib/python3.11/site-packages/urllib3/connection.py", line 353, in connect
    conn = self._new_conn()
           ^^^^^^^^^^^^^^^^
  File "/home/tars/Projects/fpl-oracle/venv311/lib/python3.11/site-packages/urllib3/connection.py", line 181, in _new_conn
    raise NewConnectionError(
urllib3.exceptions.NewConnectionError: <urllib3.connection.HTTPSConnection object at 0x7154662f9c10>: Failed to establish a new connection: [Errno -2] Name or service not known

During handling of the above exception, another exception occurred:

Traceback (most recent call last):
  File "/home/tars/Projects/fpl-oracle/venv311/lib/python3.11/site-packages/requests/adapters.py", line 644, in send
    resp = conn.urlopen(
           ^^^^^^^^^^^^^
  File "/home/tars/Projects/fpl-oracle/venv311/lib/python3.11/site-packages/urllib3/connectionpool.py", line 755, in urlopen
    retries = retries.increment(
              ^^^^^^^^^^^^^^^^^^
  File "/home/tars/Projects/fpl-oracle/venv311/lib/python3.11/site-packages/urllib3/util/retry.py", line 574, in increment
    raise MaxRetryError(_pool, url, error or ResponseError(cause))
urllib3.exceptions.MaxRetryError: HTTPSConnectionPool(host='fantasy.premierleague.com', port=443): Max retries exceeded with url: /api/bootstrap-static/ (Caused by NewConnectionError('<urllib3.connection.HTTPSConnection object at 0x7154662f9c10>: Failed to establish a new connection: [Errno -2] Name or service not known'))

During handling of the above exception, another exception occurred:

Traceback (most recent call last):
  File "/home/tars/Projects/fpl-oracle/data_v3.py", line 42, in <module>
    curr_gameweek = get_next_gameweek()-1 # returns the actual current gameweek. If it is about to be 25, returns 25
                    ^^^^^^^^^^^^^^^^^^^
  File "/home/tars/Projects/fpl-oracle/data_v3.py", line 31, in get_next_gameweek
    data = requests.get(url).json()
           ^^^^^^^^^^^^^^^^^
  File "/home/tars/Projects/fpl-oracle/venv311/lib/python3.11/site-packages/requests/api.py", line 73, in get
    return request("get", url, params=params, **kwargs)
           ^^^^^^^^^^^^^^^^^^^^^^^^^^^^^^^^^^^^^^^^^^^^
  File "/home/tars/Projects/fpl-oracle/venv311/lib/python3.11/site-packages/requests/api.py", line 59, in request
    return session.request(method=method, url=url, **kwargs)
           ^^^^^^^^^^^^^^^^^^^^^^^^^^^^^^^^^^^^^^^^^^^^^^^^^
  File "/home/tars/Projects/fpl-oracle/venv311/lib/python3.11/site-packages/requests/sessions.py", line 589, in request
    resp = self.send(prep, **send_kwargs)
           ^^^^^^^^^^^^^^^^^^^^^^^^^^^^^^
  File "/home/tars/Projects/fpl-oracle/venv311/lib/python3.11/site-packages/requests/sessions.py", line 703, in send
    r = adapter.send(request, **kwargs)
        ^^^^^^^^^^^^^^^^^^^^^^^^^^^^^^^
  File "/home/tars/Projects/fpl-oracle/venv311/lib/python3.11/site-packages/requests/adapters.py", line 677, in send
    raise ConnectionError(e, request=request)
requests.exceptions.ConnectionError: HTTPSConnectionPool(host='fantasy.premierleague.com', port=443): Max retries exceeded with url: /api/bootstrap-static/ (Caused by NewConnectionError('<urllib3.connection.HTTPSConnection object at 0x7154662f9c10>: Failed to establish a new connection: [Errno -2] Name or service not known'))
Traceback (most recent call last):
  File "/home/tars/Projects/fpl-oracle/venv311/lib/python3.11/site-packages/urllib3/connection.py", line 169, in _new_conn
    conn = connection.create_connection(
           ^^^^^^^^^^^^^^^^^^^^^^^^^^^^^
  File "/home/tars/Projects/fpl-oracle/venv311/lib/python3.11/site-packages/urllib3/util/connection.py", line 73, in create_connection
    for res in socket.getaddrinfo(host, port, family, socket.SOCK_STREAM):
               ^^^^^^^^^^^^^^^^^^^^^^^^^^^^^^^^^^^^^^^^^^^^^^^^^^^^^^^^^^
  File "/usr/lib/python3.11/socket.py", line 974, in getaddrinfo
    for res in _socket.getaddrinfo(host, port, family, type, proto, flags):
               ^^^^^^^^^^^^^^^^^^^^^^^^^^^^^^^^^^^^^^^^^^^^^^^^^^^^^^^^^^^
socket.gaierror: [Errno -2] Name or service not known

During handling of the above exception, another exception occurred:

Traceback (most recent call last):
  File "/home/tars/Projects/fpl-oracle/venv311/lib/python3.11/site-packages/urllib3/connectionpool.py", line 699, in urlopen
    httplib_response = self._make_request(
                       ^^^^^^^^^^^^^^^^^^^
  File "/home/tars/Projects/fpl-oracle/venv311/lib/python3.11/site-packages/urllib3/connectionpool.py", line 382, in _make_request
    self._validate_conn(conn)
  File "/home/tars/Projects/fpl-oracle/venv311/lib/python3.11/site-packages/urllib3/connectionpool.py", line 1010, in _validate_conn
    conn.connect()
  File "/home/tars/Projects/fpl-oracle/venv311/lib/python3.11/site-packages/urllib3/connection.py", line 353, in connect
    conn = self._new_conn()
           ^^^^^^^^^^^^^^^^
  File "/home/tars/Projects/fpl-oracle/venv311/lib/python3.11/site-packages/urllib3/connection.py", line 181, in _new_conn
    raise NewConnectionError(
urllib3.exceptions.NewConnectionError: <urllib3.connection.HTTPSConnection object at 0x73d677b13550>: Failed to establish a new connection: [Errno -2] Name or service not known

During handling of the above exception, another exception occurred:

Traceback (most recent call last):
  File "/home/tars/Projects/fpl-oracle/venv311/lib/python3.11/site-packages/requests/adapters.py", line 644, in send
    resp = conn.urlopen(
           ^^^^^^^^^^^^^
  File "/home/tars/Projects/fpl-oracle/venv311/lib/python3.11/site-packages/urllib3/connectionpool.py", line 755, in urlopen
    retries = retries.increment(
              ^^^^^^^^^^^^^^^^^^
  File "/home/tars/Projects/fpl-oracle/venv311/lib/python3.11/site-packages/urllib3/util/retry.py", line 574, in increment
    raise MaxRetryError(_pool, url, error or ResponseError(cause))
urllib3.exceptions.MaxRetryError: HTTPSConnectionPool(host='fantasy.premierleague.com', port=443): Max retries exceeded with url: /api/bootstrap-static/ (Caused by NewConnectionError('<urllib3.connection.HTTPSConnection object at 0x73d677b13550>: Failed to establish a new connection: [Errno -2] Name or service not known'))

During handling of the above exception, another exception occurred:

Traceback (most recent call last):
  File "/home/tars/Projects/fpl-oracle/data_v3.py", line 42, in <module>
    curr_gameweek = get_next_gameweek()-1 # returns the actual current gameweek. If it is about to be 25, returns 25
                    ^^^^^^^^^^^^^^^^^^^
  File "/home/tars/Projects/fpl-oracle/data_v3.py", line 31, in get_next_gameweek
    data = requests.get(url).json()
           ^^^^^^^^^^^^^^^^^
  File "/home/tars/Projects/fpl-oracle/venv311/lib/python3.11/site-packages/requests/api.py", line 73, in get
    return request("get", url, params=params, **kwargs)
           ^^^^^^^^^^^^^^^^^^^^^^^^^^^^^^^^^^^^^^^^^^^^
  File "/home/tars/Projects/fpl-oracle/venv311/lib/python3.11/site-packages/requests/api.py", line 59, in request
    return session.request(method=method, url=url, **kwargs)
           ^^^^^^^^^^^^^^^^^^^^^^^^^^^^^^^^^^^^^^^^^^^^^^^^^
  File "/home/tars/Projects/fpl-oracle/venv311/lib/python3.11/site-packages/requests/sessions.py", line 589, in request
    resp = self.send(prep, **send_kwargs)
           ^^^^^^^^^^^^^^^^^^^^^^^^^^^^^^
  File "/home/tars/Projects/fpl-oracle/venv311/lib/python3.11/site-packages/requests/sessions.py", line 703, in send
    r = adapter.send(request, **kwargs)
        ^^^^^^^^^^^^^^^^^^^^^^^^^^^^^^^
  File "/home/tars/Projects/fpl-oracle/venv311/lib/python3.11/site-packages/requests/adapters.py", line 677, in send
    raise ConnectionError(e, request=request)
requests.exceptions.ConnectionError: HTTPSConnectionPool(host='fantasy.premierleague.com', port=443): Max retries exceeded with url: /api/bootstrap-static/ (Caused by NewConnectionError('<urllib3.connection.HTTPSConnection object at 0x73d677b13550>: Failed to establish a new connection: [Errno -2] Name or service not known'))
Traceback (most recent call last):
  File "/home/tars/Projects/fpl-oracle/venv311/lib/python3.11/site-packages/urllib3/connection.py", line 169, in _new_conn
    conn = connection.create_connection(
           ^^^^^^^^^^^^^^^^^^^^^^^^^^^^^
  File "/home/tars/Projects/fpl-oracle/venv311/lib/python3.11/site-packages/urllib3/util/connection.py", line 73, in create_connection
    for res in socket.getaddrinfo(host, port, family, socket.SOCK_STREAM):
               ^^^^^^^^^^^^^^^^^^^^^^^^^^^^^^^^^^^^^^^^^^^^^^^^^^^^^^^^^^
  File "/usr/lib/python3.11/socket.py", line 974, in getaddrinfo
    for res in _socket.getaddrinfo(host, port, family, type, proto, flags):
               ^^^^^^^^^^^^^^^^^^^^^^^^^^^^^^^^^^^^^^^^^^^^^^^^^^^^^^^^^^^
socket.gaierror: [Errno -2] Name or service not known

During handling of the above exception, another exception occurred:

Traceback (most recent call last):
  File "/home/tars/Projects/fpl-oracle/venv311/lib/python3.11/site-packages/urllib3/connectionpool.py", line 699, in urlopen
    httplib_response = self._make_request(
                       ^^^^^^^^^^^^^^^^^^^
  File "/home/tars/Projects/fpl-oracle/venv311/lib/python3.11/site-packages/urllib3/connectionpool.py", line 382, in _make_request
    self._validate_conn(conn)
  File "/home/tars/Projects/fpl-oracle/venv311/lib/python3.11/site-packages/urllib3/connectionpool.py", line 1010, in _validate_conn
    conn.connect()
  File "/home/tars/Projects/fpl-oracle/venv311/lib/python3.11/site-packages/urllib3/connection.py", line 353, in connect
    conn = self._new_conn()
           ^^^^^^^^^^^^^^^^
  File "/home/tars/Projects/fpl-oracle/venv311/lib/python3.11/site-packages/urllib3/connection.py", line 181, in _new_conn
    raise NewConnectionError(
urllib3.exceptions.NewConnectionError: <urllib3.connection.HTTPSConnection object at 0x7a8c1a625050>: Failed to establish a new connection: [Errno -2] Name or service not known

During handling of the above exception, another exception occurred:

Traceback (most recent call last):
  File "/home/tars/Projects/fpl-oracle/venv311/lib/python3.11/site-packages/requests/adapters.py", line 644, in send
    resp = conn.urlopen(
           ^^^^^^^^^^^^^
  File "/home/tars/Projects/fpl-oracle/venv311/lib/python3.11/site-packages/urllib3/connectionpool.py", line 755, in urlopen
    retries = retries.increment(
              ^^^^^^^^^^^^^^^^^^
  File "/home/tars/Projects/fpl-oracle/venv311/lib/python3.11/site-packages/urllib3/util/retry.py", line 574, in increment
    raise MaxRetryError(_pool, url, error or ResponseError(cause))
urllib3.exceptions.MaxRetryError: HTTPSConnectionPool(host='fantasy.premierleague.com', port=443): Max retries exceeded with url: /api/bootstrap-static/ (Caused by NewConnectionError('<urllib3.connection.HTTPSConnection object at 0x7a8c1a625050>: Failed to establish a new connection: [Errno -2] Name or service not known'))

During handling of the above exception, another exception occurred:

Traceback (most recent call last):
  File "/home/tars/Projects/fpl-oracle/data_v3.py", line 42, in <module>
    curr_gameweek = get_next_gameweek()-1 # returns the actual current gameweek. If it is about to be 25, returns 25
                    ^^^^^^^^^^^^^^^^^^^
  File "/home/tars/Projects/fpl-oracle/data_v3.py", line 31, in get_next_gameweek
    data = requests.get(url).json()
           ^^^^^^^^^^^^^^^^^
  File "/home/tars/Projects/fpl-oracle/venv311/lib/python3.11/site-packages/requests/api.py", line 73, in get
    return request("get", url, params=params, **kwargs)
           ^^^^^^^^^^^^^^^^^^^^^^^^^^^^^^^^^^^^^^^^^^^^
  File "/home/tars/Projects/fpl-oracle/venv311/lib/python3.11/site-packages/requests/api.py", line 59, in request
    return session.request(method=method, url=url, **kwargs)
           ^^^^^^^^^^^^^^^^^^^^^^^^^^^^^^^^^^^^^^^^^^^^^^^^^
  File "/home/tars/Projects/fpl-oracle/venv311/lib/python3.11/site-packages/requests/sessions.py", line 589, in request
    resp = self.send(prep, **send_kwargs)
           ^^^^^^^^^^^^^^^^^^^^^^^^^^^^^^
  File "/home/tars/Projects/fpl-oracle/venv311/lib/python3.11/site-packages/requests/sessions.py", line 703, in send
    r = adapter.send(request, **kwargs)
        ^^^^^^^^^^^^^^^^^^^^^^^^^^^^^^^
  File "/home/tars/Projects/fpl-oracle/venv311/lib/python3.11/site-packages/requests/adapters.py", line 677, in send
    raise ConnectionError(e, request=request)
requests.exceptions.ConnectionError: HTTPSConnectionPool(host='fantasy.premierleague.com', port=443): Max retries exceeded with url: /api/bootstrap-static/ (Caused by NewConnectionError('<urllib3.connection.HTTPSConnection object at 0x7a8c1a625050>: Failed to establish a new connection: [Errno -2] Name or service not known'))
Traceback (most recent call last):
  File "/home/tars/Projects/fpl-oracle/venv311/lib/python3.11/site-packages/urllib3/connection.py", line 169, in _new_conn
    conn = connection.create_connection(
           ^^^^^^^^^^^^^^^^^^^^^^^^^^^^^
  File "/home/tars/Projects/fpl-oracle/venv311/lib/python3.11/site-packages/urllib3/util/connection.py", line 73, in create_connection
    for res in socket.getaddrinfo(host, port, family, socket.SOCK_STREAM):
               ^^^^^^^^^^^^^^^^^^^^^^^^^^^^^^^^^^^^^^^^^^^^^^^^^^^^^^^^^^
  File "/usr/lib/python3.11/socket.py", line 974, in getaddrinfo
    for res in _socket.getaddrinfo(host, port, family, type, proto, flags):
               ^^^^^^^^^^^^^^^^^^^^^^^^^^^^^^^^^^^^^^^^^^^^^^^^^^^^^^^^^^^
socket.gaierror: [Errno -2] Name or service not known

During handling of the above exception, another exception occurred:

Traceback (most recent call last):
  File "/home/tars/Projects/fpl-oracle/venv311/lib/python3.11/site-packages/urllib3/connectionpool.py", line 699, in urlopen
    httplib_response = self._make_request(
                       ^^^^^^^^^^^^^^^^^^^
  File "/home/tars/Projects/fpl-oracle/venv311/lib/python3.11/site-packages/urllib3/connectionpool.py", line 382, in _make_request
    self._validate_conn(conn)
  File "/home/tars/Projects/fpl-oracle/venv311/lib/python3.11/site-packages/urllib3/connectionpool.py", line 1010, in _validate_conn
    conn.connect()
  File "/home/tars/Projects/fpl-oracle/venv311/lib/python3.11/site-packages/urllib3/connection.py", line 353, in connect
    conn = self._new_conn()
           ^^^^^^^^^^^^^^^^
  File "/home/tars/Projects/fpl-oracle/venv311/lib/python3.11/site-packages/urllib3/connection.py", line 181, in _new_conn
    raise NewConnectionError(
urllib3.exceptions.NewConnectionError: <urllib3.connection.HTTPSConnection object at 0x70f82bf80c10>: Failed to establish a new connection: [Errno -2] Name or service not known

During handling of the above exception, another exception occurred:

Traceback (most recent call last):
  File "/home/tars/Projects/fpl-oracle/venv311/lib/python3.11/site-packages/requests/adapters.py", line 644, in send
    resp = conn.urlopen(
           ^^^^^^^^^^^^^
  File "/home/tars/Projects/fpl-oracle/venv311/lib/python3.11/site-packages/urllib3/connectionpool.py", line 755, in urlopen
    retries = retries.increment(
              ^^^^^^^^^^^^^^^^^^
  File "/home/tars/Projects/fpl-oracle/venv311/lib/python3.11/site-packages/urllib3/util/retry.py", line 574, in increment
    raise MaxRetryError(_pool, url, error or ResponseError(cause))
urllib3.exceptions.MaxRetryError: HTTPSConnectionPool(host='fantasy.premierleague.com', port=443): Max retries exceeded with url: /api/bootstrap-static/ (Caused by NewConnectionError('<urllib3.connection.HTTPSConnection object at 0x70f82bf80c10>: Failed to establish a new connection: [Errno -2] Name or service not known'))

During handling of the above exception, another exception occurred:

Traceback (most recent call last):
  File "/home/tars/Projects/fpl-oracle/data_v3.py", line 42, in <module>
    curr_gameweek = get_next_gameweek()-1 # returns the actual current gameweek. If it is about to be 25, returns 25
                    ^^^^^^^^^^^^^^^^^^^
  File "/home/tars/Projects/fpl-oracle/data_v3.py", line 31, in get_next_gameweek
    data = requests.get(url).json()
           ^^^^^^^^^^^^^^^^^
  File "/home/tars/Projects/fpl-oracle/venv311/lib/python3.11/site-packages/requests/api.py", line 73, in get
    return request("get", url, params=params, **kwargs)
           ^^^^^^^^^^^^^^^^^^^^^^^^^^^^^^^^^^^^^^^^^^^^
  File "/home/tars/Projects/fpl-oracle/venv311/lib/python3.11/site-packages/requests/api.py", line 59, in request
    return session.request(method=method, url=url, **kwargs)
           ^^^^^^^^^^^^^^^^^^^^^^^^^^^^^^^^^^^^^^^^^^^^^^^^^
  File "/home/tars/Projects/fpl-oracle/venv311/lib/python3.11/site-packages/requests/sessions.py", line 589, in request
    resp = self.send(prep, **send_kwargs)
           ^^^^^^^^^^^^^^^^^^^^^^^^^^^^^^
  File "/home/tars/Projects/fpl-oracle/venv311/lib/python3.11/site-packages/requests/sessions.py", line 703, in send
    r = adapter.send(request, **kwargs)
        ^^^^^^^^^^^^^^^^^^^^^^^^^^^^^^^
  File "/home/tars/Projects/fpl-oracle/venv311/lib/python3.11/site-packages/requests/adapters.py", line 677, in send
    raise ConnectionError(e, request=request)
requests.exceptions.ConnectionError: HTTPSConnectionPool(host='fantasy.premierleague.com', port=443): Max retries exceeded with url: /api/bootstrap-static/ (Caused by NewConnectionError('<urllib3.connection.HTTPSConnection object at 0x70f82bf80c10>: Failed to establish a new connection: [Errno -2] Name or service not known'))
Traceback (most recent call last):
  File "/home/tars/Projects/fpl-oracle/venv311/lib/python3.11/site-packages/urllib3/connection.py", line 169, in _new_conn
    conn = connection.create_connection(
           ^^^^^^^^^^^^^^^^^^^^^^^^^^^^^
  File "/home/tars/Projects/fpl-oracle/venv311/lib/python3.11/site-packages/urllib3/util/connection.py", line 73, in create_connection
    for res in socket.getaddrinfo(host, port, family, socket.SOCK_STREAM):
               ^^^^^^^^^^^^^^^^^^^^^^^^^^^^^^^^^^^^^^^^^^^^^^^^^^^^^^^^^^
  File "/usr/lib/python3.11/socket.py", line 974, in getaddrinfo
    for res in _socket.getaddrinfo(host, port, family, type, proto, flags):
               ^^^^^^^^^^^^^^^^^^^^^^^^^^^^^^^^^^^^^^^^^^^^^^^^^^^^^^^^^^^
socket.gaierror: [Errno -2] Name or service not known

During handling of the above exception, another exception occurred:

Traceback (most recent call last):
  File "/home/tars/Projects/fpl-oracle/venv311/lib/python3.11/site-packages/urllib3/connectionpool.py", line 699, in urlopen
    httplib_response = self._make_request(
                       ^^^^^^^^^^^^^^^^^^^
  File "/home/tars/Projects/fpl-oracle/venv311/lib/python3.11/site-packages/urllib3/connectionpool.py", line 382, in _make_request
    self._validate_conn(conn)
  File "/home/tars/Projects/fpl-oracle/venv311/lib/python3.11/site-packages/urllib3/connectionpool.py", line 1010, in _validate_conn
    conn.connect()
  File "/home/tars/Projects/fpl-oracle/venv311/lib/python3.11/site-packages/urllib3/connection.py", line 353, in connect
    conn = self._new_conn()
           ^^^^^^^^^^^^^^^^
  File "/home/tars/Projects/fpl-oracle/venv311/lib/python3.11/site-packages/urllib3/connection.py", line 181, in _new_conn
    raise NewConnectionError(
urllib3.exceptions.NewConnectionError: <urllib3.connection.HTTPSConnection object at 0x73b594e90c10>: Failed to establish a new connection: [Errno -2] Name or service not known

During handling of the above exception, another exception occurred:

Traceback (most recent call last):
  File "/home/tars/Projects/fpl-oracle/venv311/lib/python3.11/site-packages/requests/adapters.py", line 644, in send
    resp = conn.urlopen(
           ^^^^^^^^^^^^^
  File "/home/tars/Projects/fpl-oracle/venv311/lib/python3.11/site-packages/urllib3/connectionpool.py", line 755, in urlopen
    retries = retries.increment(
              ^^^^^^^^^^^^^^^^^^
  File "/home/tars/Projects/fpl-oracle/venv311/lib/python3.11/site-packages/urllib3/util/retry.py", line 574, in increment
    raise MaxRetryError(_pool, url, error or ResponseError(cause))
urllib3.exceptions.MaxRetryError: HTTPSConnectionPool(host='fantasy.premierleague.com', port=443): Max retries exceeded with url: /api/bootstrap-static/ (Caused by NewConnectionError('<urllib3.connection.HTTPSConnection object at 0x73b594e90c10>: Failed to establish a new connection: [Errno -2] Name or service not known'))

During handling of the above exception, another exception occurred:

Traceback (most recent call last):
  File "/home/tars/Projects/fpl-oracle/data_v3.py", line 42, in <module>
    curr_gameweek = get_next_gameweek()-1 # returns the actual current gameweek. If it is about to be 25, returns 25
                    ^^^^^^^^^^^^^^^^^^^
  File "/home/tars/Projects/fpl-oracle/data_v3.py", line 31, in get_next_gameweek
    data = requests.get(url).json()
           ^^^^^^^^^^^^^^^^^
  File "/home/tars/Projects/fpl-oracle/venv311/lib/python3.11/site-packages/requests/api.py", line 73, in get
    return request("get", url, params=params, **kwargs)
           ^^^^^^^^^^^^^^^^^^^^^^^^^^^^^^^^^^^^^^^^^^^^
  File "/home/tars/Projects/fpl-oracle/venv311/lib/python3.11/site-packages/requests/api.py", line 59, in request
    return session.request(method=method, url=url, **kwargs)
           ^^^^^^^^^^^^^^^^^^^^^^^^^^^^^^^^^^^^^^^^^^^^^^^^^
  File "/home/tars/Projects/fpl-oracle/venv311/lib/python3.11/site-packages/requests/sessions.py", line 589, in request
    resp = self.send(prep, **send_kwargs)
           ^^^^^^^^^^^^^^^^^^^^^^^^^^^^^^
  File "/home/tars/Projects/fpl-oracle/venv311/lib/python3.11/site-packages/requests/sessions.py", line 703, in send
    r = adapter.send(request, **kwargs)
        ^^^^^^^^^^^^^^^^^^^^^^^^^^^^^^^
  File "/home/tars/Projects/fpl-oracle/venv311/lib/python3.11/site-packages/requests/adapters.py", line 677, in send
    raise ConnectionError(e, request=request)
requests.exceptions.ConnectionError: HTTPSConnectionPool(host='fantasy.premierleague.com', port=443): Max retries exceeded with url: /api/bootstrap-static/ (Caused by NewConnectionError('<urllib3.connection.HTTPSConnection object at 0x73b594e90c10>: Failed to establish a new connection: [Errno -2] Name or service not known'))
Traceback (most recent call last):
  File "/home/tars/Projects/fpl-oracle/venv311/lib/python3.11/site-packages/urllib3/connection.py", line 169, in _new_conn
    conn = connection.create_connection(
           ^^^^^^^^^^^^^^^^^^^^^^^^^^^^^
  File "/home/tars/Projects/fpl-oracle/venv311/lib/python3.11/site-packages/urllib3/util/connection.py", line 73, in create_connection
    for res in socket.getaddrinfo(host, port, family, socket.SOCK_STREAM):
               ^^^^^^^^^^^^^^^^^^^^^^^^^^^^^^^^^^^^^^^^^^^^^^^^^^^^^^^^^^
  File "/usr/lib/python3.11/socket.py", line 974, in getaddrinfo
    for res in _socket.getaddrinfo(host, port, family, type, proto, flags):
               ^^^^^^^^^^^^^^^^^^^^^^^^^^^^^^^^^^^^^^^^^^^^^^^^^^^^^^^^^^^
socket.gaierror: [Errno -2] Name or service not known

During handling of the above exception, another exception occurred:

Traceback (most recent call last):
  File "/home/tars/Projects/fpl-oracle/venv311/lib/python3.11/site-packages/urllib3/connectionpool.py", line 699, in urlopen
    httplib_response = self._make_request(
                       ^^^^^^^^^^^^^^^^^^^
  File "/home/tars/Projects/fpl-oracle/venv311/lib/python3.11/site-packages/urllib3/connectionpool.py", line 382, in _make_request
    self._validate_conn(conn)
  File "/home/tars/Projects/fpl-oracle/venv311/lib/python3.11/site-packages/urllib3/connectionpool.py", line 1010, in _validate_conn
    conn.connect()
  File "/home/tars/Projects/fpl-oracle/venv311/lib/python3.11/site-packages/urllib3/connection.py", line 353, in connect
    conn = self._new_conn()
           ^^^^^^^^^^^^^^^^
  File "/home/tars/Projects/fpl-oracle/venv311/lib/python3.11/site-packages/urllib3/connection.py", line 181, in _new_conn
    raise NewConnectionError(
urllib3.exceptions.NewConnectionError: <urllib3.connection.HTTPSConnection object at 0x74113e73d050>: Failed to establish a new connection: [Errno -2] Name or service not known

During handling of the above exception, another exception occurred:

Traceback (most recent call last):
  File "/home/tars/Projects/fpl-oracle/venv311/lib/python3.11/site-packages/requests/adapters.py", line 644, in send
    resp = conn.urlopen(
           ^^^^^^^^^^^^^
  File "/home/tars/Projects/fpl-oracle/venv311/lib/python3.11/site-packages/urllib3/connectionpool.py", line 755, in urlopen
    retries = retries.increment(
              ^^^^^^^^^^^^^^^^^^
  File "/home/tars/Projects/fpl-oracle/venv311/lib/python3.11/site-packages/urllib3/util/retry.py", line 574, in increment
    raise MaxRetryError(_pool, url, error or ResponseError(cause))
urllib3.exceptions.MaxRetryError: HTTPSConnectionPool(host='fantasy.premierleague.com', port=443): Max retries exceeded with url: /api/bootstrap-static/ (Caused by NewConnectionError('<urllib3.connection.HTTPSConnection object at 0x74113e73d050>: Failed to establish a new connection: [Errno -2] Name or service not known'))

During handling of the above exception, another exception occurred:

Traceback (most recent call last):
  File "/home/tars/Projects/fpl-oracle/data_v3.py", line 42, in <module>
    curr_gameweek = get_next_gameweek()-1 # returns the actual current gameweek. If it is about to be 25, returns 25
                    ^^^^^^^^^^^^^^^^^^^
  File "/home/tars/Projects/fpl-oracle/data_v3.py", line 31, in get_next_gameweek
    data = requests.get(url).json()
           ^^^^^^^^^^^^^^^^^
  File "/home/tars/Projects/fpl-oracle/venv311/lib/python3.11/site-packages/requests/api.py", line 73, in get
    return request("get", url, params=params, **kwargs)
           ^^^^^^^^^^^^^^^^^^^^^^^^^^^^^^^^^^^^^^^^^^^^
  File "/home/tars/Projects/fpl-oracle/venv311/lib/python3.11/site-packages/requests/api.py", line 59, in request
    return session.request(method=method, url=url, **kwargs)
           ^^^^^^^^^^^^^^^^^^^^^^^^^^^^^^^^^^^^^^^^^^^^^^^^^
  File "/home/tars/Projects/fpl-oracle/venv311/lib/python3.11/site-packages/requests/sessions.py", line 589, in request
    resp = self.send(prep, **send_kwargs)
           ^^^^^^^^^^^^^^^^^^^^^^^^^^^^^^
  File "/home/tars/Projects/fpl-oracle/venv311/lib/python3.11/site-packages/requests/sessions.py", line 703, in send
    r = adapter.send(request, **kwargs)
        ^^^^^^^^^^^^^^^^^^^^^^^^^^^^^^^
  File "/home/tars/Projects/fpl-oracle/venv311/lib/python3.11/site-packages/requests/adapters.py", line 677, in send
    raise ConnectionError(e, request=request)
requests.exceptions.ConnectionError: HTTPSConnectionPool(host='fantasy.premierleague.com', port=443): Max retries exceeded with url: /api/bootstrap-static/ (Caused by NewConnectionError('<urllib3.connection.HTTPSConnection object at 0x74113e73d050>: Failed to establish a new connection: [Errno -2] Name or service not known'))
Traceback (most recent call last):
  File "/home/tars/Projects/fpl-oracle/venv311/lib/python3.11/site-packages/urllib3/connection.py", line 169, in _new_conn
    conn = connection.create_connection(
           ^^^^^^^^^^^^^^^^^^^^^^^^^^^^^
  File "/home/tars/Projects/fpl-oracle/venv311/lib/python3.11/site-packages/urllib3/util/connection.py", line 73, in create_connection
    for res in socket.getaddrinfo(host, port, family, socket.SOCK_STREAM):
               ^^^^^^^^^^^^^^^^^^^^^^^^^^^^^^^^^^^^^^^^^^^^^^^^^^^^^^^^^^
  File "/usr/lib/python3.11/socket.py", line 974, in getaddrinfo
    for res in _socket.getaddrinfo(host, port, family, type, proto, flags):
               ^^^^^^^^^^^^^^^^^^^^^^^^^^^^^^^^^^^^^^^^^^^^^^^^^^^^^^^^^^^
socket.gaierror: [Errno -2] Name or service not known

During handling of the above exception, another exception occurred:

Traceback (most recent call last):
  File "/home/tars/Projects/fpl-oracle/venv311/lib/python3.11/site-packages/urllib3/connectionpool.py", line 699, in urlopen
    httplib_response = self._make_request(
                       ^^^^^^^^^^^^^^^^^^^
  File "/home/tars/Projects/fpl-oracle/venv311/lib/python3.11/site-packages/urllib3/connectionpool.py", line 382, in _make_request
    self._validate_conn(conn)
  File "/home/tars/Projects/fpl-oracle/venv311/lib/python3.11/site-packages/urllib3/connectionpool.py", line 1010, in _validate_conn
    conn.connect()
  File "/home/tars/Projects/fpl-oracle/venv311/lib/python3.11/site-packages/urllib3/connection.py", line 353, in connect
    conn = self._new_conn()
           ^^^^^^^^^^^^^^^^
  File "/home/tars/Projects/fpl-oracle/venv311/lib/python3.11/site-packages/urllib3/connection.py", line 181, in _new_conn
    raise NewConnectionError(
urllib3.exceptions.NewConnectionError: <urllib3.connection.HTTPSConnection object at 0x76ef825ec3d0>: Failed to establish a new connection: [Errno -2] Name or service not known

During handling of the above exception, another exception occurred:

Traceback (most recent call last):
  File "/home/tars/Projects/fpl-oracle/venv311/lib/python3.11/site-packages/requests/adapters.py", line 644, in send
    resp = conn.urlopen(
           ^^^^^^^^^^^^^
  File "/home/tars/Projects/fpl-oracle/venv311/lib/python3.11/site-packages/urllib3/connectionpool.py", line 755, in urlopen
    retries = retries.increment(
              ^^^^^^^^^^^^^^^^^^
  File "/home/tars/Projects/fpl-oracle/venv311/lib/python3.11/site-packages/urllib3/util/retry.py", line 574, in increment
    raise MaxRetryError(_pool, url, error or ResponseError(cause))
urllib3.exceptions.MaxRetryError: HTTPSConnectionPool(host='fantasy.premierleague.com', port=443): Max retries exceeded with url: /api/bootstrap-static/ (Caused by NewConnectionError('<urllib3.connection.HTTPSConnection object at 0x76ef825ec3d0>: Failed to establish a new connection: [Errno -2] Name or service not known'))

During handling of the above exception, another exception occurred:

Traceback (most recent call last):
  File "/home/tars/Projects/fpl-oracle/data_v3.py", line 42, in <module>
    curr_gameweek = get_next_gameweek()-1 # returns the actual current gameweek. If it is about to be 25, returns 25
                    ^^^^^^^^^^^^^^^^^^^
  File "/home/tars/Projects/fpl-oracle/data_v3.py", line 31, in get_next_gameweek
    data = requests.get(url).json()
           ^^^^^^^^^^^^^^^^^
  File "/home/tars/Projects/fpl-oracle/venv311/lib/python3.11/site-packages/requests/api.py", line 73, in get
    return request("get", url, params=params, **kwargs)
           ^^^^^^^^^^^^^^^^^^^^^^^^^^^^^^^^^^^^^^^^^^^^
  File "/home/tars/Projects/fpl-oracle/venv311/lib/python3.11/site-packages/requests/api.py", line 59, in request
    return session.request(method=method, url=url, **kwargs)
           ^^^^^^^^^^^^^^^^^^^^^^^^^^^^^^^^^^^^^^^^^^^^^^^^^
  File "/home/tars/Projects/fpl-oracle/venv311/lib/python3.11/site-packages/requests/sessions.py", line 589, in request
    resp = self.send(prep, **send_kwargs)
           ^^^^^^^^^^^^^^^^^^^^^^^^^^^^^^
  File "/home/tars/Projects/fpl-oracle/venv311/lib/python3.11/site-packages/requests/sessions.py", line 703, in send
    r = adapter.send(request, **kwargs)
        ^^^^^^^^^^^^^^^^^^^^^^^^^^^^^^^
  File "/home/tars/Projects/fpl-oracle/venv311/lib/python3.11/site-packages/requests/adapters.py", line 677, in send
    raise ConnectionError(e, request=request)
requests.exceptions.ConnectionError: HTTPSConnectionPool(host='fantasy.premierleague.com', port=443): Max retries exceeded with url: /api/bootstrap-static/ (Caused by NewConnectionError('<urllib3.connection.HTTPSConnection object at 0x76ef825ec3d0>: Failed to establish a new connection: [Errno -2] Name or service not known'))
Traceback (most recent call last):
  File "/home/tars/Projects/fpl-oracle/venv311/lib/python3.11/site-packages/urllib3/connection.py", line 169, in _new_conn
    conn = connection.create_connection(
           ^^^^^^^^^^^^^^^^^^^^^^^^^^^^^
  File "/home/tars/Projects/fpl-oracle/venv311/lib/python3.11/site-packages/urllib3/util/connection.py", line 73, in create_connection
    for res in socket.getaddrinfo(host, port, family, socket.SOCK_STREAM):
               ^^^^^^^^^^^^^^^^^^^^^^^^^^^^^^^^^^^^^^^^^^^^^^^^^^^^^^^^^^
  File "/usr/lib/python3.11/socket.py", line 974, in getaddrinfo
    for res in _socket.getaddrinfo(host, port, family, type, proto, flags):
               ^^^^^^^^^^^^^^^^^^^^^^^^^^^^^^^^^^^^^^^^^^^^^^^^^^^^^^^^^^^
socket.gaierror: [Errno -2] Name or service not known

During handling of the above exception, another exception occurred:

Traceback (most recent call last):
  File "/home/tars/Projects/fpl-oracle/venv311/lib/python3.11/site-packages/urllib3/connectionpool.py", line 699, in urlopen
    httplib_response = self._make_request(
                       ^^^^^^^^^^^^^^^^^^^
  File "/home/tars/Projects/fpl-oracle/venv311/lib/python3.11/site-packages/urllib3/connectionpool.py", line 382, in _make_request
    self._validate_conn(conn)
  File "/home/tars/Projects/fpl-oracle/venv311/lib/python3.11/site-packages/urllib3/connectionpool.py", line 1010, in _validate_conn
    conn.connect()
  File "/home/tars/Projects/fpl-oracle/venv311/lib/python3.11/site-packages/urllib3/connection.py", line 353, in connect
    conn = self._new_conn()
           ^^^^^^^^^^^^^^^^
  File "/home/tars/Projects/fpl-oracle/venv311/lib/python3.11/site-packages/urllib3/connection.py", line 181, in _new_conn
    raise NewConnectionError(
urllib3.exceptions.NewConnectionError: <urllib3.connection.HTTPSConnection object at 0x7440a3cc8c10>: Failed to establish a new connection: [Errno -2] Name or service not known

During handling of the above exception, another exception occurred:

Traceback (most recent call last):
  File "/home/tars/Projects/fpl-oracle/venv311/lib/python3.11/site-packages/requests/adapters.py", line 644, in send
    resp = conn.urlopen(
           ^^^^^^^^^^^^^
  File "/home/tars/Projects/fpl-oracle/venv311/lib/python3.11/site-packages/urllib3/connectionpool.py", line 755, in urlopen
    retries = retries.increment(
              ^^^^^^^^^^^^^^^^^^
  File "/home/tars/Projects/fpl-oracle/venv311/lib/python3.11/site-packages/urllib3/util/retry.py", line 574, in increment
    raise MaxRetryError(_pool, url, error or ResponseError(cause))
urllib3.exceptions.MaxRetryError: HTTPSConnectionPool(host='fantasy.premierleague.com', port=443): Max retries exceeded with url: /api/bootstrap-static/ (Caused by NewConnectionError('<urllib3.connection.HTTPSConnection object at 0x7440a3cc8c10>: Failed to establish a new connection: [Errno -2] Name or service not known'))

During handling of the above exception, another exception occurred:

Traceback (most recent call last):
  File "/home/tars/Projects/fpl-oracle/data_v3.py", line 42, in <module>
    curr_gameweek = get_next_gameweek()-1 # returns the actual current gameweek. If it is about to be 25, returns 25
                    ^^^^^^^^^^^^^^^^^^^
  File "/home/tars/Projects/fpl-oracle/data_v3.py", line 31, in get_next_gameweek
    data = requests.get(url).json()
           ^^^^^^^^^^^^^^^^^
  File "/home/tars/Projects/fpl-oracle/venv311/lib/python3.11/site-packages/requests/api.py", line 73, in get
    return request("get", url, params=params, **kwargs)
           ^^^^^^^^^^^^^^^^^^^^^^^^^^^^^^^^^^^^^^^^^^^^
  File "/home/tars/Projects/fpl-oracle/venv311/lib/python3.11/site-packages/requests/api.py", line 59, in request
    return session.request(method=method, url=url, **kwargs)
           ^^^^^^^^^^^^^^^^^^^^^^^^^^^^^^^^^^^^^^^^^^^^^^^^^
  File "/home/tars/Projects/fpl-oracle/venv311/lib/python3.11/site-packages/requests/sessions.py", line 589, in request
    resp = self.send(prep, **send_kwargs)
           ^^^^^^^^^^^^^^^^^^^^^^^^^^^^^^
  File "/home/tars/Projects/fpl-oracle/venv311/lib/python3.11/site-packages/requests/sessions.py", line 703, in send
    r = adapter.send(request, **kwargs)
        ^^^^^^^^^^^^^^^^^^^^^^^^^^^^^^^
  File "/home/tars/Projects/fpl-oracle/venv311/lib/python3.11/site-packages/requests/adapters.py", line 677, in send
    raise ConnectionError(e, request=request)
requests.exceptions.ConnectionError: HTTPSConnectionPool(host='fantasy.premierleague.com', port=443): Max retries exceeded with url: /api/bootstrap-static/ (Caused by NewConnectionError('<urllib3.connection.HTTPSConnection object at 0x7440a3cc8c10>: Failed to establish a new connection: [Errno -2] Name or service not known'))
Traceback (most recent call last):
  File "/home/tars/Projects/fpl-oracle/venv311/lib/python3.11/site-packages/urllib3/connection.py", line 169, in _new_conn
    conn = connection.create_connection(
           ^^^^^^^^^^^^^^^^^^^^^^^^^^^^^
  File "/home/tars/Projects/fpl-oracle/venv311/lib/python3.11/site-packages/urllib3/util/connection.py", line 73, in create_connection
    for res in socket.getaddrinfo(host, port, family, socket.SOCK_STREAM):
               ^^^^^^^^^^^^^^^^^^^^^^^^^^^^^^^^^^^^^^^^^^^^^^^^^^^^^^^^^^
  File "/usr/lib/python3.11/socket.py", line 974, in getaddrinfo
    for res in _socket.getaddrinfo(host, port, family, type, proto, flags):
               ^^^^^^^^^^^^^^^^^^^^^^^^^^^^^^^^^^^^^^^^^^^^^^^^^^^^^^^^^^^
socket.gaierror: [Errno -2] Name or service not known

During handling of the above exception, another exception occurred:

Traceback (most recent call last):
  File "/home/tars/Projects/fpl-oracle/venv311/lib/python3.11/site-packages/urllib3/connectionpool.py", line 699, in urlopen
    httplib_response = self._make_request(
                       ^^^^^^^^^^^^^^^^^^^
  File "/home/tars/Projects/fpl-oracle/venv311/lib/python3.11/site-packages/urllib3/connectionpool.py", line 382, in _make_request
    self._validate_conn(conn)
  File "/home/tars/Projects/fpl-oracle/venv311/lib/python3.11/site-packages/urllib3/connectionpool.py", line 1010, in _validate_conn
    conn.connect()
  File "/home/tars/Projects/fpl-oracle/venv311/lib/python3.11/site-packages/urllib3/connection.py", line 353, in connect
    conn = self._new_conn()
           ^^^^^^^^^^^^^^^^
  File "/home/tars/Projects/fpl-oracle/venv311/lib/python3.11/site-packages/urllib3/connection.py", line 181, in _new_conn
    raise NewConnectionError(
urllib3.exceptions.NewConnectionError: <urllib3.connection.HTTPSConnection object at 0x7590cb0d8c10>: Failed to establish a new connection: [Errno -2] Name or service not known

During handling of the above exception, another exception occurred:

Traceback (most recent call last):
  File "/home/tars/Projects/fpl-oracle/venv311/lib/python3.11/site-packages/requests/adapters.py", line 644, in send
    resp = conn.urlopen(
           ^^^^^^^^^^^^^
  File "/home/tars/Projects/fpl-oracle/venv311/lib/python3.11/site-packages/urllib3/connectionpool.py", line 755, in urlopen
    retries = retries.increment(
              ^^^^^^^^^^^^^^^^^^
  File "/home/tars/Projects/fpl-oracle/venv311/lib/python3.11/site-packages/urllib3/util/retry.py", line 574, in increment
    raise MaxRetryError(_pool, url, error or ResponseError(cause))
urllib3.exceptions.MaxRetryError: HTTPSConnectionPool(host='fantasy.premierleague.com', port=443): Max retries exceeded with url: /api/bootstrap-static/ (Caused by NewConnectionError('<urllib3.connection.HTTPSConnection object at 0x7590cb0d8c10>: Failed to establish a new connection: [Errno -2] Name or service not known'))

During handling of the above exception, another exception occurred:

Traceback (most recent call last):
  File "/home/tars/Projects/fpl-oracle/data_v3.py", line 42, in <module>
    curr_gameweek = get_next_gameweek()-1 # returns the actual current gameweek. If it is about to be 25, returns 25
                    ^^^^^^^^^^^^^^^^^^^
  File "/home/tars/Projects/fpl-oracle/data_v3.py", line 31, in get_next_gameweek
    data = requests.get(url).json()
           ^^^^^^^^^^^^^^^^^
  File "/home/tars/Projects/fpl-oracle/venv311/lib/python3.11/site-packages/requests/api.py", line 73, in get
    return request("get", url, params=params, **kwargs)
           ^^^^^^^^^^^^^^^^^^^^^^^^^^^^^^^^^^^^^^^^^^^^
  File "/home/tars/Projects/fpl-oracle/venv311/lib/python3.11/site-packages/requests/api.py", line 59, in request
    return session.request(method=method, url=url, **kwargs)
           ^^^^^^^^^^^^^^^^^^^^^^^^^^^^^^^^^^^^^^^^^^^^^^^^^
  File "/home/tars/Projects/fpl-oracle/venv311/lib/python3.11/site-packages/requests/sessions.py", line 589, in request
    resp = self.send(prep, **send_kwargs)
           ^^^^^^^^^^^^^^^^^^^^^^^^^^^^^^
  File "/home/tars/Projects/fpl-oracle/venv311/lib/python3.11/site-packages/requests/sessions.py", line 703, in send
    r = adapter.send(request, **kwargs)
        ^^^^^^^^^^^^^^^^^^^^^^^^^^^^^^^
  File "/home/tars/Projects/fpl-oracle/venv311/lib/python3.11/site-packages/requests/adapters.py", line 677, in send
    raise ConnectionError(e, request=request)
requests.exceptions.ConnectionError: HTTPSConnectionPool(host='fantasy.premierleague.com', port=443): Max retries exceeded with url: /api/bootstrap-static/ (Caused by NewConnectionError('<urllib3.connection.HTTPSConnection object at 0x7590cb0d8c10>: Failed to establish a new connection: [Errno -2] Name or service not known'))
Traceback (most recent call last):
  File "/home/tars/Projects/fpl-oracle/venv311/lib/python3.11/site-packages/urllib3/connection.py", line 169, in _new_conn
    conn = connection.create_connection(
           ^^^^^^^^^^^^^^^^^^^^^^^^^^^^^
  File "/home/tars/Projects/fpl-oracle/venv311/lib/python3.11/site-packages/urllib3/util/connection.py", line 73, in create_connection
    for res in socket.getaddrinfo(host, port, family, socket.SOCK_STREAM):
               ^^^^^^^^^^^^^^^^^^^^^^^^^^^^^^^^^^^^^^^^^^^^^^^^^^^^^^^^^^
  File "/usr/lib/python3.11/socket.py", line 974, in getaddrinfo
    for res in _socket.getaddrinfo(host, port, family, type, proto, flags):
               ^^^^^^^^^^^^^^^^^^^^^^^^^^^^^^^^^^^^^^^^^^^^^^^^^^^^^^^^^^^
socket.gaierror: [Errno -2] Name or service not known

During handling of the above exception, another exception occurred:

Traceback (most recent call last):
  File "/home/tars/Projects/fpl-oracle/venv311/lib/python3.11/site-packages/urllib3/connectionpool.py", line 699, in urlopen
    httplib_response = self._make_request(
                       ^^^^^^^^^^^^^^^^^^^
  File "/home/tars/Projects/fpl-oracle/venv311/lib/python3.11/site-packages/urllib3/connectionpool.py", line 382, in _make_request
    self._validate_conn(conn)
  File "/home/tars/Projects/fpl-oracle/venv311/lib/python3.11/site-packages/urllib3/connectionpool.py", line 1010, in _validate_conn
    conn.connect()
  File "/home/tars/Projects/fpl-oracle/venv311/lib/python3.11/site-packages/urllib3/connection.py", line 353, in connect
    conn = self._new_conn()
           ^^^^^^^^^^^^^^^^
  File "/home/tars/Projects/fpl-oracle/venv311/lib/python3.11/site-packages/urllib3/connection.py", line 181, in _new_conn
    raise NewConnectionError(
urllib3.exceptions.NewConnectionError: <urllib3.connection.HTTPSConnection object at 0x763afa14fbd0>: Failed to establish a new connection: [Errno -2] Name or service not known

During handling of the above exception, another exception occurred:

Traceback (most recent call last):
  File "/home/tars/Projects/fpl-oracle/venv311/lib/python3.11/site-packages/requests/adapters.py", line 644, in send
    resp = conn.urlopen(
           ^^^^^^^^^^^^^
  File "/home/tars/Projects/fpl-oracle/venv311/lib/python3.11/site-packages/urllib3/connectionpool.py", line 755, in urlopen
    retries = retries.increment(
              ^^^^^^^^^^^^^^^^^^
  File "/home/tars/Projects/fpl-oracle/venv311/lib/python3.11/site-packages/urllib3/util/retry.py", line 574, in increment
    raise MaxRetryError(_pool, url, error or ResponseError(cause))
urllib3.exceptions.MaxRetryError: HTTPSConnectionPool(host='fantasy.premierleague.com', port=443): Max retries exceeded with url: /api/bootstrap-static/ (Caused by NewConnectionError('<urllib3.connection.HTTPSConnection object at 0x763afa14fbd0>: Failed to establish a new connection: [Errno -2] Name or service not known'))

During handling of the above exception, another exception occurred:

Traceback (most recent call last):
  File "/home/tars/Projects/fpl-oracle/data_v3.py", line 42, in <module>
    curr_gameweek = get_next_gameweek()-1 # returns the actual current gameweek. If it is about to be 25, returns 25
                    ^^^^^^^^^^^^^^^^^^^
  File "/home/tars/Projects/fpl-oracle/data_v3.py", line 31, in get_next_gameweek
    data = requests.get(url).json()
           ^^^^^^^^^^^^^^^^^
  File "/home/tars/Projects/fpl-oracle/venv311/lib/python3.11/site-packages/requests/api.py", line 73, in get
    return request("get", url, params=params, **kwargs)
           ^^^^^^^^^^^^^^^^^^^^^^^^^^^^^^^^^^^^^^^^^^^^
  File "/home/tars/Projects/fpl-oracle/venv311/lib/python3.11/site-packages/requests/api.py", line 59, in request
    return session.request(method=method, url=url, **kwargs)
           ^^^^^^^^^^^^^^^^^^^^^^^^^^^^^^^^^^^^^^^^^^^^^^^^^
  File "/home/tars/Projects/fpl-oracle/venv311/lib/python3.11/site-packages/requests/sessions.py", line 589, in request
    resp = self.send(prep, **send_kwargs)
           ^^^^^^^^^^^^^^^^^^^^^^^^^^^^^^
  File "/home/tars/Projects/fpl-oracle/venv311/lib/python3.11/site-packages/requests/sessions.py", line 703, in send
    r = adapter.send(request, **kwargs)
        ^^^^^^^^^^^^^^^^^^^^^^^^^^^^^^^
  File "/home/tars/Projects/fpl-oracle/venv311/lib/python3.11/site-packages/requests/adapters.py", line 677, in send
    raise ConnectionError(e, request=request)
requests.exceptions.ConnectionError: HTTPSConnectionPool(host='fantasy.premierleague.com', port=443): Max retries exceeded with url: /api/bootstrap-static/ (Caused by NewConnectionError('<urllib3.connection.HTTPSConnection object at 0x763afa14fbd0>: Failed to establish a new connection: [Errno -2] Name or service not known'))
Traceback (most recent call last):
  File "/home/tars/Projects/fpl-oracle/venv311/lib/python3.11/site-packages/urllib3/connection.py", line 169, in _new_conn
    conn = connection.create_connection(
           ^^^^^^^^^^^^^^^^^^^^^^^^^^^^^
  File "/home/tars/Projects/fpl-oracle/venv311/lib/python3.11/site-packages/urllib3/util/connection.py", line 73, in create_connection
    for res in socket.getaddrinfo(host, port, family, socket.SOCK_STREAM):
               ^^^^^^^^^^^^^^^^^^^^^^^^^^^^^^^^^^^^^^^^^^^^^^^^^^^^^^^^^^
  File "/usr/lib/python3.11/socket.py", line 974, in getaddrinfo
    for res in _socket.getaddrinfo(host, port, family, type, proto, flags):
               ^^^^^^^^^^^^^^^^^^^^^^^^^^^^^^^^^^^^^^^^^^^^^^^^^^^^^^^^^^^
socket.gaierror: [Errno -2] Name or service not known

During handling of the above exception, another exception occurred:

Traceback (most recent call last):
  File "/home/tars/Projects/fpl-oracle/venv311/lib/python3.11/site-packages/urllib3/connectionpool.py", line 699, in urlopen
    httplib_response = self._make_request(
                       ^^^^^^^^^^^^^^^^^^^
  File "/home/tars/Projects/fpl-oracle/venv311/lib/python3.11/site-packages/urllib3/connectionpool.py", line 382, in _make_request
    self._validate_conn(conn)
  File "/home/tars/Projects/fpl-oracle/venv311/lib/python3.11/site-packages/urllib3/connectionpool.py", line 1010, in _validate_conn
    conn.connect()
  File "/home/tars/Projects/fpl-oracle/venv311/lib/python3.11/site-packages/urllib3/connection.py", line 353, in connect
    conn = self._new_conn()
           ^^^^^^^^^^^^^^^^
  File "/home/tars/Projects/fpl-oracle/venv311/lib/python3.11/site-packages/urllib3/connection.py", line 181, in _new_conn
    raise NewConnectionError(
urllib3.exceptions.NewConnectionError: <urllib3.connection.HTTPSConnection object at 0x7f26d53e3650>: Failed to establish a new connection: [Errno -2] Name or service not known

During handling of the above exception, another exception occurred:

Traceback (most recent call last):
  File "/home/tars/Projects/fpl-oracle/venv311/lib/python3.11/site-packages/requests/adapters.py", line 644, in send
    resp = conn.urlopen(
           ^^^^^^^^^^^^^
  File "/home/tars/Projects/fpl-oracle/venv311/lib/python3.11/site-packages/urllib3/connectionpool.py", line 755, in urlopen
    retries = retries.increment(
              ^^^^^^^^^^^^^^^^^^
  File "/home/tars/Projects/fpl-oracle/venv311/lib/python3.11/site-packages/urllib3/util/retry.py", line 574, in increment
    raise MaxRetryError(_pool, url, error or ResponseError(cause))
urllib3.exceptions.MaxRetryError: HTTPSConnectionPool(host='fantasy.premierleague.com', port=443): Max retries exceeded with url: /api/bootstrap-static/ (Caused by NewConnectionError('<urllib3.connection.HTTPSConnection object at 0x7f26d53e3650>: Failed to establish a new connection: [Errno -2] Name or service not known'))

During handling of the above exception, another exception occurred:

Traceback (most recent call last):
  File "/home/tars/Projects/fpl-oracle/data_v3.py", line 42, in <module>
    curr_gameweek = get_next_gameweek()-1 # returns the actual current gameweek. If it is about to be 25, returns 25
                    ^^^^^^^^^^^^^^^^^^^
  File "/home/tars/Projects/fpl-oracle/data_v3.py", line 31, in get_next_gameweek
    data = requests.get(url).json()
           ^^^^^^^^^^^^^^^^^
  File "/home/tars/Projects/fpl-oracle/venv311/lib/python3.11/site-packages/requests/api.py", line 73, in get
    return request("get", url, params=params, **kwargs)
           ^^^^^^^^^^^^^^^^^^^^^^^^^^^^^^^^^^^^^^^^^^^^
  File "/home/tars/Projects/fpl-oracle/venv311/lib/python3.11/site-packages/requests/api.py", line 59, in request
    return session.request(method=method, url=url, **kwargs)
           ^^^^^^^^^^^^^^^^^^^^^^^^^^^^^^^^^^^^^^^^^^^^^^^^^
  File "/home/tars/Projects/fpl-oracle/venv311/lib/python3.11/site-packages/requests/sessions.py", line 589, in request
    resp = self.send(prep, **send_kwargs)
           ^^^^^^^^^^^^^^^^^^^^^^^^^^^^^^
  File "/home/tars/Projects/fpl-oracle/venv311/lib/python3.11/site-packages/requests/sessions.py", line 703, in send
    r = adapter.send(request, **kwargs)
        ^^^^^^^^^^^^^^^^^^^^^^^^^^^^^^^
  File "/home/tars/Projects/fpl-oracle/venv311/lib/python3.11/site-packages/requests/adapters.py", line 677, in send
    raise ConnectionError(e, request=request)
requests.exceptions.ConnectionError: HTTPSConnectionPool(host='fantasy.premierleague.com', port=443): Max retries exceeded with url: /api/bootstrap-static/ (Caused by NewConnectionError('<urllib3.connection.HTTPSConnection object at 0x7f26d53e3650>: Failed to establish a new connection: [Errno -2] Name or service not known'))
Traceback (most recent call last):
  File "/home/tars/Projects/fpl-oracle/venv311/lib/python3.11/site-packages/urllib3/connection.py", line 169, in _new_conn
    conn = connection.create_connection(
           ^^^^^^^^^^^^^^^^^^^^^^^^^^^^^
  File "/home/tars/Projects/fpl-oracle/venv311/lib/python3.11/site-packages/urllib3/util/connection.py", line 73, in create_connection
    for res in socket.getaddrinfo(host, port, family, socket.SOCK_STREAM):
               ^^^^^^^^^^^^^^^^^^^^^^^^^^^^^^^^^^^^^^^^^^^^^^^^^^^^^^^^^^
  File "/usr/lib/python3.11/socket.py", line 974, in getaddrinfo
    for res in _socket.getaddrinfo(host, port, family, type, proto, flags):
               ^^^^^^^^^^^^^^^^^^^^^^^^^^^^^^^^^^^^^^^^^^^^^^^^^^^^^^^^^^^
socket.gaierror: [Errno -2] Name or service not known

During handling of the above exception, another exception occurred:

Traceback (most recent call last):
  File "/home/tars/Projects/fpl-oracle/venv311/lib/python3.11/site-packages/urllib3/connectionpool.py", line 699, in urlopen
    httplib_response = self._make_request(
                       ^^^^^^^^^^^^^^^^^^^
  File "/home/tars/Projects/fpl-oracle/venv311/lib/python3.11/site-packages/urllib3/connectionpool.py", line 382, in _make_request
    self._validate_conn(conn)
  File "/home/tars/Projects/fpl-oracle/venv311/lib/python3.11/site-packages/urllib3/connectionpool.py", line 1010, in _validate_conn
    conn.connect()
  File "/home/tars/Projects/fpl-oracle/venv311/lib/python3.11/site-packages/urllib3/connection.py", line 353, in connect
    conn = self._new_conn()
           ^^^^^^^^^^^^^^^^
  File "/home/tars/Projects/fpl-oracle/venv311/lib/python3.11/site-packages/urllib3/connection.py", line 181, in _new_conn
    raise NewConnectionError(
urllib3.exceptions.NewConnectionError: <urllib3.connection.HTTPSConnection object at 0x7148ed6d2810>: Failed to establish a new connection: [Errno -2] Name or service not known

During handling of the above exception, another exception occurred:

Traceback (most recent call last):
  File "/home/tars/Projects/fpl-oracle/venv311/lib/python3.11/site-packages/requests/adapters.py", line 644, in send
    resp = conn.urlopen(
           ^^^^^^^^^^^^^
  File "/home/tars/Projects/fpl-oracle/venv311/lib/python3.11/site-packages/urllib3/connectionpool.py", line 755, in urlopen
    retries = retries.increment(
              ^^^^^^^^^^^^^^^^^^
  File "/home/tars/Projects/fpl-oracle/venv311/lib/python3.11/site-packages/urllib3/util/retry.py", line 574, in increment
    raise MaxRetryError(_pool, url, error or ResponseError(cause))
urllib3.exceptions.MaxRetryError: HTTPSConnectionPool(host='fantasy.premierleague.com', port=443): Max retries exceeded with url: /api/bootstrap-static/ (Caused by NewConnectionError('<urllib3.connection.HTTPSConnection object at 0x7148ed6d2810>: Failed to establish a new connection: [Errno -2] Name or service not known'))

During handling of the above exception, another exception occurred:

Traceback (most recent call last):
  File "/home/tars/Projects/fpl-oracle/data_v3.py", line 42, in <module>
    curr_gameweek = get_next_gameweek()-1 # returns the actual current gameweek. If it is about to be 25, returns 25
                    ^^^^^^^^^^^^^^^^^^^
  File "/home/tars/Projects/fpl-oracle/data_v3.py", line 31, in get_next_gameweek
    data = requests.get(url).json()
           ^^^^^^^^^^^^^^^^^
  File "/home/tars/Projects/fpl-oracle/venv311/lib/python3.11/site-packages/requests/api.py", line 73, in get
    return request("get", url, params=params, **kwargs)
           ^^^^^^^^^^^^^^^^^^^^^^^^^^^^^^^^^^^^^^^^^^^^
  File "/home/tars/Projects/fpl-oracle/venv311/lib/python3.11/site-packages/requests/api.py", line 59, in request
    return session.request(method=method, url=url, **kwargs)
           ^^^^^^^^^^^^^^^^^^^^^^^^^^^^^^^^^^^^^^^^^^^^^^^^^
  File "/home/tars/Projects/fpl-oracle/venv311/lib/python3.11/site-packages/requests/sessions.py", line 589, in request
    resp = self.send(prep, **send_kwargs)
           ^^^^^^^^^^^^^^^^^^^^^^^^^^^^^^
  File "/home/tars/Projects/fpl-oracle/venv311/lib/python3.11/site-packages/requests/sessions.py", line 703, in send
    r = adapter.send(request, **kwargs)
        ^^^^^^^^^^^^^^^^^^^^^^^^^^^^^^^
  File "/home/tars/Projects/fpl-oracle/venv311/lib/python3.11/site-packages/requests/adapters.py", line 677, in send
    raise ConnectionError(e, request=request)
requests.exceptions.ConnectionError: HTTPSConnectionPool(host='fantasy.premierleague.com', port=443): Max retries exceeded with url: /api/bootstrap-static/ (Caused by NewConnectionError('<urllib3.connection.HTTPSConnection object at 0x7148ed6d2810>: Failed to establish a new connection: [Errno -2] Name or service not known'))
Traceback (most recent call last):
  File "/home/tars/Projects/fpl-oracle/venv311/lib/python3.11/site-packages/urllib3/connection.py", line 169, in _new_conn
    conn = connection.create_connection(
           ^^^^^^^^^^^^^^^^^^^^^^^^^^^^^
  File "/home/tars/Projects/fpl-oracle/venv311/lib/python3.11/site-packages/urllib3/util/connection.py", line 73, in create_connection
    for res in socket.getaddrinfo(host, port, family, socket.SOCK_STREAM):
               ^^^^^^^^^^^^^^^^^^^^^^^^^^^^^^^^^^^^^^^^^^^^^^^^^^^^^^^^^^
  File "/usr/lib/python3.11/socket.py", line 974, in getaddrinfo
    for res in _socket.getaddrinfo(host, port, family, type, proto, flags):
               ^^^^^^^^^^^^^^^^^^^^^^^^^^^^^^^^^^^^^^^^^^^^^^^^^^^^^^^^^^^
socket.gaierror: [Errno -2] Name or service not known

During handling of the above exception, another exception occurred:

Traceback (most recent call last):
  File "/home/tars/Projects/fpl-oracle/venv311/lib/python3.11/site-packages/urllib3/connectionpool.py", line 699, in urlopen
    httplib_response = self._make_request(
                       ^^^^^^^^^^^^^^^^^^^
  File "/home/tars/Projects/fpl-oracle/venv311/lib/python3.11/site-packages/urllib3/connectionpool.py", line 382, in _make_request
    self._validate_conn(conn)
  File "/home/tars/Projects/fpl-oracle/venv311/lib/python3.11/site-packages/urllib3/connectionpool.py", line 1010, in _validate_conn
    conn.connect()
  File "/home/tars/Projects/fpl-oracle/venv311/lib/python3.11/site-packages/urllib3/connection.py", line 353, in connect
    conn = self._new_conn()
           ^^^^^^^^^^^^^^^^
  File "/home/tars/Projects/fpl-oracle/venv311/lib/python3.11/site-packages/urllib3/connection.py", line 181, in _new_conn
    raise NewConnectionError(
urllib3.exceptions.NewConnectionError: <urllib3.connection.HTTPSConnection object at 0x7fc5d6b4a810>: Failed to establish a new connection: [Errno -2] Name or service not known

During handling of the above exception, another exception occurred:

Traceback (most recent call last):
  File "/home/tars/Projects/fpl-oracle/venv311/lib/python3.11/site-packages/requests/adapters.py", line 644, in send
    resp = conn.urlopen(
           ^^^^^^^^^^^^^
  File "/home/tars/Projects/fpl-oracle/venv311/lib/python3.11/site-packages/urllib3/connectionpool.py", line 755, in urlopen
    retries = retries.increment(
              ^^^^^^^^^^^^^^^^^^
  File "/home/tars/Projects/fpl-oracle/venv311/lib/python3.11/site-packages/urllib3/util/retry.py", line 574, in increment
    raise MaxRetryError(_pool, url, error or ResponseError(cause))
urllib3.exceptions.MaxRetryError: HTTPSConnectionPool(host='fantasy.premierleague.com', port=443): Max retries exceeded with url: /api/bootstrap-static/ (Caused by NewConnectionError('<urllib3.connection.HTTPSConnection object at 0x7fc5d6b4a810>: Failed to establish a new connection: [Errno -2] Name or service not known'))

During handling of the above exception, another exception occurred:

Traceback (most recent call last):
  File "/home/tars/Projects/fpl-oracle/data_v3.py", line 42, in <module>
    curr_gameweek = get_next_gameweek()-1 # returns the actual current gameweek. If it is about to be 25, returns 25
                    ^^^^^^^^^^^^^^^^^^^
  File "/home/tars/Projects/fpl-oracle/data_v3.py", line 31, in get_next_gameweek
    data = requests.get(url).json()
           ^^^^^^^^^^^^^^^^^
  File "/home/tars/Projects/fpl-oracle/venv311/lib/python3.11/site-packages/requests/api.py", line 73, in get
    return request("get", url, params=params, **kwargs)
           ^^^^^^^^^^^^^^^^^^^^^^^^^^^^^^^^^^^^^^^^^^^^
  File "/home/tars/Projects/fpl-oracle/venv311/lib/python3.11/site-packages/requests/api.py", line 59, in request
    return session.request(method=method, url=url, **kwargs)
           ^^^^^^^^^^^^^^^^^^^^^^^^^^^^^^^^^^^^^^^^^^^^^^^^^
  File "/home/tars/Projects/fpl-oracle/venv311/lib/python3.11/site-packages/requests/sessions.py", line 589, in request
    resp = self.send(prep, **send_kwargs)
           ^^^^^^^^^^^^^^^^^^^^^^^^^^^^^^
  File "/home/tars/Projects/fpl-oracle/venv311/lib/python3.11/site-packages/requests/sessions.py", line 703, in send
    r = adapter.send(request, **kwargs)
        ^^^^^^^^^^^^^^^^^^^^^^^^^^^^^^^
  File "/home/tars/Projects/fpl-oracle/venv311/lib/python3.11/site-packages/requests/adapters.py", line 677, in send
    raise ConnectionError(e, request=request)
requests.exceptions.ConnectionError: HTTPSConnectionPool(host='fantasy.premierleague.com', port=443): Max retries exceeded with url: /api/bootstrap-static/ (Caused by NewConnectionError('<urllib3.connection.HTTPSConnection object at 0x7fc5d6b4a810>: Failed to establish a new connection: [Errno -2] Name or service not known'))
Traceback (most recent call last):
  File "/home/tars/Projects/fpl-oracle/venv311/lib/python3.11/site-packages/urllib3/connection.py", line 169, in _new_conn
    conn = connection.create_connection(
           ^^^^^^^^^^^^^^^^^^^^^^^^^^^^^
  File "/home/tars/Projects/fpl-oracle/venv311/lib/python3.11/site-packages/urllib3/util/connection.py", line 73, in create_connection
    for res in socket.getaddrinfo(host, port, family, socket.SOCK_STREAM):
               ^^^^^^^^^^^^^^^^^^^^^^^^^^^^^^^^^^^^^^^^^^^^^^^^^^^^^^^^^^
  File "/usr/lib/python3.11/socket.py", line 974, in getaddrinfo
    for res in _socket.getaddrinfo(host, port, family, type, proto, flags):
               ^^^^^^^^^^^^^^^^^^^^^^^^^^^^^^^^^^^^^^^^^^^^^^^^^^^^^^^^^^^
socket.gaierror: [Errno -2] Name or service not known

During handling of the above exception, another exception occurred:

Traceback (most recent call last):
  File "/home/tars/Projects/fpl-oracle/venv311/lib/python3.11/site-packages/urllib3/connectionpool.py", line 699, in urlopen
    httplib_response = self._make_request(
                       ^^^^^^^^^^^^^^^^^^^
  File "/home/tars/Projects/fpl-oracle/venv311/lib/python3.11/site-packages/urllib3/connectionpool.py", line 382, in _make_request
    self._validate_conn(conn)
  File "/home/tars/Projects/fpl-oracle/venv311/lib/python3.11/site-packages/urllib3/connectionpool.py", line 1010, in _validate_conn
    conn.connect()
  File "/home/tars/Projects/fpl-oracle/venv311/lib/python3.11/site-packages/urllib3/connection.py", line 353, in connect
    conn = self._new_conn()
           ^^^^^^^^^^^^^^^^
  File "/home/tars/Projects/fpl-oracle/venv311/lib/python3.11/site-packages/urllib3/connection.py", line 181, in _new_conn
    raise NewConnectionError(
urllib3.exceptions.NewConnectionError: <urllib3.connection.HTTPSConnection object at 0x7a467beeb8d0>: Failed to establish a new connection: [Errno -2] Name or service not known

During handling of the above exception, another exception occurred:

Traceback (most recent call last):
  File "/home/tars/Projects/fpl-oracle/venv311/lib/python3.11/site-packages/requests/adapters.py", line 644, in send
    resp = conn.urlopen(
           ^^^^^^^^^^^^^
  File "/home/tars/Projects/fpl-oracle/venv311/lib/python3.11/site-packages/urllib3/connectionpool.py", line 755, in urlopen
    retries = retries.increment(
              ^^^^^^^^^^^^^^^^^^
  File "/home/tars/Projects/fpl-oracle/venv311/lib/python3.11/site-packages/urllib3/util/retry.py", line 574, in increment
    raise MaxRetryError(_pool, url, error or ResponseError(cause))
urllib3.exceptions.MaxRetryError: HTTPSConnectionPool(host='fantasy.premierleague.com', port=443): Max retries exceeded with url: /api/bootstrap-static/ (Caused by NewConnectionError('<urllib3.connection.HTTPSConnection object at 0x7a467beeb8d0>: Failed to establish a new connection: [Errno -2] Name or service not known'))

During handling of the above exception, another exception occurred:

Traceback (most recent call last):
  File "/home/tars/Projects/fpl-oracle/data_v3.py", line 42, in <module>
    curr_gameweek = get_next_gameweek()-1 # returns the actual current gameweek. If it is about to be 25, returns 25
                    ^^^^^^^^^^^^^^^^^^^
  File "/home/tars/Projects/fpl-oracle/data_v3.py", line 31, in get_next_gameweek
    data = requests.get(url).json()
           ^^^^^^^^^^^^^^^^^
  File "/home/tars/Projects/fpl-oracle/venv311/lib/python3.11/site-packages/requests/api.py", line 73, in get
    return request("get", url, params=params, **kwargs)
           ^^^^^^^^^^^^^^^^^^^^^^^^^^^^^^^^^^^^^^^^^^^^
  File "/home/tars/Projects/fpl-oracle/venv311/lib/python3.11/site-packages/requests/api.py", line 59, in request
    return session.request(method=method, url=url, **kwargs)
           ^^^^^^^^^^^^^^^^^^^^^^^^^^^^^^^^^^^^^^^^^^^^^^^^^
  File "/home/tars/Projects/fpl-oracle/venv311/lib/python3.11/site-packages/requests/sessions.py", line 589, in request
    resp = self.send(prep, **send_kwargs)
           ^^^^^^^^^^^^^^^^^^^^^^^^^^^^^^
  File "/home/tars/Projects/fpl-oracle/venv311/lib/python3.11/site-packages/requests/sessions.py", line 703, in send
    r = adapter.send(request, **kwargs)
        ^^^^^^^^^^^^^^^^^^^^^^^^^^^^^^^
  File "/home/tars/Projects/fpl-oracle/venv311/lib/python3.11/site-packages/requests/adapters.py", line 677, in send
    raise ConnectionError(e, request=request)
requests.exceptions.ConnectionError: HTTPSConnectionPool(host='fantasy.premierleague.com', port=443): Max retries exceeded with url: /api/bootstrap-static/ (Caused by NewConnectionError('<urllib3.connection.HTTPSConnection object at 0x7a467beeb8d0>: Failed to establish a new connection: [Errno -2] Name or service not known'))
Traceback (most recent call last):
  File "/home/tars/Projects/fpl-oracle/venv311/lib/python3.11/site-packages/urllib3/connection.py", line 169, in _new_conn
    conn = connection.create_connection(
           ^^^^^^^^^^^^^^^^^^^^^^^^^^^^^
  File "/home/tars/Projects/fpl-oracle/venv311/lib/python3.11/site-packages/urllib3/util/connection.py", line 73, in create_connection
    for res in socket.getaddrinfo(host, port, family, socket.SOCK_STREAM):
               ^^^^^^^^^^^^^^^^^^^^^^^^^^^^^^^^^^^^^^^^^^^^^^^^^^^^^^^^^^
  File "/usr/lib/python3.11/socket.py", line 974, in getaddrinfo
    for res in _socket.getaddrinfo(host, port, family, type, proto, flags):
               ^^^^^^^^^^^^^^^^^^^^^^^^^^^^^^^^^^^^^^^^^^^^^^^^^^^^^^^^^^^
socket.gaierror: [Errno -2] Name or service not known

During handling of the above exception, another exception occurred:

Traceback (most recent call last):
  File "/home/tars/Projects/fpl-oracle/venv311/lib/python3.11/site-packages/urllib3/connectionpool.py", line 699, in urlopen
    httplib_response = self._make_request(
                       ^^^^^^^^^^^^^^^^^^^
  File "/home/tars/Projects/fpl-oracle/venv311/lib/python3.11/site-packages/urllib3/connectionpool.py", line 382, in _make_request
    self._validate_conn(conn)
  File "/home/tars/Projects/fpl-oracle/venv311/lib/python3.11/site-packages/urllib3/connectionpool.py", line 1010, in _validate_conn
    conn.connect()
  File "/home/tars/Projects/fpl-oracle/venv311/lib/python3.11/site-packages/urllib3/connection.py", line 353, in connect
    conn = self._new_conn()
           ^^^^^^^^^^^^^^^^
  File "/home/tars/Projects/fpl-oracle/venv311/lib/python3.11/site-packages/urllib3/connection.py", line 181, in _new_conn
    raise NewConnectionError(
urllib3.exceptions.NewConnectionError: <urllib3.connection.HTTPSConnection object at 0x761d375b3c10>: Failed to establish a new connection: [Errno -2] Name or service not known

During handling of the above exception, another exception occurred:

Traceback (most recent call last):
  File "/home/tars/Projects/fpl-oracle/venv311/lib/python3.11/site-packages/requests/adapters.py", line 644, in send
    resp = conn.urlopen(
           ^^^^^^^^^^^^^
  File "/home/tars/Projects/fpl-oracle/venv311/lib/python3.11/site-packages/urllib3/connectionpool.py", line 755, in urlopen
    retries = retries.increment(
              ^^^^^^^^^^^^^^^^^^
  File "/home/tars/Projects/fpl-oracle/venv311/lib/python3.11/site-packages/urllib3/util/retry.py", line 574, in increment
    raise MaxRetryError(_pool, url, error or ResponseError(cause))
urllib3.exceptions.MaxRetryError: HTTPSConnectionPool(host='fantasy.premierleague.com', port=443): Max retries exceeded with url: /api/bootstrap-static/ (Caused by NewConnectionError('<urllib3.connection.HTTPSConnection object at 0x761d375b3c10>: Failed to establish a new connection: [Errno -2] Name or service not known'))

During handling of the above exception, another exception occurred:

Traceback (most recent call last):
  File "/home/tars/Projects/fpl-oracle/data_v3.py", line 42, in <module>
    curr_gameweek = get_next_gameweek()-1 # returns the actual current gameweek. If it is about to be 25, returns 25
                    ^^^^^^^^^^^^^^^^^^^
  File "/home/tars/Projects/fpl-oracle/data_v3.py", line 31, in get_next_gameweek
    data = requests.get(url).json()
           ^^^^^^^^^^^^^^^^^
  File "/home/tars/Projects/fpl-oracle/venv311/lib/python3.11/site-packages/requests/api.py", line 73, in get
    return request("get", url, params=params, **kwargs)
           ^^^^^^^^^^^^^^^^^^^^^^^^^^^^^^^^^^^^^^^^^^^^
  File "/home/tars/Projects/fpl-oracle/venv311/lib/python3.11/site-packages/requests/api.py", line 59, in request
    return session.request(method=method, url=url, **kwargs)
           ^^^^^^^^^^^^^^^^^^^^^^^^^^^^^^^^^^^^^^^^^^^^^^^^^
  File "/home/tars/Projects/fpl-oracle/venv311/lib/python3.11/site-packages/requests/sessions.py", line 589, in request
    resp = self.send(prep, **send_kwargs)
           ^^^^^^^^^^^^^^^^^^^^^^^^^^^^^^
  File "/home/tars/Projects/fpl-oracle/venv311/lib/python3.11/site-packages/requests/sessions.py", line 703, in send
    r = adapter.send(request, **kwargs)
        ^^^^^^^^^^^^^^^^^^^^^^^^^^^^^^^
  File "/home/tars/Projects/fpl-oracle/venv311/lib/python3.11/site-packages/requests/adapters.py", line 677, in send
    raise ConnectionError(e, request=request)
requests.exceptions.ConnectionError: HTTPSConnectionPool(host='fantasy.premierleague.com', port=443): Max retries exceeded with url: /api/bootstrap-static/ (Caused by NewConnectionError('<urllib3.connection.HTTPSConnection object at 0x761d375b3c10>: Failed to establish a new connection: [Errno -2] Name or service not known'))
Traceback (most recent call last):
  File "/home/tars/Projects/fpl-oracle/venv311/lib/python3.11/site-packages/urllib3/connection.py", line 169, in _new_conn
    conn = connection.create_connection(
           ^^^^^^^^^^^^^^^^^^^^^^^^^^^^^
  File "/home/tars/Projects/fpl-oracle/venv311/lib/python3.11/site-packages/urllib3/util/connection.py", line 73, in create_connection
    for res in socket.getaddrinfo(host, port, family, socket.SOCK_STREAM):
               ^^^^^^^^^^^^^^^^^^^^^^^^^^^^^^^^^^^^^^^^^^^^^^^^^^^^^^^^^^
  File "/usr/lib/python3.11/socket.py", line 974, in getaddrinfo
    for res in _socket.getaddrinfo(host, port, family, type, proto, flags):
               ^^^^^^^^^^^^^^^^^^^^^^^^^^^^^^^^^^^^^^^^^^^^^^^^^^^^^^^^^^^
socket.gaierror: [Errno -2] Name or service not known

During handling of the above exception, another exception occurred:

Traceback (most recent call last):
  File "/home/tars/Projects/fpl-oracle/venv311/lib/python3.11/site-packages/urllib3/connectionpool.py", line 699, in urlopen
    httplib_response = self._make_request(
                       ^^^^^^^^^^^^^^^^^^^
  File "/home/tars/Projects/fpl-oracle/venv311/lib/python3.11/site-packages/urllib3/connectionpool.py", line 382, in _make_request
    self._validate_conn(conn)
  File "/home/tars/Projects/fpl-oracle/venv311/lib/python3.11/site-packages/urllib3/connectionpool.py", line 1010, in _validate_conn
    conn.connect()
  File "/home/tars/Projects/fpl-oracle/venv311/lib/python3.11/site-packages/urllib3/connection.py", line 353, in connect
    conn = self._new_conn()
           ^^^^^^^^^^^^^^^^
  File "/home/tars/Projects/fpl-oracle/venv311/lib/python3.11/site-packages/urllib3/connection.py", line 181, in _new_conn
    raise NewConnectionError(
urllib3.exceptions.NewConnectionError: <urllib3.connection.HTTPSConnection object at 0x7ea480ba7bd0>: Failed to establish a new connection: [Errno -2] Name or service not known

During handling of the above exception, another exception occurred:

Traceback (most recent call last):
  File "/home/tars/Projects/fpl-oracle/venv311/lib/python3.11/site-packages/requests/adapters.py", line 644, in send
    resp = conn.urlopen(
           ^^^^^^^^^^^^^
  File "/home/tars/Projects/fpl-oracle/venv311/lib/python3.11/site-packages/urllib3/connectionpool.py", line 755, in urlopen
    retries = retries.increment(
              ^^^^^^^^^^^^^^^^^^
  File "/home/tars/Projects/fpl-oracle/venv311/lib/python3.11/site-packages/urllib3/util/retry.py", line 574, in increment
    raise MaxRetryError(_pool, url, error or ResponseError(cause))
urllib3.exceptions.MaxRetryError: HTTPSConnectionPool(host='fantasy.premierleague.com', port=443): Max retries exceeded with url: /api/bootstrap-static/ (Caused by NewConnectionError('<urllib3.connection.HTTPSConnection object at 0x7ea480ba7bd0>: Failed to establish a new connection: [Errno -2] Name or service not known'))

During handling of the above exception, another exception occurred:

Traceback (most recent call last):
  File "/home/tars/Projects/fpl-oracle/data_v3.py", line 42, in <module>
    curr_gameweek = get_next_gameweek()-1 # returns the actual current gameweek. If it is about to be 25, returns 25
                    ^^^^^^^^^^^^^^^^^^^
  File "/home/tars/Projects/fpl-oracle/data_v3.py", line 31, in get_next_gameweek
    data = requests.get(url).json()
           ^^^^^^^^^^^^^^^^^
  File "/home/tars/Projects/fpl-oracle/venv311/lib/python3.11/site-packages/requests/api.py", line 73, in get
    return request("get", url, params=params, **kwargs)
           ^^^^^^^^^^^^^^^^^^^^^^^^^^^^^^^^^^^^^^^^^^^^
  File "/home/tars/Projects/fpl-oracle/venv311/lib/python3.11/site-packages/requests/api.py", line 59, in request
    return session.request(method=method, url=url, **kwargs)
           ^^^^^^^^^^^^^^^^^^^^^^^^^^^^^^^^^^^^^^^^^^^^^^^^^
  File "/home/tars/Projects/fpl-oracle/venv311/lib/python3.11/site-packages/requests/sessions.py", line 589, in request
    resp = self.send(prep, **send_kwargs)
           ^^^^^^^^^^^^^^^^^^^^^^^^^^^^^^
  File "/home/tars/Projects/fpl-oracle/venv311/lib/python3.11/site-packages/requests/sessions.py", line 703, in send
    r = adapter.send(request, **kwargs)
        ^^^^^^^^^^^^^^^^^^^^^^^^^^^^^^^
  File "/home/tars/Projects/fpl-oracle/venv311/lib/python3.11/site-packages/requests/adapters.py", line 677, in send
    raise ConnectionError(e, request=request)
requests.exceptions.ConnectionError: HTTPSConnectionPool(host='fantasy.premierleague.com', port=443): Max retries exceeded with url: /api/bootstrap-static/ (Caused by NewConnectionError('<urllib3.connection.HTTPSConnection object at 0x7ea480ba7bd0>: Failed to establish a new connection: [Errno -2] Name or service not known'))
Traceback (most recent call last):
  File "/home/tars/Projects/fpl-oracle/venv311/lib/python3.11/site-packages/urllib3/connection.py", line 169, in _new_conn
    conn = connection.create_connection(
           ^^^^^^^^^^^^^^^^^^^^^^^^^^^^^
  File "/home/tars/Projects/fpl-oracle/venv311/lib/python3.11/site-packages/urllib3/util/connection.py", line 73, in create_connection
    for res in socket.getaddrinfo(host, port, family, socket.SOCK_STREAM):
               ^^^^^^^^^^^^^^^^^^^^^^^^^^^^^^^^^^^^^^^^^^^^^^^^^^^^^^^^^^
  File "/usr/lib/python3.11/socket.py", line 974, in getaddrinfo
    for res in _socket.getaddrinfo(host, port, family, type, proto, flags):
               ^^^^^^^^^^^^^^^^^^^^^^^^^^^^^^^^^^^^^^^^^^^^^^^^^^^^^^^^^^^
socket.gaierror: [Errno -2] Name or service not known

During handling of the above exception, another exception occurred:

Traceback (most recent call last):
  File "/home/tars/Projects/fpl-oracle/venv311/lib/python3.11/site-packages/urllib3/connectionpool.py", line 699, in urlopen
    httplib_response = self._make_request(
                       ^^^^^^^^^^^^^^^^^^^
  File "/home/tars/Projects/fpl-oracle/venv311/lib/python3.11/site-packages/urllib3/connectionpool.py", line 382, in _make_request
    self._validate_conn(conn)
  File "/home/tars/Projects/fpl-oracle/venv311/lib/python3.11/site-packages/urllib3/connectionpool.py", line 1010, in _validate_conn
    conn.connect()
  File "/home/tars/Projects/fpl-oracle/venv311/lib/python3.11/site-packages/urllib3/connection.py", line 353, in connect
    conn = self._new_conn()
           ^^^^^^^^^^^^^^^^
  File "/home/tars/Projects/fpl-oracle/venv311/lib/python3.11/site-packages/urllib3/connection.py", line 181, in _new_conn
    raise NewConnectionError(
urllib3.exceptions.NewConnectionError: <urllib3.connection.HTTPSConnection object at 0x7078b8bd1050>: Failed to establish a new connection: [Errno -2] Name or service not known

During handling of the above exception, another exception occurred:

Traceback (most recent call last):
  File "/home/tars/Projects/fpl-oracle/venv311/lib/python3.11/site-packages/requests/adapters.py", line 644, in send
    resp = conn.urlopen(
           ^^^^^^^^^^^^^
  File "/home/tars/Projects/fpl-oracle/venv311/lib/python3.11/site-packages/urllib3/connectionpool.py", line 755, in urlopen
    retries = retries.increment(
              ^^^^^^^^^^^^^^^^^^
  File "/home/tars/Projects/fpl-oracle/venv311/lib/python3.11/site-packages/urllib3/util/retry.py", line 574, in increment
    raise MaxRetryError(_pool, url, error or ResponseError(cause))
urllib3.exceptions.MaxRetryError: HTTPSConnectionPool(host='fantasy.premierleague.com', port=443): Max retries exceeded with url: /api/bootstrap-static/ (Caused by NewConnectionError('<urllib3.connection.HTTPSConnection object at 0x7078b8bd1050>: Failed to establish a new connection: [Errno -2] Name or service not known'))

During handling of the above exception, another exception occurred:

Traceback (most recent call last):
  File "/home/tars/Projects/fpl-oracle/data_v3.py", line 42, in <module>
    curr_gameweek = get_next_gameweek()-1 # returns the actual current gameweek. If it is about to be 25, returns 25
                    ^^^^^^^^^^^^^^^^^^^
  File "/home/tars/Projects/fpl-oracle/data_v3.py", line 31, in get_next_gameweek
    data = requests.get(url).json()
           ^^^^^^^^^^^^^^^^^
  File "/home/tars/Projects/fpl-oracle/venv311/lib/python3.11/site-packages/requests/api.py", line 73, in get
    return request("get", url, params=params, **kwargs)
           ^^^^^^^^^^^^^^^^^^^^^^^^^^^^^^^^^^^^^^^^^^^^
  File "/home/tars/Projects/fpl-oracle/venv311/lib/python3.11/site-packages/requests/api.py", line 59, in request
    return session.request(method=method, url=url, **kwargs)
           ^^^^^^^^^^^^^^^^^^^^^^^^^^^^^^^^^^^^^^^^^^^^^^^^^
  File "/home/tars/Projects/fpl-oracle/venv311/lib/python3.11/site-packages/requests/sessions.py", line 589, in request
    resp = self.send(prep, **send_kwargs)
           ^^^^^^^^^^^^^^^^^^^^^^^^^^^^^^
  File "/home/tars/Projects/fpl-oracle/venv311/lib/python3.11/site-packages/requests/sessions.py", line 703, in send
    r = adapter.send(request, **kwargs)
        ^^^^^^^^^^^^^^^^^^^^^^^^^^^^^^^
  File "/home/tars/Projects/fpl-oracle/venv311/lib/python3.11/site-packages/requests/adapters.py", line 677, in send
    raise ConnectionError(e, request=request)
requests.exceptions.ConnectionError: HTTPSConnectionPool(host='fantasy.premierleague.com', port=443): Max retries exceeded with url: /api/bootstrap-static/ (Caused by NewConnectionError('<urllib3.connection.HTTPSConnection object at 0x7078b8bd1050>: Failed to establish a new connection: [Errno -2] Name or service not known'))
Traceback (most recent call last):
  File "/home/tars/Projects/fpl-oracle/venv311/lib/python3.11/site-packages/urllib3/connection.py", line 169, in _new_conn
    conn = connection.create_connection(
           ^^^^^^^^^^^^^^^^^^^^^^^^^^^^^
  File "/home/tars/Projects/fpl-oracle/venv311/lib/python3.11/site-packages/urllib3/util/connection.py", line 73, in create_connection
    for res in socket.getaddrinfo(host, port, family, socket.SOCK_STREAM):
               ^^^^^^^^^^^^^^^^^^^^^^^^^^^^^^^^^^^^^^^^^^^^^^^^^^^^^^^^^^
  File "/usr/lib/python3.11/socket.py", line 974, in getaddrinfo
    for res in _socket.getaddrinfo(host, port, family, type, proto, flags):
               ^^^^^^^^^^^^^^^^^^^^^^^^^^^^^^^^^^^^^^^^^^^^^^^^^^^^^^^^^^^
socket.gaierror: [Errno -2] Name or service not known

During handling of the above exception, another exception occurred:

Traceback (most recent call last):
  File "/home/tars/Projects/fpl-oracle/venv311/lib/python3.11/site-packages/urllib3/connectionpool.py", line 699, in urlopen
    httplib_response = self._make_request(
                       ^^^^^^^^^^^^^^^^^^^
  File "/home/tars/Projects/fpl-oracle/venv311/lib/python3.11/site-packages/urllib3/connectionpool.py", line 382, in _make_request
    self._validate_conn(conn)
  File "/home/tars/Projects/fpl-oracle/venv311/lib/python3.11/site-packages/urllib3/connectionpool.py", line 1010, in _validate_conn
    conn.connect()
  File "/home/tars/Projects/fpl-oracle/venv311/lib/python3.11/site-packages/urllib3/connection.py", line 353, in connect
    conn = self._new_conn()
           ^^^^^^^^^^^^^^^^
  File "/home/tars/Projects/fpl-oracle/venv311/lib/python3.11/site-packages/urllib3/connection.py", line 181, in _new_conn
    raise NewConnectionError(
urllib3.exceptions.NewConnectionError: <urllib3.connection.HTTPSConnection object at 0x706926740c10>: Failed to establish a new connection: [Errno -2] Name or service not known

During handling of the above exception, another exception occurred:

Traceback (most recent call last):
  File "/home/tars/Projects/fpl-oracle/venv311/lib/python3.11/site-packages/requests/adapters.py", line 644, in send
    resp = conn.urlopen(
           ^^^^^^^^^^^^^
  File "/home/tars/Projects/fpl-oracle/venv311/lib/python3.11/site-packages/urllib3/connectionpool.py", line 755, in urlopen
    retries = retries.increment(
              ^^^^^^^^^^^^^^^^^^
  File "/home/tars/Projects/fpl-oracle/venv311/lib/python3.11/site-packages/urllib3/util/retry.py", line 574, in increment
    raise MaxRetryError(_pool, url, error or ResponseError(cause))
urllib3.exceptions.MaxRetryError: HTTPSConnectionPool(host='fantasy.premierleague.com', port=443): Max retries exceeded with url: /api/bootstrap-static/ (Caused by NewConnectionError('<urllib3.connection.HTTPSConnection object at 0x706926740c10>: Failed to establish a new connection: [Errno -2] Name or service not known'))

During handling of the above exception, another exception occurred:

Traceback (most recent call last):
  File "/home/tars/Projects/fpl-oracle/data_v3.py", line 42, in <module>
    curr_gameweek = get_next_gameweek()-1 # returns the actual current gameweek. If it is about to be 25, returns 25
                    ^^^^^^^^^^^^^^^^^^^
  File "/home/tars/Projects/fpl-oracle/data_v3.py", line 31, in get_next_gameweek
    data = requests.get(url).json()
           ^^^^^^^^^^^^^^^^^
  File "/home/tars/Projects/fpl-oracle/venv311/lib/python3.11/site-packages/requests/api.py", line 73, in get
    return request("get", url, params=params, **kwargs)
           ^^^^^^^^^^^^^^^^^^^^^^^^^^^^^^^^^^^^^^^^^^^^
  File "/home/tars/Projects/fpl-oracle/venv311/lib/python3.11/site-packages/requests/api.py", line 59, in request
    return session.request(method=method, url=url, **kwargs)
           ^^^^^^^^^^^^^^^^^^^^^^^^^^^^^^^^^^^^^^^^^^^^^^^^^
  File "/home/tars/Projects/fpl-oracle/venv311/lib/python3.11/site-packages/requests/sessions.py", line 589, in request
    resp = self.send(prep, **send_kwargs)
           ^^^^^^^^^^^^^^^^^^^^^^^^^^^^^^
  File "/home/tars/Projects/fpl-oracle/venv311/lib/python3.11/site-packages/requests/sessions.py", line 703, in send
    r = adapter.send(request, **kwargs)
        ^^^^^^^^^^^^^^^^^^^^^^^^^^^^^^^
  File "/home/tars/Projects/fpl-oracle/venv311/lib/python3.11/site-packages/requests/adapters.py", line 677, in send
    raise ConnectionError(e, request=request)
requests.exceptions.ConnectionError: HTTPSConnectionPool(host='fantasy.premierleague.com', port=443): Max retries exceeded with url: /api/bootstrap-static/ (Caused by NewConnectionError('<urllib3.connection.HTTPSConnection object at 0x706926740c10>: Failed to establish a new connection: [Errno -2] Name or service not known'))
Traceback (most recent call last):
  File "/home/tars/Projects/fpl-oracle/venv311/lib/python3.11/site-packages/urllib3/connection.py", line 169, in _new_conn
    conn = connection.create_connection(
           ^^^^^^^^^^^^^^^^^^^^^^^^^^^^^
  File "/home/tars/Projects/fpl-oracle/venv311/lib/python3.11/site-packages/urllib3/util/connection.py", line 73, in create_connection
    for res in socket.getaddrinfo(host, port, family, socket.SOCK_STREAM):
               ^^^^^^^^^^^^^^^^^^^^^^^^^^^^^^^^^^^^^^^^^^^^^^^^^^^^^^^^^^
  File "/usr/lib/python3.11/socket.py", line 974, in getaddrinfo
    for res in _socket.getaddrinfo(host, port, family, type, proto, flags):
               ^^^^^^^^^^^^^^^^^^^^^^^^^^^^^^^^^^^^^^^^^^^^^^^^^^^^^^^^^^^
socket.gaierror: [Errno -2] Name or service not known

During handling of the above exception, another exception occurred:

Traceback (most recent call last):
  File "/home/tars/Projects/fpl-oracle/venv311/lib/python3.11/site-packages/urllib3/connectionpool.py", line 699, in urlopen
    httplib_response = self._make_request(
                       ^^^^^^^^^^^^^^^^^^^
  File "/home/tars/Projects/fpl-oracle/venv311/lib/python3.11/site-packages/urllib3/connectionpool.py", line 382, in _make_request
    self._validate_conn(conn)
  File "/home/tars/Projects/fpl-oracle/venv311/lib/python3.11/site-packages/urllib3/connectionpool.py", line 1010, in _validate_conn
    conn.connect()
  File "/home/tars/Projects/fpl-oracle/venv311/lib/python3.11/site-packages/urllib3/connection.py", line 353, in connect
    conn = self._new_conn()
           ^^^^^^^^^^^^^^^^
  File "/home/tars/Projects/fpl-oracle/venv311/lib/python3.11/site-packages/urllib3/connection.py", line 181, in _new_conn
    raise NewConnectionError(
urllib3.exceptions.NewConnectionError: <urllib3.connection.HTTPSConnection object at 0x734e1b569c10>: Failed to establish a new connection: [Errno -2] Name or service not known

During handling of the above exception, another exception occurred:

Traceback (most recent call last):
  File "/home/tars/Projects/fpl-oracle/venv311/lib/python3.11/site-packages/requests/adapters.py", line 644, in send
    resp = conn.urlopen(
           ^^^^^^^^^^^^^
  File "/home/tars/Projects/fpl-oracle/venv311/lib/python3.11/site-packages/urllib3/connectionpool.py", line 755, in urlopen
    retries = retries.increment(
              ^^^^^^^^^^^^^^^^^^
  File "/home/tars/Projects/fpl-oracle/venv311/lib/python3.11/site-packages/urllib3/util/retry.py", line 574, in increment
    raise MaxRetryError(_pool, url, error or ResponseError(cause))
urllib3.exceptions.MaxRetryError: HTTPSConnectionPool(host='fantasy.premierleague.com', port=443): Max retries exceeded with url: /api/bootstrap-static/ (Caused by NewConnectionError('<urllib3.connection.HTTPSConnection object at 0x734e1b569c10>: Failed to establish a new connection: [Errno -2] Name or service not known'))

During handling of the above exception, another exception occurred:

Traceback (most recent call last):
  File "/home/tars/Projects/fpl-oracle/data_v3.py", line 42, in <module>
    curr_gameweek = get_next_gameweek()-1 # returns the actual current gameweek. If it is about to be 25, returns 25
                    ^^^^^^^^^^^^^^^^^^^
  File "/home/tars/Projects/fpl-oracle/data_v3.py", line 31, in get_next_gameweek
    data = requests.get(url).json()
           ^^^^^^^^^^^^^^^^^
  File "/home/tars/Projects/fpl-oracle/venv311/lib/python3.11/site-packages/requests/api.py", line 73, in get
    return request("get", url, params=params, **kwargs)
           ^^^^^^^^^^^^^^^^^^^^^^^^^^^^^^^^^^^^^^^^^^^^
  File "/home/tars/Projects/fpl-oracle/venv311/lib/python3.11/site-packages/requests/api.py", line 59, in request
    return session.request(method=method, url=url, **kwargs)
           ^^^^^^^^^^^^^^^^^^^^^^^^^^^^^^^^^^^^^^^^^^^^^^^^^
  File "/home/tars/Projects/fpl-oracle/venv311/lib/python3.11/site-packages/requests/sessions.py", line 589, in request
    resp = self.send(prep, **send_kwargs)
           ^^^^^^^^^^^^^^^^^^^^^^^^^^^^^^
  File "/home/tars/Projects/fpl-oracle/venv311/lib/python3.11/site-packages/requests/sessions.py", line 703, in send
    r = adapter.send(request, **kwargs)
        ^^^^^^^^^^^^^^^^^^^^^^^^^^^^^^^
  File "/home/tars/Projects/fpl-oracle/venv311/lib/python3.11/site-packages/requests/adapters.py", line 677, in send
    raise ConnectionError(e, request=request)
requests.exceptions.ConnectionError: HTTPSConnectionPool(host='fantasy.premierleague.com', port=443): Max retries exceeded with url: /api/bootstrap-static/ (Caused by NewConnectionError('<urllib3.connection.HTTPSConnection object at 0x734e1b569c10>: Failed to establish a new connection: [Errno -2] Name or service not known'))
Traceback (most recent call last):
  File "/home/tars/Projects/fpl-oracle/venv311/lib/python3.11/site-packages/urllib3/connection.py", line 169, in _new_conn
    conn = connection.create_connection(
           ^^^^^^^^^^^^^^^^^^^^^^^^^^^^^
  File "/home/tars/Projects/fpl-oracle/venv311/lib/python3.11/site-packages/urllib3/util/connection.py", line 73, in create_connection
    for res in socket.getaddrinfo(host, port, family, socket.SOCK_STREAM):
               ^^^^^^^^^^^^^^^^^^^^^^^^^^^^^^^^^^^^^^^^^^^^^^^^^^^^^^^^^^
  File "/usr/lib/python3.11/socket.py", line 974, in getaddrinfo
    for res in _socket.getaddrinfo(host, port, family, type, proto, flags):
               ^^^^^^^^^^^^^^^^^^^^^^^^^^^^^^^^^^^^^^^^^^^^^^^^^^^^^^^^^^^
socket.gaierror: [Errno -2] Name or service not known

During handling of the above exception, another exception occurred:

Traceback (most recent call last):
  File "/home/tars/Projects/fpl-oracle/venv311/lib/python3.11/site-packages/urllib3/connectionpool.py", line 699, in urlopen
    httplib_response = self._make_request(
                       ^^^^^^^^^^^^^^^^^^^
  File "/home/tars/Projects/fpl-oracle/venv311/lib/python3.11/site-packages/urllib3/connectionpool.py", line 382, in _make_request
    self._validate_conn(conn)
  File "/home/tars/Projects/fpl-oracle/venv311/lib/python3.11/site-packages/urllib3/connectionpool.py", line 1010, in _validate_conn
    conn.connect()
  File "/home/tars/Projects/fpl-oracle/venv311/lib/python3.11/site-packages/urllib3/connection.py", line 353, in connect
    conn = self._new_conn()
           ^^^^^^^^^^^^^^^^
  File "/home/tars/Projects/fpl-oracle/venv311/lib/python3.11/site-packages/urllib3/connection.py", line 181, in _new_conn
    raise NewConnectionError(
urllib3.exceptions.NewConnectionError: <urllib3.connection.HTTPSConnection object at 0x7d0c13f40c10>: Failed to establish a new connection: [Errno -2] Name or service not known

During handling of the above exception, another exception occurred:

Traceback (most recent call last):
  File "/home/tars/Projects/fpl-oracle/venv311/lib/python3.11/site-packages/requests/adapters.py", line 644, in send
    resp = conn.urlopen(
           ^^^^^^^^^^^^^
  File "/home/tars/Projects/fpl-oracle/venv311/lib/python3.11/site-packages/urllib3/connectionpool.py", line 755, in urlopen
    retries = retries.increment(
              ^^^^^^^^^^^^^^^^^^
  File "/home/tars/Projects/fpl-oracle/venv311/lib/python3.11/site-packages/urllib3/util/retry.py", line 574, in increment
    raise MaxRetryError(_pool, url, error or ResponseError(cause))
urllib3.exceptions.MaxRetryError: HTTPSConnectionPool(host='fantasy.premierleague.com', port=443): Max retries exceeded with url: /api/bootstrap-static/ (Caused by NewConnectionError('<urllib3.connection.HTTPSConnection object at 0x7d0c13f40c10>: Failed to establish a new connection: [Errno -2] Name or service not known'))

During handling of the above exception, another exception occurred:

Traceback (most recent call last):
  File "/home/tars/Projects/fpl-oracle/data_v3.py", line 42, in <module>
    curr_gameweek = get_next_gameweek()-1 # returns the actual current gameweek. If it is about to be 25, returns 25
                    ^^^^^^^^^^^^^^^^^^^
  File "/home/tars/Projects/fpl-oracle/data_v3.py", line 31, in get_next_gameweek
    data = requests.get(url).json()
           ^^^^^^^^^^^^^^^^^
  File "/home/tars/Projects/fpl-oracle/venv311/lib/python3.11/site-packages/requests/api.py", line 73, in get
    return request("get", url, params=params, **kwargs)
           ^^^^^^^^^^^^^^^^^^^^^^^^^^^^^^^^^^^^^^^^^^^^
  File "/home/tars/Projects/fpl-oracle/venv311/lib/python3.11/site-packages/requests/api.py", line 59, in request
    return session.request(method=method, url=url, **kwargs)
           ^^^^^^^^^^^^^^^^^^^^^^^^^^^^^^^^^^^^^^^^^^^^^^^^^
  File "/home/tars/Projects/fpl-oracle/venv311/lib/python3.11/site-packages/requests/sessions.py", line 589, in request
    resp = self.send(prep, **send_kwargs)
           ^^^^^^^^^^^^^^^^^^^^^^^^^^^^^^
  File "/home/tars/Projects/fpl-oracle/venv311/lib/python3.11/site-packages/requests/sessions.py", line 703, in send
    r = adapter.send(request, **kwargs)
        ^^^^^^^^^^^^^^^^^^^^^^^^^^^^^^^
  File "/home/tars/Projects/fpl-oracle/venv311/lib/python3.11/site-packages/requests/adapters.py", line 677, in send
    raise ConnectionError(e, request=request)
requests.exceptions.ConnectionError: HTTPSConnectionPool(host='fantasy.premierleague.com', port=443): Max retries exceeded with url: /api/bootstrap-static/ (Caused by NewConnectionError('<urllib3.connection.HTTPSConnection object at 0x7d0c13f40c10>: Failed to establish a new connection: [Errno -2] Name or service not known'))
Traceback (most recent call last):
  File "/home/tars/Projects/fpl-oracle/data_v3.py", line 42, in <module>
    curr_gameweek = get_next_gameweek()-1 # returns the actual current gameweek. If it is about to be 25, returns 25
                    ^^^^^^^^^^^^^^^^^^^
  File "/home/tars/Projects/fpl-oracle/data_v3.py", line 38, in get_next_gameweek
    raise ValueError("No upcoming gameweek found")
ValueError: No upcoming gameweek found
Traceback (most recent call last):
  File "/home/tars/Projects/fpl-oracle/data_v3.py", line 42, in <module>
    curr_gameweek = get_next_gameweek()-1 # returns the actual current gameweek. If it is about to be 25, returns 25
                    ^^^^^^^^^^^^^^^^^^^
  File "/home/tars/Projects/fpl-oracle/data_v3.py", line 38, in get_next_gameweek
    raise ValueError("No upcoming gameweek found")
ValueError: No upcoming gameweek found
Traceback (most recent call last):
  File "/home/tars/Projects/fpl-oracle/data_v3.py", line 42, in <module>
    curr_gameweek = get_next_gameweek()-1 # returns the actual current gameweek. If it is about to be 25, returns 25
                    ^^^^^^^^^^^^^^^^^^^
  File "/home/tars/Projects/fpl-oracle/data_v3.py", line 38, in get_next_gameweek
    raise ValueError("No upcoming gameweek found")
ValueError: No upcoming gameweek found
Traceback (most recent call last):
  File "/home/tars/Projects/fpl-oracle/data_v3.py", line 42, in <module>
    curr_gameweek = get_next_gameweek()-1 # returns the actual current gameweek. If it is about to be 25, returns 25
                    ^^^^^^^^^^^^^^^^^^^
  File "/home/tars/Projects/fpl-oracle/data_v3.py", line 38, in get_next_gameweek
    raise ValueError("No upcoming gameweek found")
ValueError: No upcoming gameweek found
Traceback (most recent call last):
  File "/home/tars/Projects/fpl-oracle/data_v3.py", line 42, in <module>
    curr_gameweek = get_next_gameweek()-1 # returns the actual current gameweek. If it is about to be 25, returns 25
                    ^^^^^^^^^^^^^^^^^^^
  File "/home/tars/Projects/fpl-oracle/data_v3.py", line 38, in get_next_gameweek
    raise ValueError("No upcoming gameweek found")
ValueError: No upcoming gameweek found
Traceback (most recent call last):
  File "/home/tars/Projects/fpl-oracle/data_v3.py", line 42, in <module>
    curr_gameweek = get_next_gameweek()-1 # returns the actual current gameweek. If it is about to be 25, returns 25
                    ^^^^^^^^^^^^^^^^^^^
  File "/home/tars/Projects/fpl-oracle/data_v3.py", line 38, in get_next_gameweek
    raise ValueError("No upcoming gameweek found")
ValueError: No upcoming gameweek found
Traceback (most recent call last):
  File "/home/tars/Projects/fpl-oracle/data_v3.py", line 42, in <module>
    curr_gameweek = get_next_gameweek()-1 # returns the actual current gameweek. If it is about to be 25, returns 25
                    ^^^^^^^^^^^^^^^^^^^
  File "/home/tars/Projects/fpl-oracle/data_v3.py", line 38, in get_next_gameweek
    raise ValueError("No upcoming gameweek found")
ValueError: No upcoming gameweek found
Traceback (most recent call last):
  File "/home/tars/Projects/fpl-oracle/data_v3.py", line 42, in <module>
    curr_gameweek = get_next_gameweek()-1 # returns the actual current gameweek. If it is about to be 25, returns 25
                    ^^^^^^^^^^^^^^^^^^^
  File "/home/tars/Projects/fpl-oracle/data_v3.py", line 38, in get_next_gameweek
    raise ValueError("No upcoming gameweek found")
ValueError: No upcoming gameweek found
Traceback (most recent call last):
  File "/home/tars/Projects/fpl-oracle/data_v3.py", line 42, in <module>
    curr_gameweek = get_next_gameweek()-1 # returns the actual current gameweek. If it is about to be 25, returns 25
                    ^^^^^^^^^^^^^^^^^^^
  File "/home/tars/Projects/fpl-oracle/data_v3.py", line 38, in get_next_gameweek
    raise ValueError("No upcoming gameweek found")
ValueError: No upcoming gameweek found
Traceback (most recent call last):
  File "/home/tars/Projects/fpl-oracle/data_v3.py", line 42, in <module>
    curr_gameweek = get_next_gameweek()-1 # returns the actual current gameweek. If it is about to be 25, returns 25
                    ^^^^^^^^^^^^^^^^^^^
  File "/home/tars/Projects/fpl-oracle/data_v3.py", line 38, in get_next_gameweek
    raise ValueError("No upcoming gameweek found")
ValueError: No upcoming gameweek found
Traceback (most recent call last):
  File "/home/tars/Projects/fpl-oracle/data_v3.py", line 42, in <module>
    curr_gameweek = get_next_gameweek()-1 # returns the actual current gameweek. If it is about to be 25, returns 25
                    ^^^^^^^^^^^^^^^^^^^
  File "/home/tars/Projects/fpl-oracle/data_v3.py", line 38, in get_next_gameweek
    raise ValueError("No upcoming gameweek found")
ValueError: No upcoming gameweek found
Traceback (most recent call last):
  File "/home/tars/Projects/fpl-oracle/data_v3.py", line 42, in <module>
    curr_gameweek = get_next_gameweek()-1 # returns the actual current gameweek. If it is about to be 25, returns 25
                    ^^^^^^^^^^^^^^^^^^^
  File "/home/tars/Projects/fpl-oracle/data_v3.py", line 38, in get_next_gameweek
    raise ValueError("No upcoming gameweek found")
ValueError: No upcoming gameweek found
Traceback (most recent call last):
  File "/home/tars/Projects/fpl-oracle/data_v3.py", line 42, in <module>
    curr_gameweek = get_next_gameweek()-1 # returns the actual current gameweek. If it is about to be 25, returns 25
                    ^^^^^^^^^^^^^^^^^^^
  File "/home/tars/Projects/fpl-oracle/data_v3.py", line 38, in get_next_gameweek
    raise ValueError("No upcoming gameweek found")
ValueError: No upcoming gameweek found
Traceback (most recent call last):
  File "/home/tars/Projects/fpl-oracle/data_v3.py", line 42, in <module>
    curr_gameweek = get_next_gameweek()-1 # returns the actual current gameweek. If it is about to be 25, returns 25
                    ^^^^^^^^^^^^^^^^^^^
  File "/home/tars/Projects/fpl-oracle/data_v3.py", line 38, in get_next_gameweek
    raise ValueError("No upcoming gameweek found")
ValueError: No upcoming gameweek found
Traceback (most recent call last):
  File "/home/tars/Projects/fpl-oracle/data_v3.py", line 42, in <module>
    curr_gameweek = get_next_gameweek()-1 # returns the actual current gameweek. If it is about to be 25, returns 25
                    ^^^^^^^^^^^^^^^^^^^
  File "/home/tars/Projects/fpl-oracle/data_v3.py", line 38, in get_next_gameweek
    raise ValueError("No upcoming gameweek found")
ValueError: No upcoming gameweek found
Traceback (most recent call last):
  File "/home/tars/Projects/fpl-oracle/data_v3.py", line 42, in <module>
    curr_gameweek = get_next_gameweek()-1 # returns the actual current gameweek. If it is about to be 25, returns 25
                    ^^^^^^^^^^^^^^^^^^^
  File "/home/tars/Projects/fpl-oracle/data_v3.py", line 38, in get_next_gameweek
    raise ValueError("No upcoming gameweek found")
ValueError: No upcoming gameweek found
Traceback (most recent call last):
  File "/home/tars/Projects/fpl-oracle/data_v3.py", line 42, in <module>
    curr_gameweek = get_next_gameweek()-1 # returns the actual current gameweek. If it is about to be 25, returns 25
                    ^^^^^^^^^^^^^^^^^^^
  File "/home/tars/Projects/fpl-oracle/data_v3.py", line 38, in get_next_gameweek
    raise ValueError("No upcoming gameweek found")
ValueError: No upcoming gameweek found
Traceback (most recent call last):
  File "/home/tars/Projects/fpl-oracle/data_v3.py", line 42, in <module>
    curr_gameweek = get_next_gameweek()-1 # returns the actual current gameweek. If it is about to be 25, returns 25
                    ^^^^^^^^^^^^^^^^^^^
  File "/home/tars/Projects/fpl-oracle/data_v3.py", line 38, in get_next_gameweek
    raise ValueError("No upcoming gameweek found")
ValueError: No upcoming gameweek found
Traceback (most recent call last):
  File "/home/tars/Projects/fpl-oracle/data_v3.py", line 42, in <module>
    curr_gameweek = get_next_gameweek()-1 # returns the actual current gameweek. If it is about to be 25, returns 25
                    ^^^^^^^^^^^^^^^^^^^
  File "/home/tars/Projects/fpl-oracle/data_v3.py", line 38, in get_next_gameweek
    raise ValueError("No upcoming gameweek found")
ValueError: No upcoming gameweek found
Traceback (most recent call last):
  File "/home/tars/Projects/fpl-oracle/data_v3.py", line 42, in <module>
    curr_gameweek = get_next_gameweek()-1 # returns the actual current gameweek. If it is about to be 25, returns 25
                    ^^^^^^^^^^^^^^^^^^^
  File "/home/tars/Projects/fpl-oracle/data_v3.py", line 38, in get_next_gameweek
    raise ValueError("No upcoming gameweek found")
ValueError: No upcoming gameweek found
Traceback (most recent call last):
  File "/home/tars/Projects/fpl-oracle/data_v3.py", line 42, in <module>
    curr_gameweek = get_next_gameweek()-1 # returns the actual current gameweek. If it is about to be 25, returns 25
                    ^^^^^^^^^^^^^^^^^^^
  File "/home/tars/Projects/fpl-oracle/data_v3.py", line 38, in get_next_gameweek
    raise ValueError("No upcoming gameweek found")
ValueError: No upcoming gameweek found
Traceback (most recent call last):
  File "/home/tars/Projects/fpl-oracle/data_v3.py", line 42, in <module>
    curr_gameweek = get_next_gameweek()-1 # returns the actual current gameweek. If it is about to be 25, returns 25
                    ^^^^^^^^^^^^^^^^^^^
  File "/home/tars/Projects/fpl-oracle/data_v3.py", line 38, in get_next_gameweek
    raise ValueError("No upcoming gameweek found")
ValueError: No upcoming gameweek found
Traceback (most recent call last):
  File "/home/tars/Projects/fpl-oracle/data_v3.py", line 42, in <module>
    curr_gameweek = get_next_gameweek()-1 # returns the actual current gameweek. If it is about to be 25, returns 25
                    ^^^^^^^^^^^^^^^^^^^
  File "/home/tars/Projects/fpl-oracle/data_v3.py", line 38, in get_next_gameweek
    raise ValueError("No upcoming gameweek found")
ValueError: No upcoming gameweek found
Traceback (most recent call last):
  File "/home/tars/Projects/fpl-oracle/data_v3.py", line 42, in <module>
    curr_gameweek = get_next_gameweek()-1 # returns the actual current gameweek. If it is about to be 25, returns 25
                    ^^^^^^^^^^^^^^^^^^^
  File "/home/tars/Projects/fpl-oracle/data_v3.py", line 38, in get_next_gameweek
    raise ValueError("No upcoming gameweek found")
ValueError: No upcoming gameweek found
Traceback (most recent call last):
  File "/home/tars/Projects/fpl-oracle/data_v3.py", line 42, in <module>
    curr_gameweek = get_next_gameweek()-1 # returns the actual current gameweek. If it is about to be 25, returns 25
                    ^^^^^^^^^^^^^^^^^^^
  File "/home/tars/Projects/fpl-oracle/data_v3.py", line 38, in get_next_gameweek
    raise ValueError("No upcoming gameweek found")
ValueError: No upcoming gameweek found
Traceback (most recent call last):
  File "/home/tars/Projects/fpl-oracle/data_v3.py", line 42, in <module>
    curr_gameweek = get_next_gameweek()-1 # returns the actual current gameweek. If it is about to be 25, returns 25
                    ^^^^^^^^^^^^^^^^^^^
  File "/home/tars/Projects/fpl-oracle/data_v3.py", line 38, in get_next_gameweek
    raise ValueError("No upcoming gameweek found")
ValueError: No upcoming gameweek found
Traceback (most recent call last):
  File "/home/tars/Projects/fpl-oracle/data_v3.py", line 42, in <module>
    curr_gameweek = get_next_gameweek()-1 # returns the actual current gameweek. If it is about to be 25, returns 25
                    ^^^^^^^^^^^^^^^^^^^
  File "/home/tars/Projects/fpl-oracle/data_v3.py", line 38, in get_next_gameweek
    raise ValueError("No upcoming gameweek found")
ValueError: No upcoming gameweek found
Traceback (most recent call last):
  File "/home/tars/Projects/fpl-oracle/data_v3.py", line 42, in <module>
    curr_gameweek = get_next_gameweek()-1 # returns the actual current gameweek. If it is about to be 25, returns 25
                    ^^^^^^^^^^^^^^^^^^^
  File "/home/tars/Projects/fpl-oracle/data_v3.py", line 38, in get_next_gameweek
    raise ValueError("No upcoming gameweek found")
ValueError: No upcoming gameweek found
Traceback (most recent call last):
  File "/home/tars/Projects/fpl-oracle/data_v3.py", line 42, in <module>
    curr_gameweek = get_next_gameweek()-1 # returns the actual current gameweek. If it is about to be 25, returns 25
                    ^^^^^^^^^^^^^^^^^^^
  File "/home/tars/Projects/fpl-oracle/data_v3.py", line 38, in get_next_gameweek
    raise ValueError("No upcoming gameweek found")
ValueError: No upcoming gameweek found
Traceback (most recent call last):
  File "/home/tars/Projects/fpl-oracle/data_v3.py", line 42, in <module>
    curr_gameweek = get_next_gameweek()-1 # returns the actual current gameweek. If it is about to be 25, returns 25
                    ^^^^^^^^^^^^^^^^^^^
  File "/home/tars/Projects/fpl-oracle/data_v3.py", line 38, in get_next_gameweek
    raise ValueError("No upcoming gameweek found")
ValueError: No upcoming gameweek found
Traceback (most recent call last):
  File "/home/tars/Projects/fpl-oracle/data_v3.py", line 42, in <module>
    curr_gameweek = get_next_gameweek()-1 # returns the actual current gameweek. If it is about to be 25, returns 25
                    ^^^^^^^^^^^^^^^^^^^
  File "/home/tars/Projects/fpl-oracle/data_v3.py", line 38, in get_next_gameweek
    raise ValueError("No upcoming gameweek found")
ValueError: No upcoming gameweek found
Traceback (most recent call last):
  File "/home/tars/Projects/fpl-oracle/data_v3.py", line 42, in <module>
    curr_gameweek = get_next_gameweek()-1 # returns the actual current gameweek. If it is about to be 25, returns 25
                    ^^^^^^^^^^^^^^^^^^^
  File "/home/tars/Projects/fpl-oracle/data_v3.py", line 38, in get_next_gameweek
    raise ValueError("No upcoming gameweek found")
ValueError: No upcoming gameweek found
Traceback (most recent call last):
  File "/home/tars/Projects/fpl-oracle/data_v3.py", line 42, in <module>
    curr_gameweek = get_next_gameweek()-1 # returns the actual current gameweek. If it is about to be 25, returns 25
                    ^^^^^^^^^^^^^^^^^^^
  File "/home/tars/Projects/fpl-oracle/data_v3.py", line 38, in get_next_gameweek
    raise ValueError("No upcoming gameweek found")
ValueError: No upcoming gameweek found
Traceback (most recent call last):
  File "/home/tars/Projects/fpl-oracle/data_v3.py", line 42, in <module>
    curr_gameweek = get_next_gameweek()-1 # returns the actual current gameweek. If it is about to be 25, returns 25
                    ^^^^^^^^^^^^^^^^^^^
  File "/home/tars/Projects/fpl-oracle/data_v3.py", line 38, in get_next_gameweek
    raise ValueError("No upcoming gameweek found")
ValueError: No upcoming gameweek found
Traceback (most recent call last):
  File "/home/tars/Projects/fpl-oracle/data_v3.py", line 42, in <module>
    curr_gameweek = get_next_gameweek()-1 # returns the actual current gameweek. If it is about to be 25, returns 25
                    ^^^^^^^^^^^^^^^^^^^
  File "/home/tars/Projects/fpl-oracle/data_v3.py", line 38, in get_next_gameweek
    raise ValueError("No upcoming gameweek found")
ValueError: No upcoming gameweek found
Traceback (most recent call last):
  File "/home/tars/Projects/fpl-oracle/data_v3.py", line 42, in <module>
    curr_gameweek = get_next_gameweek()-1 # returns the actual current gameweek. If it is about to be 25, returns 25
                    ^^^^^^^^^^^^^^^^^^^
  File "/home/tars/Projects/fpl-oracle/data_v3.py", line 38, in get_next_gameweek
    raise ValueError("No upcoming gameweek found")
ValueError: No upcoming gameweek found
Traceback (most recent call last):
  File "/home/tars/Projects/fpl-oracle/data_v3.py", line 42, in <module>
    curr_gameweek = get_next_gameweek()-1 # returns the actual current gameweek. If it is about to be 25, returns 25
                    ^^^^^^^^^^^^^^^^^^^
  File "/home/tars/Projects/fpl-oracle/data_v3.py", line 38, in get_next_gameweek
    raise ValueError("No upcoming gameweek found")
ValueError: No upcoming gameweek found
Traceback (most recent call last):
  File "/home/tars/Projects/fpl-oracle/data_v3.py", line 42, in <module>
    curr_gameweek = get_next_gameweek()-1 # returns the actual current gameweek. If it is about to be 25, returns 25
                    ^^^^^^^^^^^^^^^^^^^
  File "/home/tars/Projects/fpl-oracle/data_v3.py", line 38, in get_next_gameweek
    raise ValueError("No upcoming gameweek found")
ValueError: No upcoming gameweek found
Traceback (most recent call last):
  File "/home/tars/Projects/fpl-oracle/data_v3.py", line 42, in <module>
    curr_gameweek = get_next_gameweek()-1 # returns the actual current gameweek. If it is about to be 25, returns 25
                    ^^^^^^^^^^^^^^^^^^^
  File "/home/tars/Projects/fpl-oracle/data_v3.py", line 38, in get_next_gameweek
    raise ValueError("No upcoming gameweek found")
ValueError: No upcoming gameweek found
Traceback (most recent call last):
  File "/home/tars/Projects/fpl-oracle/data_v3.py", line 42, in <module>
    curr_gameweek = get_next_gameweek()-1 # returns the actual current gameweek. If it is about to be 25, returns 25
                    ^^^^^^^^^^^^^^^^^^^
  File "/home/tars/Projects/fpl-oracle/data_v3.py", line 38, in get_next_gameweek
    raise ValueError("No upcoming gameweek found")
ValueError: No upcoming gameweek found
Traceback (most recent call last):
  File "/home/tars/Projects/fpl-oracle/data_v3.py", line 42, in <module>
    curr_gameweek = get_next_gameweek()-1 # returns the actual current gameweek. If it is about to be 25, returns 25
                    ^^^^^^^^^^^^^^^^^^^
  File "/home/tars/Projects/fpl-oracle/data_v3.py", line 38, in get_next_gameweek
    raise ValueError("No upcoming gameweek found")
ValueError: No upcoming gameweek found
Traceback (most recent call last):
  File "/home/tars/Projects/fpl-oracle/data_v3.py", line 42, in <module>
    curr_gameweek = get_next_gameweek()-1 # returns the actual current gameweek. If it is about to be 25, returns 25
                    ^^^^^^^^^^^^^^^^^^^
  File "/home/tars/Projects/fpl-oracle/data_v3.py", line 38, in get_next_gameweek
    raise ValueError("No upcoming gameweek found")
ValueError: No upcoming gameweek found
Traceback (most recent call last):
  File "/home/tars/Projects/fpl-oracle/data_v3.py", line 42, in <module>
    curr_gameweek = get_next_gameweek()-1 # returns the actual current gameweek. If it is about to be 25, returns 25
                    ^^^^^^^^^^^^^^^^^^^
  File "/home/tars/Projects/fpl-oracle/data_v3.py", line 38, in get_next_gameweek
    raise ValueError("No upcoming gameweek found")
ValueError: No upcoming gameweek found
Traceback (most recent call last):
  File "/home/tars/Projects/fpl-oracle/data_v3.py", line 42, in <module>
    curr_gameweek = get_next_gameweek()-1 # returns the actual current gameweek. If it is about to be 25, returns 25
                    ^^^^^^^^^^^^^^^^^^^
  File "/home/tars/Projects/fpl-oracle/data_v3.py", line 38, in get_next_gameweek
    raise ValueError("No upcoming gameweek found")
ValueError: No upcoming gameweek found
Traceback (most recent call last):
  File "/home/tars/Projects/fpl-oracle/data_v3.py", line 42, in <module>
    curr_gameweek = get_next_gameweek()-1 # returns the actual current gameweek. If it is about to be 25, returns 25
                    ^^^^^^^^^^^^^^^^^^^
  File "/home/tars/Projects/fpl-oracle/data_v3.py", line 38, in get_next_gameweek
    raise ValueError("No upcoming gameweek found")
ValueError: No upcoming gameweek found
Traceback (most recent call last):
  File "/home/tars/Projects/fpl-oracle/data_v3.py", line 42, in <module>
    curr_gameweek = get_next_gameweek()-1 # returns the actual current gameweek. If it is about to be 25, returns 25
                    ^^^^^^^^^^^^^^^^^^^
  File "/home/tars/Projects/fpl-oracle/data_v3.py", line 38, in get_next_gameweek
    raise ValueError("No upcoming gameweek found")
ValueError: No upcoming gameweek found
Traceback (most recent call last):
  File "/home/tars/Projects/fpl-oracle/data_v3.py", line 42, in <module>
    curr_gameweek = get_next_gameweek()-1 # returns the actual current gameweek. If it is about to be 25, returns 25
                    ^^^^^^^^^^^^^^^^^^^
  File "/home/tars/Projects/fpl-oracle/data_v3.py", line 38, in get_next_gameweek
    raise ValueError("No upcoming gameweek found")
ValueError: No upcoming gameweek found
Traceback (most recent call last):
  File "/home/tars/Projects/fpl-oracle/data_v3.py", line 42, in <module>
    curr_gameweek = get_next_gameweek()-1 # returns the actual current gameweek. If it is about to be 25, returns 25
                    ^^^^^^^^^^^^^^^^^^^
  File "/home/tars/Projects/fpl-oracle/data_v3.py", line 38, in get_next_gameweek
    raise ValueError("No upcoming gameweek found")
ValueError: No upcoming gameweek found
Traceback (most recent call last):
  File "/home/tars/Projects/fpl-oracle/data_v3.py", line 42, in <module>
    curr_gameweek = get_next_gameweek()-1 # returns the actual current gameweek. If it is about to be 25, returns 25
                    ^^^^^^^^^^^^^^^^^^^
  File "/home/tars/Projects/fpl-oracle/data_v3.py", line 38, in get_next_gameweek
    raise ValueError("No upcoming gameweek found")
ValueError: No upcoming gameweek found
Traceback (most recent call last):
  File "/home/tars/Projects/fpl-oracle/data_v3.py", line 42, in <module>
    curr_gameweek = get_next_gameweek()-1 # returns the actual current gameweek. If it is about to be 25, returns 25
                    ^^^^^^^^^^^^^^^^^^^
  File "/home/tars/Projects/fpl-oracle/data_v3.py", line 38, in get_next_gameweek
    raise ValueError("No upcoming gameweek found")
ValueError: No upcoming gameweek found
Traceback (most recent call last):
  File "/home/tars/Projects/fpl-oracle/data_v3.py", line 42, in <module>
    curr_gameweek = get_next_gameweek()-1 # returns the actual current gameweek. If it is about to be 25, returns 25
                    ^^^^^^^^^^^^^^^^^^^
  File "/home/tars/Projects/fpl-oracle/data_v3.py", line 38, in get_next_gameweek
    raise ValueError("No upcoming gameweek found")
ValueError: No upcoming gameweek found
Traceback (most recent call last):
  File "/home/tars/Projects/fpl-oracle/data_v3.py", line 42, in <module>
    curr_gameweek = get_next_gameweek()-1 # returns the actual current gameweek. If it is about to be 25, returns 25
                    ^^^^^^^^^^^^^^^^^^^
  File "/home/tars/Projects/fpl-oracle/data_v3.py", line 38, in get_next_gameweek
    raise ValueError("No upcoming gameweek found")
ValueError: No upcoming gameweek found
Traceback (most recent call last):
  File "/home/tars/Projects/fpl-oracle/data_v3.py", line 42, in <module>
    curr_gameweek = get_next_gameweek()-1 # returns the actual current gameweek. If it is about to be 25, returns 25
                    ^^^^^^^^^^^^^^^^^^^
  File "/home/tars/Projects/fpl-oracle/data_v3.py", line 38, in get_next_gameweek
    raise ValueError("No upcoming gameweek found")
ValueError: No upcoming gameweek found
Traceback (most recent call last):
  File "/home/tars/Projects/fpl-oracle/data_v3.py", line 42, in <module>
    curr_gameweek = get_next_gameweek()-1 # returns the actual current gameweek. If it is about to be 25, returns 25
                    ^^^^^^^^^^^^^^^^^^^
  File "/home/tars/Projects/fpl-oracle/data_v3.py", line 38, in get_next_gameweek
    raise ValueError("No upcoming gameweek found")
ValueError: No upcoming gameweek found
Traceback (most recent call last):
  File "/home/tars/Projects/fpl-oracle/data_v3.py", line 42, in <module>
    curr_gameweek = get_next_gameweek()-1 # returns the actual current gameweek. If it is about to be 25, returns 25
                    ^^^^^^^^^^^^^^^^^^^
  File "/home/tars/Projects/fpl-oracle/data_v3.py", line 38, in get_next_gameweek
    raise ValueError("No upcoming gameweek found")
ValueError: No upcoming gameweek found
Traceback (most recent call last):
  File "/home/tars/Projects/fpl-oracle/data_v3.py", line 42, in <module>
    curr_gameweek = get_next_gameweek()-1 # returns the actual current gameweek. If it is about to be 25, returns 25
                    ^^^^^^^^^^^^^^^^^^^
  File "/home/tars/Projects/fpl-oracle/data_v3.py", line 38, in get_next_gameweek
    raise ValueError("No upcoming gameweek found")
ValueError: No upcoming gameweek found
Traceback (most recent call last):
  File "/home/tars/Projects/fpl-oracle/data_v3.py", line 42, in <module>
    curr_gameweek = get_next_gameweek()-1 # returns the actual current gameweek. If it is about to be 25, returns 25
                    ^^^^^^^^^^^^^^^^^^^
  File "/home/tars/Projects/fpl-oracle/data_v3.py", line 38, in get_next_gameweek
    raise ValueError("No upcoming gameweek found")
ValueError: No upcoming gameweek found
Traceback (most recent call last):
  File "/home/tars/Projects/fpl-oracle/data_v3.py", line 42, in <module>
    curr_gameweek = get_next_gameweek()-1 # returns the actual current gameweek. If it is about to be 25, returns 25
                    ^^^^^^^^^^^^^^^^^^^
  File "/home/tars/Projects/fpl-oracle/data_v3.py", line 38, in get_next_gameweek
    raise ValueError("No upcoming gameweek found")
ValueError: No upcoming gameweek found
Traceback (most recent call last):
  File "/home/tars/Projects/fpl-oracle/data_v3.py", line 42, in <module>
    curr_gameweek = get_next_gameweek()-1 # returns the actual current gameweek. If it is about to be 25, returns 25
                    ^^^^^^^^^^^^^^^^^^^
  File "/home/tars/Projects/fpl-oracle/data_v3.py", line 38, in get_next_gameweek
    raise ValueError("No upcoming gameweek found")
ValueError: No upcoming gameweek found
Traceback (most recent call last):
  File "/home/tars/Projects/fpl-oracle/data_v3.py", line 42, in <module>
    curr_gameweek = get_next_gameweek()-1 # returns the actual current gameweek. If it is about to be 25, returns 25
                    ^^^^^^^^^^^^^^^^^^^
  File "/home/tars/Projects/fpl-oracle/data_v3.py", line 38, in get_next_gameweek
    raise ValueError("No upcoming gameweek found")
ValueError: No upcoming gameweek found
Traceback (most recent call last):
  File "/home/tars/Projects/fpl-oracle/data_v3.py", line 42, in <module>
    curr_gameweek = get_next_gameweek()-1 # returns the actual current gameweek. If it is about to be 25, returns 25
                    ^^^^^^^^^^^^^^^^^^^
  File "/home/tars/Projects/fpl-oracle/data_v3.py", line 38, in get_next_gameweek
    raise ValueError("No upcoming gameweek found")
ValueError: No upcoming gameweek found
Traceback (most recent call last):
  File "/home/tars/Projects/fpl-oracle/data_v3.py", line 42, in <module>
    curr_gameweek = get_next_gameweek()-1 # returns the actual current gameweek. If it is about to be 25, returns 25
                    ^^^^^^^^^^^^^^^^^^^
  File "/home/tars/Projects/fpl-oracle/data_v3.py", line 38, in get_next_gameweek
    raise ValueError("No upcoming gameweek found")
ValueError: No upcoming gameweek found
Traceback (most recent call last):
  File "/home/tars/Projects/fpl-oracle/data_v3.py", line 42, in <module>
    curr_gameweek = get_next_gameweek()-1 # returns the actual current gameweek. If it is about to be 25, returns 25
                    ^^^^^^^^^^^^^^^^^^^
  File "/home/tars/Projects/fpl-oracle/data_v3.py", line 38, in get_next_gameweek
    raise ValueError("No upcoming gameweek found")
ValueError: No upcoming gameweek found
Traceback (most recent call last):
  File "/home/tars/Projects/fpl-oracle/data_v3.py", line 42, in <module>
    curr_gameweek = get_next_gameweek()-1 # returns the actual current gameweek. If it is about to be 25, returns 25
                    ^^^^^^^^^^^^^^^^^^^
  File "/home/tars/Projects/fpl-oracle/data_v3.py", line 38, in get_next_gameweek
    raise ValueError("No upcoming gameweek found")
ValueError: No upcoming gameweek found
Traceback (most recent call last):
  File "/home/tars/Projects/fpl-oracle/data_v3.py", line 42, in <module>
    curr_gameweek = get_next_gameweek()-1 # returns the actual current gameweek. If it is about to be 25, returns 25
                    ^^^^^^^^^^^^^^^^^^^
  File "/home/tars/Projects/fpl-oracle/data_v3.py", line 38, in get_next_gameweek
    raise ValueError("No upcoming gameweek found")
ValueError: No upcoming gameweek found
Traceback (most recent call last):
  File "/home/tars/Projects/fpl-oracle/data_v3.py", line 42, in <module>
    curr_gameweek = get_next_gameweek()-1 # returns the actual current gameweek. If it is about to be 25, returns 25
                    ^^^^^^^^^^^^^^^^^^^
  File "/home/tars/Projects/fpl-oracle/data_v3.py", line 38, in get_next_gameweek
    raise ValueError("No upcoming gameweek found")
ValueError: No upcoming gameweek found
Traceback (most recent call last):
  File "/home/tars/Projects/fpl-oracle/data_v3.py", line 42, in <module>
    curr_gameweek = get_next_gameweek()-1 # returns the actual current gameweek. If it is about to be 25, returns 25
                    ^^^^^^^^^^^^^^^^^^^
  File "/home/tars/Projects/fpl-oracle/data_v3.py", line 38, in get_next_gameweek
    raise ValueError("No upcoming gameweek found")
ValueError: No upcoming gameweek found
Traceback (most recent call last):
  File "/home/tars/Projects/fpl-oracle/data_v3.py", line 42, in <module>
    curr_gameweek = get_next_gameweek()-1 # returns the actual current gameweek. If it is about to be 25, returns 25
                    ^^^^^^^^^^^^^^^^^^^
  File "/home/tars/Projects/fpl-oracle/data_v3.py", line 38, in get_next_gameweek
    raise ValueError("No upcoming gameweek found")
ValueError: No upcoming gameweek found
Traceback (most recent call last):
  File "/home/tars/Projects/fpl-oracle/data_v3.py", line 42, in <module>
    curr_gameweek = get_next_gameweek()-1 # returns the actual current gameweek. If it is about to be 25, returns 25
                    ^^^^^^^^^^^^^^^^^^^
  File "/home/tars/Projects/fpl-oracle/data_v3.py", line 38, in get_next_gameweek
    raise ValueError("No upcoming gameweek found")
ValueError: No upcoming gameweek found
Traceback (most recent call last):
  File "/home/tars/Projects/fpl-oracle/data_v3.py", line 42, in <module>
    curr_gameweek = get_next_gameweek()-1 # returns the actual current gameweek. If it is about to be 25, returns 25
                    ^^^^^^^^^^^^^^^^^^^
  File "/home/tars/Projects/fpl-oracle/data_v3.py", line 38, in get_next_gameweek
    raise ValueError("No upcoming gameweek found")
ValueError: No upcoming gameweek found
Traceback (most recent call last):
  File "/home/tars/Projects/fpl-oracle/data_v3.py", line 42, in <module>
    curr_gameweek = get_next_gameweek()-1 # returns the actual current gameweek. If it is about to be 25, returns 25
                    ^^^^^^^^^^^^^^^^^^^
  File "/home/tars/Projects/fpl-oracle/data_v3.py", line 38, in get_next_gameweek
    raise ValueError("No upcoming gameweek found")
ValueError: No upcoming gameweek found
Traceback (most recent call last):
  File "/home/tars/Projects/fpl-oracle/data_v3.py", line 42, in <module>
    curr_gameweek = get_next_gameweek()-1 # returns the actual current gameweek. If it is about to be 25, returns 25
                    ^^^^^^^^^^^^^^^^^^^
  File "/home/tars/Projects/fpl-oracle/data_v3.py", line 38, in get_next_gameweek
    raise ValueError("No upcoming gameweek found")
ValueError: No upcoming gameweek found
Traceback (most recent call last):
  File "/home/tars/Projects/fpl-oracle/data_v3.py", line 42, in <module>
    curr_gameweek = get_next_gameweek()-1 # returns the actual current gameweek. If it is about to be 25, returns 25
                    ^^^^^^^^^^^^^^^^^^^
  File "/home/tars/Projects/fpl-oracle/data_v3.py", line 38, in get_next_gameweek
    raise ValueError("No upcoming gameweek found")
ValueError: No upcoming gameweek found
Traceback (most recent call last):
  File "/home/tars/Projects/fpl-oracle/data_v3.py", line 42, in <module>
    curr_gameweek = get_next_gameweek()-1 # returns the actual current gameweek. If it is about to be 25, returns 25
                    ^^^^^^^^^^^^^^^^^^^
  File "/home/tars/Projects/fpl-oracle/data_v3.py", line 38, in get_next_gameweek
    raise ValueError("No upcoming gameweek found")
ValueError: No upcoming gameweek found
Traceback (most recent call last):
  File "/home/tars/Projects/fpl-oracle/data_v3.py", line 42, in <module>
    curr_gameweek = get_next_gameweek()-1 # returns the actual current gameweek. If it is about to be 25, returns 25
                    ^^^^^^^^^^^^^^^^^^^
  File "/home/tars/Projects/fpl-oracle/data_v3.py", line 38, in get_next_gameweek
    raise ValueError("No upcoming gameweek found")
ValueError: No upcoming gameweek found
Traceback (most recent call last):
  File "/home/tars/Projects/fpl-oracle/data_v3.py", line 42, in <module>
    curr_gameweek = get_next_gameweek()-1 # returns the actual current gameweek. If it is about to be 25, returns 25
                    ^^^^^^^^^^^^^^^^^^^
  File "/home/tars/Projects/fpl-oracle/data_v3.py", line 38, in get_next_gameweek
    raise ValueError("No upcoming gameweek found")
ValueError: No upcoming gameweek found
Traceback (most recent call last):
  File "/home/tars/Projects/fpl-oracle/data_v3.py", line 42, in <module>
    curr_gameweek = get_next_gameweek()-1 # returns the actual current gameweek. If it is about to be 25, returns 25
                    ^^^^^^^^^^^^^^^^^^^
  File "/home/tars/Projects/fpl-oracle/data_v3.py", line 38, in get_next_gameweek
    raise ValueError("No upcoming gameweek found")
ValueError: No upcoming gameweek found
Traceback (most recent call last):
  File "/home/tars/Projects/fpl-oracle/data_v3.py", line 42, in <module>
    curr_gameweek = get_next_gameweek()-1 # returns the actual current gameweek. If it is about to be 25, returns 25
                    ^^^^^^^^^^^^^^^^^^^
  File "/home/tars/Projects/fpl-oracle/data_v3.py", line 38, in get_next_gameweek
    raise ValueError("No upcoming gameweek found")
ValueError: No upcoming gameweek found
Traceback (most recent call last):
  File "/home/tars/Projects/fpl-oracle/data_v3.py", line 42, in <module>
    curr_gameweek = get_next_gameweek()-1 # returns the actual current gameweek. If it is about to be 25, returns 25
                    ^^^^^^^^^^^^^^^^^^^
  File "/home/tars/Projects/fpl-oracle/data_v3.py", line 38, in get_next_gameweek
    raise ValueError("No upcoming gameweek found")
ValueError: No upcoming gameweek found
Traceback (most recent call last):
  File "/home/tars/Projects/fpl-oracle/data_v3.py", line 42, in <module>
    curr_gameweek = get_next_gameweek()-1 # returns the actual current gameweek. If it is about to be 25, returns 25
                    ^^^^^^^^^^^^^^^^^^^
  File "/home/tars/Projects/fpl-oracle/data_v3.py", line 38, in get_next_gameweek
    raise ValueError("No upcoming gameweek found")
ValueError: No upcoming gameweek found
Traceback (most recent call last):
  File "/home/tars/Projects/fpl-oracle/data_v3.py", line 42, in <module>
    curr_gameweek = get_next_gameweek()-1 # returns the actual current gameweek. If it is about to be 25, returns 25
                    ^^^^^^^^^^^^^^^^^^^
  File "/home/tars/Projects/fpl-oracle/data_v3.py", line 38, in get_next_gameweek
    raise ValueError("No upcoming gameweek found")
ValueError: No upcoming gameweek found
Traceback (most recent call last):
  File "/home/tars/Projects/fpl-oracle/data_v3.py", line 42, in <module>
    curr_gameweek = get_next_gameweek()-1 # returns the actual current gameweek. If it is about to be 25, returns 25
                    ^^^^^^^^^^^^^^^^^^^
  File "/home/tars/Projects/fpl-oracle/data_v3.py", line 38, in get_next_gameweek
    raise ValueError("No upcoming gameweek found")
ValueError: No upcoming gameweek found
Traceback (most recent call last):
  File "/home/tars/Projects/fpl-oracle/data_v3.py", line 42, in <module>
    curr_gameweek = get_next_gameweek()-1 # returns the actual current gameweek. If it is about to be 25, returns 25
                    ^^^^^^^^^^^^^^^^^^^
  File "/home/tars/Projects/fpl-oracle/data_v3.py", line 38, in get_next_gameweek
    raise ValueError("No upcoming gameweek found")
ValueError: No upcoming gameweek found
Traceback (most recent call last):
  File "/home/tars/Projects/fpl-oracle/data_v3.py", line 42, in <module>
    curr_gameweek = get_next_gameweek()-1 # returns the actual current gameweek. If it is about to be 25, returns 25
                    ^^^^^^^^^^^^^^^^^^^
  File "/home/tars/Projects/fpl-oracle/data_v3.py", line 38, in get_next_gameweek
    raise ValueError("No upcoming gameweek found")
ValueError: No upcoming gameweek found
Traceback (most recent call last):
  File "/home/tars/Projects/fpl-oracle/data_v3.py", line 42, in <module>
    curr_gameweek = get_next_gameweek()-1 # returns the actual current gameweek. If it is about to be 25, returns 25
                    ^^^^^^^^^^^^^^^^^^^
  File "/home/tars/Projects/fpl-oracle/data_v3.py", line 38, in get_next_gameweek
    raise ValueError("No upcoming gameweek found")
ValueError: No upcoming gameweek found
Traceback (most recent call last):
  File "/home/tars/Projects/fpl-oracle/data_v3.py", line 42, in <module>
    curr_gameweek = get_next_gameweek()-1 # returns the actual current gameweek. If it is about to be 25, returns 25
                    ^^^^^^^^^^^^^^^^^^^
  File "/home/tars/Projects/fpl-oracle/data_v3.py", line 38, in get_next_gameweek
    raise ValueError("No upcoming gameweek found")
ValueError: No upcoming gameweek found
Traceback (most recent call last):
  File "/home/tars/Projects/fpl-oracle/data_v3.py", line 42, in <module>
    curr_gameweek = get_next_gameweek()-1 # returns the actual current gameweek. If it is about to be 25, returns 25
                    ^^^^^^^^^^^^^^^^^^^
  File "/home/tars/Projects/fpl-oracle/data_v3.py", line 38, in get_next_gameweek
    raise ValueError("No upcoming gameweek found")
ValueError: No upcoming gameweek found
Traceback (most recent call last):
  File "/home/tars/Projects/fpl-oracle/data_v3.py", line 42, in <module>
    curr_gameweek = get_next_gameweek()-1 # returns the actual current gameweek. If it is about to be 25, returns 25
                    ^^^^^^^^^^^^^^^^^^^
  File "/home/tars/Projects/fpl-oracle/data_v3.py", line 38, in get_next_gameweek
    raise ValueError("No upcoming gameweek found")
ValueError: No upcoming gameweek found
Traceback (most recent call last):
  File "/home/tars/Projects/fpl-oracle/data_v3.py", line 42, in <module>
    curr_gameweek = get_next_gameweek()-1 # returns the actual current gameweek. If it is about to be 25, returns 25
                    ^^^^^^^^^^^^^^^^^^^
  File "/home/tars/Projects/fpl-oracle/data_v3.py", line 38, in get_next_gameweek
    raise ValueError("No upcoming gameweek found")
ValueError: No upcoming gameweek found
Traceback (most recent call last):
  File "/home/tars/Projects/fpl-oracle/data_v3.py", line 42, in <module>
    curr_gameweek = get_next_gameweek()-1 # returns the actual current gameweek. If it is about to be 25, returns 25
                    ^^^^^^^^^^^^^^^^^^^
  File "/home/tars/Projects/fpl-oracle/data_v3.py", line 38, in get_next_gameweek
    raise ValueError("No upcoming gameweek found")
ValueError: No upcoming gameweek found
Traceback (most recent call last):
  File "/home/tars/Projects/fpl-oracle/data_v3.py", line 42, in <module>
    curr_gameweek = get_next_gameweek()-1 # returns the actual current gameweek. If it is about to be 25, returns 25
                    ^^^^^^^^^^^^^^^^^^^
  File "/home/tars/Projects/fpl-oracle/data_v3.py", line 38, in get_next_gameweek
    raise ValueError("No upcoming gameweek found")
ValueError: No upcoming gameweek found
Traceback (most recent call last):
  File "/home/tars/Projects/fpl-oracle/data_v3.py", line 42, in <module>
    curr_gameweek = get_next_gameweek()-1 # returns the actual current gameweek. If it is about to be 25, returns 25
                    ^^^^^^^^^^^^^^^^^^^
  File "/home/tars/Projects/fpl-oracle/data_v3.py", line 38, in get_next_gameweek
    raise ValueError("No upcoming gameweek found")
ValueError: No upcoming gameweek found
Traceback (most recent call last):
  File "/home/tars/Projects/fpl-oracle/data_v3.py", line 42, in <module>
    curr_gameweek = get_next_gameweek()-1 # returns the actual current gameweek. If it is about to be 25, returns 25
                    ^^^^^^^^^^^^^^^^^^^
  File "/home/tars/Projects/fpl-oracle/data_v3.py", line 38, in get_next_gameweek
    raise ValueError("No upcoming gameweek found")
ValueError: No upcoming gameweek found
Traceback (most recent call last):
  File "/home/tars/Projects/fpl-oracle/data_v3.py", line 42, in <module>
    curr_gameweek = get_next_gameweek()-1 # returns the actual current gameweek. If it is about to be 25, returns 25
                    ^^^^^^^^^^^^^^^^^^^
  File "/home/tars/Projects/fpl-oracle/data_v3.py", line 38, in get_next_gameweek
    raise ValueError("No upcoming gameweek found")
ValueError: No upcoming gameweek found
Traceback (most recent call last):
  File "/home/tars/Projects/fpl-oracle/data_v3.py", line 42, in <module>
    curr_gameweek = get_next_gameweek()-1 # returns the actual current gameweek. If it is about to be 25, returns 25
                    ^^^^^^^^^^^^^^^^^^^
  File "/home/tars/Projects/fpl-oracle/data_v3.py", line 38, in get_next_gameweek
    raise ValueError("No upcoming gameweek found")
ValueError: No upcoming gameweek found
Traceback (most recent call last):
  File "/home/tars/Projects/fpl-oracle/data_v3.py", line 42, in <module>
    curr_gameweek = get_next_gameweek()-1 # returns the actual current gameweek. If it is about to be 25, returns 25
                    ^^^^^^^^^^^^^^^^^^^
  File "/home/tars/Projects/fpl-oracle/data_v3.py", line 38, in get_next_gameweek
    raise ValueError("No upcoming gameweek found")
ValueError: No upcoming gameweek found
Traceback (most recent call last):
  File "/home/tars/Projects/fpl-oracle/data_v3.py", line 42, in <module>
    curr_gameweek = get_next_gameweek()-1 # returns the actual current gameweek. If it is about to be 25, returns 25
                    ^^^^^^^^^^^^^^^^^^^
  File "/home/tars/Projects/fpl-oracle/data_v3.py", line 38, in get_next_gameweek
    raise ValueError("No upcoming gameweek found")
ValueError: No upcoming gameweek found
Traceback (most recent call last):
  File "/home/tars/Projects/fpl-oracle/data_v3.py", line 42, in <module>
    curr_gameweek = get_next_gameweek()-1 # returns the actual current gameweek. If it is about to be 25, returns 25
                    ^^^^^^^^^^^^^^^^^^^
  File "/home/tars/Projects/fpl-oracle/data_v3.py", line 38, in get_next_gameweek
    raise ValueError("No upcoming gameweek found")
ValueError: No upcoming gameweek found
Traceback (most recent call last):
  File "/home/tars/Projects/fpl-oracle/data_v3.py", line 42, in <module>
    curr_gameweek = get_next_gameweek()-1 # returns the actual current gameweek. If it is about to be 25, returns 25
                    ^^^^^^^^^^^^^^^^^^^
  File "/home/tars/Projects/fpl-oracle/data_v3.py", line 38, in get_next_gameweek
    raise ValueError("No upcoming gameweek found")
ValueError: No upcoming gameweek found
Traceback (most recent call last):
  File "/home/tars/Projects/fpl-oracle/data_v3.py", line 42, in <module>
    curr_gameweek = get_next_gameweek()-1 # returns the actual current gameweek. If it is about to be 25, returns 25
                    ^^^^^^^^^^^^^^^^^^^
  File "/home/tars/Projects/fpl-oracle/data_v3.py", line 38, in get_next_gameweek
    raise ValueError("No upcoming gameweek found")
ValueError: No upcoming gameweek found
Traceback (most recent call last):
  File "/home/tars/Projects/fpl-oracle/data_v3.py", line 42, in <module>
    curr_gameweek = get_next_gameweek()-1 # returns the actual current gameweek. If it is about to be 25, returns 25
                    ^^^^^^^^^^^^^^^^^^^
  File "/home/tars/Projects/fpl-oracle/data_v3.py", line 38, in get_next_gameweek
    raise ValueError("No upcoming gameweek found")
ValueError: No upcoming gameweek found
Traceback (most recent call last):
  File "/home/tars/Projects/fpl-oracle/data_v3.py", line 42, in <module>
    curr_gameweek = get_next_gameweek()-1 # returns the actual current gameweek. If it is about to be 25, returns 25
                    ^^^^^^^^^^^^^^^^^^^
  File "/home/tars/Projects/fpl-oracle/data_v3.py", line 38, in get_next_gameweek
    raise ValueError("No upcoming gameweek found")
ValueError: No upcoming gameweek found
Traceback (most recent call last):
  File "/home/tars/Projects/fpl-oracle/data_v3.py", line 42, in <module>
    curr_gameweek = get_next_gameweek()-1 # returns the actual current gameweek. If it is about to be 25, returns 25
                    ^^^^^^^^^^^^^^^^^^^
  File "/home/tars/Projects/fpl-oracle/data_v3.py", line 38, in get_next_gameweek
    raise ValueError("No upcoming gameweek found")
ValueError: No upcoming gameweek found
Traceback (most recent call last):
  File "/home/tars/Projects/fpl-oracle/data_v3.py", line 42, in <module>
    curr_gameweek = get_next_gameweek()-1 # returns the actual current gameweek. If it is about to be 25, returns 25
                    ^^^^^^^^^^^^^^^^^^^
  File "/home/tars/Projects/fpl-oracle/data_v3.py", line 38, in get_next_gameweek
    raise ValueError("No upcoming gameweek found")
ValueError: No upcoming gameweek found
Traceback (most recent call last):
  File "/home/tars/Projects/fpl-oracle/data_v3.py", line 42, in <module>
    curr_gameweek = get_next_gameweek()-1 # returns the actual current gameweek. If it is about to be 25, returns 25
                    ^^^^^^^^^^^^^^^^^^^
  File "/home/tars/Projects/fpl-oracle/data_v3.py", line 38, in get_next_gameweek
    raise ValueError("No upcoming gameweek found")
ValueError: No upcoming gameweek found
Traceback (most recent call last):
  File "/home/tars/Projects/fpl-oracle/data_v3.py", line 42, in <module>
    curr_gameweek = get_next_gameweek()-1 # returns the actual current gameweek. If it is about to be 25, returns 25
                    ^^^^^^^^^^^^^^^^^^^
  File "/home/tars/Projects/fpl-oracle/data_v3.py", line 38, in get_next_gameweek
    raise ValueError("No upcoming gameweek found")
ValueError: No upcoming gameweek found
Traceback (most recent call last):
  File "/home/tars/Projects/fpl-oracle/data_v3.py", line 42, in <module>
    curr_gameweek = get_next_gameweek()-1 # returns the actual current gameweek. If it is about to be 25, returns 25
                    ^^^^^^^^^^^^^^^^^^^
  File "/home/tars/Projects/fpl-oracle/data_v3.py", line 38, in get_next_gameweek
    raise ValueError("No upcoming gameweek found")
ValueError: No upcoming gameweek found
Traceback (most recent call last):
  File "/home/tars/Projects/fpl-oracle/data_v3.py", line 42, in <module>
    curr_gameweek = get_next_gameweek()-1 # returns the actual current gameweek. If it is about to be 25, returns 25
                    ^^^^^^^^^^^^^^^^^^^
  File "/home/tars/Projects/fpl-oracle/data_v3.py", line 38, in get_next_gameweek
    raise ValueError("No upcoming gameweek found")
ValueError: No upcoming gameweek found
Traceback (most recent call last):
  File "/home/tars/Projects/fpl-oracle/data_v3.py", line 42, in <module>
    curr_gameweek = get_next_gameweek()-1 # returns the actual current gameweek. If it is about to be 25, returns 25
                    ^^^^^^^^^^^^^^^^^^^
  File "/home/tars/Projects/fpl-oracle/data_v3.py", line 38, in get_next_gameweek
    raise ValueError("No upcoming gameweek found")
ValueError: No upcoming gameweek found
Traceback (most recent call last):
  File "/home/tars/Projects/fpl-oracle/data_v3.py", line 42, in <module>
    curr_gameweek = get_next_gameweek()-1 # returns the actual current gameweek. If it is about to be 25, returns 25
                    ^^^^^^^^^^^^^^^^^^^
  File "/home/tars/Projects/fpl-oracle/data_v3.py", line 38, in get_next_gameweek
    raise ValueError("No upcoming gameweek found")
ValueError: No upcoming gameweek found
Traceback (most recent call last):
  File "/home/tars/Projects/fpl-oracle/data_v3.py", line 42, in <module>
    curr_gameweek = get_next_gameweek()-1 # returns the actual current gameweek. If it is about to be 25, returns 25
                    ^^^^^^^^^^^^^^^^^^^
  File "/home/tars/Projects/fpl-oracle/data_v3.py", line 38, in get_next_gameweek
    raise ValueError("No upcoming gameweek found")
ValueError: No upcoming gameweek found
Traceback (most recent call last):
  File "/home/tars/Projects/fpl-oracle/data_v3.py", line 42, in <module>
    curr_gameweek = get_next_gameweek()-1 # returns the actual current gameweek. If it is about to be 25, returns 25
                    ^^^^^^^^^^^^^^^^^^^
  File "/home/tars/Projects/fpl-oracle/data_v3.py", line 38, in get_next_gameweek
    raise ValueError("No upcoming gameweek found")
ValueError: No upcoming gameweek found
Traceback (most recent call last):
  File "/home/tars/Projects/fpl-oracle/data_v3.py", line 42, in <module>
    curr_gameweek = get_next_gameweek()-1 # returns the actual current gameweek. If it is about to be 25, returns 25
                    ^^^^^^^^^^^^^^^^^^^
  File "/home/tars/Projects/fpl-oracle/data_v3.py", line 38, in get_next_gameweek
    raise ValueError("No upcoming gameweek found")
ValueError: No upcoming gameweek found
Traceback (most recent call last):
  File "/home/tars/Projects/fpl-oracle/data_v3.py", line 42, in <module>
    curr_gameweek = get_next_gameweek()-1 # returns the actual current gameweek. If it is about to be 25, returns 25
                    ^^^^^^^^^^^^^^^^^^^
  File "/home/tars/Projects/fpl-oracle/data_v3.py", line 38, in get_next_gameweek
    raise ValueError("No upcoming gameweek found")
ValueError: No upcoming gameweek found
Traceback (most recent call last):
  File "/home/tars/Projects/fpl-oracle/data_v3.py", line 42, in <module>
    curr_gameweek = get_next_gameweek()-1 # returns the actual current gameweek. If it is about to be 25, returns 25
                    ^^^^^^^^^^^^^^^^^^^
  File "/home/tars/Projects/fpl-oracle/data_v3.py", line 38, in get_next_gameweek
    raise ValueError("No upcoming gameweek found")
ValueError: No upcoming gameweek found
Traceback (most recent call last):
  File "/home/tars/Projects/fpl-oracle/data_v3.py", line 42, in <module>
    curr_gameweek = get_next_gameweek()-1 # returns the actual current gameweek. If it is about to be 25, returns 25
                    ^^^^^^^^^^^^^^^^^^^
  File "/home/tars/Projects/fpl-oracle/data_v3.py", line 38, in get_next_gameweek
    raise ValueError("No upcoming gameweek found")
ValueError: No upcoming gameweek found
Traceback (most recent call last):
  File "/home/tars/Projects/fpl-oracle/data_v3.py", line 42, in <module>
    curr_gameweek = get_next_gameweek()-1 # returns the actual current gameweek. If it is about to be 25, returns 25
                    ^^^^^^^^^^^^^^^^^^^
  File "/home/tars/Projects/fpl-oracle/data_v3.py", line 38, in get_next_gameweek
    raise ValueError("No upcoming gameweek found")
ValueError: No upcoming gameweek found
Traceback (most recent call last):
  File "/home/tars/Projects/fpl-oracle/data_v3.py", line 42, in <module>
    curr_gameweek = get_next_gameweek()-1 # returns the actual current gameweek. If it is about to be 25, returns 25
                    ^^^^^^^^^^^^^^^^^^^
  File "/home/tars/Projects/fpl-oracle/data_v3.py", line 38, in get_next_gameweek
    raise ValueError("No upcoming gameweek found")
ValueError: No upcoming gameweek found
Traceback (most recent call last):
  File "/home/tars/Projects/fpl-oracle/data_v3.py", line 42, in <module>
    curr_gameweek = get_next_gameweek()-1 # returns the actual current gameweek. If it is about to be 25, returns 25
                    ^^^^^^^^^^^^^^^^^^^
  File "/home/tars/Projects/fpl-oracle/data_v3.py", line 38, in get_next_gameweek
    raise ValueError("No upcoming gameweek found")
ValueError: No upcoming gameweek found
Traceback (most recent call last):
  File "/home/tars/Projects/fpl-oracle/data_v3.py", line 42, in <module>
    curr_gameweek = get_next_gameweek()-1 # returns the actual current gameweek. If it is about to be 25, returns 25
                    ^^^^^^^^^^^^^^^^^^^
  File "/home/tars/Projects/fpl-oracle/data_v3.py", line 38, in get_next_gameweek
    raise ValueError("No upcoming gameweek found")
ValueError: No upcoming gameweek found
Traceback (most recent call last):
  File "/home/tars/Projects/fpl-oracle/data_v3.py", line 42, in <module>
    curr_gameweek = get_next_gameweek()-1 # returns the actual current gameweek. If it is about to be 25, returns 25
                    ^^^^^^^^^^^^^^^^^^^
  File "/home/tars/Projects/fpl-oracle/data_v3.py", line 38, in get_next_gameweek
    raise ValueError("No upcoming gameweek found")
ValueError: No upcoming gameweek found
Traceback (most recent call last):
  File "/home/tars/Projects/fpl-oracle/data_v3.py", line 42, in <module>
    curr_gameweek = get_next_gameweek()-1 # returns the actual current gameweek. If it is about to be 25, returns 25
                    ^^^^^^^^^^^^^^^^^^^
  File "/home/tars/Projects/fpl-oracle/data_v3.py", line 38, in get_next_gameweek
    raise ValueError("No upcoming gameweek found")
ValueError: No upcoming gameweek found
Traceback (most recent call last):
  File "/home/tars/Projects/fpl-oracle/data_v3.py", line 42, in <module>
    curr_gameweek = get_next_gameweek()-1 # returns the actual current gameweek. If it is about to be 25, returns 25
                    ^^^^^^^^^^^^^^^^^^^
  File "/home/tars/Projects/fpl-oracle/data_v3.py", line 38, in get_next_gameweek
    raise ValueError("No upcoming gameweek found")
ValueError: No upcoming gameweek found
Traceback (most recent call last):
  File "/home/tars/Projects/fpl-oracle/data_v3.py", line 42, in <module>
    curr_gameweek = get_next_gameweek()-1 # returns the actual current gameweek. If it is about to be 25, returns 25
                    ^^^^^^^^^^^^^^^^^^^
  File "/home/tars/Projects/fpl-oracle/data_v3.py", line 38, in get_next_gameweek
    raise ValueError("No upcoming gameweek found")
ValueError: No upcoming gameweek found
Traceback (most recent call last):
  File "/home/tars/Projects/fpl-oracle/data_v3.py", line 42, in <module>
    curr_gameweek = get_next_gameweek()-1 # returns the actual current gameweek. If it is about to be 25, returns 25
                    ^^^^^^^^^^^^^^^^^^^
  File "/home/tars/Projects/fpl-oracle/data_v3.py", line 38, in get_next_gameweek
    raise ValueError("No upcoming gameweek found")
ValueError: No upcoming gameweek found
Traceback (most recent call last):
  File "/home/tars/Projects/fpl-oracle/data_v3.py", line 42, in <module>
    curr_gameweek = get_next_gameweek()-1 # returns the actual current gameweek. If it is about to be 25, returns 25
                    ^^^^^^^^^^^^^^^^^^^
  File "/home/tars/Projects/fpl-oracle/data_v3.py", line 38, in get_next_gameweek
    raise ValueError("No upcoming gameweek found")
ValueError: No upcoming gameweek found
Traceback (most recent call last):
  File "/home/tars/Projects/fpl-oracle/data_v3.py", line 42, in <module>
    curr_gameweek = get_next_gameweek()-1 # returns the actual current gameweek. If it is about to be 25, returns 25
                    ^^^^^^^^^^^^^^^^^^^
  File "/home/tars/Projects/fpl-oracle/data_v3.py", line 38, in get_next_gameweek
    raise ValueError("No upcoming gameweek found")
ValueError: No upcoming gameweek found
Traceback (most recent call last):
  File "/home/tars/Projects/fpl-oracle/data_v3.py", line 42, in <module>
    curr_gameweek = get_next_gameweek()-1 # returns the actual current gameweek. If it is about to be 25, returns 25
                    ^^^^^^^^^^^^^^^^^^^
  File "/home/tars/Projects/fpl-oracle/data_v3.py", line 38, in get_next_gameweek
    raise ValueError("No upcoming gameweek found")
ValueError: No upcoming gameweek found
Traceback (most recent call last):
  File "/home/tars/Projects/fpl-oracle/data_v3.py", line 42, in <module>
    curr_gameweek = get_next_gameweek()-1 # returns the actual current gameweek. If it is about to be 25, returns 25
                    ^^^^^^^^^^^^^^^^^^^
  File "/home/tars/Projects/fpl-oracle/data_v3.py", line 38, in get_next_gameweek
    raise ValueError("No upcoming gameweek found")
ValueError: No upcoming gameweek found
Traceback (most recent call last):
  File "/home/tars/Projects/fpl-oracle/data_v3.py", line 42, in <module>
    curr_gameweek = get_next_gameweek()-1 # returns the actual current gameweek. If it is about to be 25, returns 25
                    ^^^^^^^^^^^^^^^^^^^
  File "/home/tars/Projects/fpl-oracle/data_v3.py", line 38, in get_next_gameweek
    raise ValueError("No upcoming gameweek found")
ValueError: No upcoming gameweek found
Traceback (most recent call last):
  File "/home/tars/Projects/fpl-oracle/data_v3.py", line 42, in <module>
    curr_gameweek = get_next_gameweek()-1 # returns the actual current gameweek. If it is about to be 25, returns 25
                    ^^^^^^^^^^^^^^^^^^^
  File "/home/tars/Projects/fpl-oracle/data_v3.py", line 38, in get_next_gameweek
    raise ValueError("No upcoming gameweek found")
ValueError: No upcoming gameweek found
Traceback (most recent call last):
  File "/home/tars/Projects/fpl-oracle/data_v3.py", line 42, in <module>
    curr_gameweek = get_next_gameweek()-1 # returns the actual current gameweek. If it is about to be 25, returns 25
                    ^^^^^^^^^^^^^^^^^^^
  File "/home/tars/Projects/fpl-oracle/data_v3.py", line 38, in get_next_gameweek
    raise ValueError("No upcoming gameweek found")
ValueError: No upcoming gameweek found
Traceback (most recent call last):
  File "/home/tars/Projects/fpl-oracle/data_v3.py", line 42, in <module>
    curr_gameweek = get_next_gameweek()-1 # returns the actual current gameweek. If it is about to be 25, returns 25
                    ^^^^^^^^^^^^^^^^^^^
  File "/home/tars/Projects/fpl-oracle/data_v3.py", line 38, in get_next_gameweek
    raise ValueError("No upcoming gameweek found")
ValueError: No upcoming gameweek found
Traceback (most recent call last):
  File "/home/tars/Projects/fpl-oracle/data_v3.py", line 42, in <module>
    curr_gameweek = get_next_gameweek()-1 # returns the actual current gameweek. If it is about to be 25, returns 25
                    ^^^^^^^^^^^^^^^^^^^
  File "/home/tars/Projects/fpl-oracle/data_v3.py", line 38, in get_next_gameweek
    raise ValueError("No upcoming gameweek found")
ValueError: No upcoming gameweek found
Traceback (most recent call last):
  File "/home/tars/Projects/fpl-oracle/data_v3.py", line 42, in <module>
    curr_gameweek = get_next_gameweek()-1 # returns the actual current gameweek. If it is about to be 25, returns 25
                    ^^^^^^^^^^^^^^^^^^^
  File "/home/tars/Projects/fpl-oracle/data_v3.py", line 38, in get_next_gameweek
    raise ValueError("No upcoming gameweek found")
ValueError: No upcoming gameweek found
Traceback (most recent call last):
  File "/home/tars/Projects/fpl-oracle/data_v3.py", line 42, in <module>
    curr_gameweek = get_next_gameweek()-1 # returns the actual current gameweek. If it is about to be 25, returns 25
                    ^^^^^^^^^^^^^^^^^^^
  File "/home/tars/Projects/fpl-oracle/data_v3.py", line 38, in get_next_gameweek
    raise ValueError("No upcoming gameweek found")
ValueError: No upcoming gameweek found
Traceback (most recent call last):
  File "/home/tars/Projects/fpl-oracle/data_v3.py", line 42, in <module>
    curr_gameweek = get_next_gameweek()-1 # returns the actual current gameweek. If it is about to be 25, returns 25
                    ^^^^^^^^^^^^^^^^^^^
  File "/home/tars/Projects/fpl-oracle/data_v3.py", line 38, in get_next_gameweek
    raise ValueError("No upcoming gameweek found")
ValueError: No upcoming gameweek found
Traceback (most recent call last):
  File "/home/tars/Projects/fpl-oracle/data_v3.py", line 42, in <module>
    curr_gameweek = get_next_gameweek()-1 # returns the actual current gameweek. If it is about to be 25, returns 25
                    ^^^^^^^^^^^^^^^^^^^
  File "/home/tars/Projects/fpl-oracle/data_v3.py", line 38, in get_next_gameweek
    raise ValueError("No upcoming gameweek found")
ValueError: No upcoming gameweek found
Traceback (most recent call last):
  File "/home/tars/Projects/fpl-oracle/data_v3.py", line 42, in <module>
    curr_gameweek = get_next_gameweek()-1 # returns the actual current gameweek. If it is about to be 25, returns 25
                    ^^^^^^^^^^^^^^^^^^^
  File "/home/tars/Projects/fpl-oracle/data_v3.py", line 38, in get_next_gameweek
    raise ValueError("No upcoming gameweek found")
ValueError: No upcoming gameweek found
Traceback (most recent call last):
  File "/home/tars/Projects/fpl-oracle/data_v3.py", line 42, in <module>
    curr_gameweek = get_next_gameweek()-1 # returns the actual current gameweek. If it is about to be 25, returns 25
                    ^^^^^^^^^^^^^^^^^^^
  File "/home/tars/Projects/fpl-oracle/data_v3.py", line 38, in get_next_gameweek
    raise ValueError("No upcoming gameweek found")
ValueError: No upcoming gameweek found
Traceback (most recent call last):
  File "/home/tars/Projects/fpl-oracle/data_v3.py", line 42, in <module>
    curr_gameweek = get_next_gameweek()-1 # returns the actual current gameweek. If it is about to be 25, returns 25
                    ^^^^^^^^^^^^^^^^^^^
  File "/home/tars/Projects/fpl-oracle/data_v3.py", line 38, in get_next_gameweek
    raise ValueError("No upcoming gameweek found")
ValueError: No upcoming gameweek found
Traceback (most recent call last):
  File "/home/tars/Projects/fpl-oracle/data_v3.py", line 42, in <module>
    curr_gameweek = get_next_gameweek()-1 # returns the actual current gameweek. If it is about to be 25, returns 25
                    ^^^^^^^^^^^^^^^^^^^
  File "/home/tars/Projects/fpl-oracle/data_v3.py", line 38, in get_next_gameweek
    raise ValueError("No upcoming gameweek found")
ValueError: No upcoming gameweek found
Traceback (most recent call last):
  File "/home/tars/Projects/fpl-oracle/data_v3.py", line 42, in <module>
    curr_gameweek = get_next_gameweek()-1 # returns the actual current gameweek. If it is about to be 25, returns 25
                    ^^^^^^^^^^^^^^^^^^^
  File "/home/tars/Projects/fpl-oracle/data_v3.py", line 38, in get_next_gameweek
    raise ValueError("No upcoming gameweek found")
ValueError: No upcoming gameweek found
Traceback (most recent call last):
  File "/home/tars/Projects/fpl-oracle/data_v3.py", line 42, in <module>
    curr_gameweek = get_next_gameweek()-1 # returns the actual current gameweek. If it is about to be 25, returns 25
                    ^^^^^^^^^^^^^^^^^^^
  File "/home/tars/Projects/fpl-oracle/data_v3.py", line 38, in get_next_gameweek
    raise ValueError("No upcoming gameweek found")
ValueError: No upcoming gameweek found
Traceback (most recent call last):
  File "/home/tars/Projects/fpl-oracle/data_v3.py", line 42, in <module>
    curr_gameweek = get_next_gameweek()-1 # returns the actual current gameweek. If it is about to be 25, returns 25
                    ^^^^^^^^^^^^^^^^^^^
  File "/home/tars/Projects/fpl-oracle/data_v3.py", line 38, in get_next_gameweek
    raise ValueError("No upcoming gameweek found")
ValueError: No upcoming gameweek found
Traceback (most recent call last):
  File "/home/tars/Projects/fpl-oracle/data_v3.py", line 42, in <module>
    curr_gameweek = get_next_gameweek()-1 # returns the actual current gameweek. If it is about to be 25, returns 25
                    ^^^^^^^^^^^^^^^^^^^
  File "/home/tars/Projects/fpl-oracle/data_v3.py", line 38, in get_next_gameweek
    raise ValueError("No upcoming gameweek found")
ValueError: No upcoming gameweek found
Traceback (most recent call last):
  File "/home/tars/Projects/fpl-oracle/data_v3.py", line 42, in <module>
    curr_gameweek = get_next_gameweek()-1 # returns the actual current gameweek. If it is about to be 25, returns 25
                    ^^^^^^^^^^^^^^^^^^^
  File "/home/tars/Projects/fpl-oracle/data_v3.py", line 38, in get_next_gameweek
    raise ValueError("No upcoming gameweek found")
ValueError: No upcoming gameweek found
Traceback (most recent call last):
  File "/home/tars/Projects/fpl-oracle/data_v3.py", line 42, in <module>
    curr_gameweek = get_next_gameweek()-1 # returns the actual current gameweek. If it is about to be 25, returns 25
                    ^^^^^^^^^^^^^^^^^^^
  File "/home/tars/Projects/fpl-oracle/data_v3.py", line 38, in get_next_gameweek
    raise ValueError("No upcoming gameweek found")
ValueError: No upcoming gameweek found
Traceback (most recent call last):
  File "/home/tars/Projects/fpl-oracle/data_v3.py", line 42, in <module>
    curr_gameweek = get_next_gameweek()-1 # returns the actual current gameweek. If it is about to be 25, returns 25
                    ^^^^^^^^^^^^^^^^^^^
  File "/home/tars/Projects/fpl-oracle/data_v3.py", line 38, in get_next_gameweek
    raise ValueError("No upcoming gameweek found")
ValueError: No upcoming gameweek found
Traceback (most recent call last):
  File "/home/tars/Projects/fpl-oracle/data_v3.py", line 42, in <module>
    curr_gameweek = get_next_gameweek()-1 # returns the actual current gameweek. If it is about to be 25, returns 25
                    ^^^^^^^^^^^^^^^^^^^
  File "/home/tars/Projects/fpl-oracle/data_v3.py", line 38, in get_next_gameweek
    raise ValueError("No upcoming gameweek found")
ValueError: No upcoming gameweek found
Traceback (most recent call last):
  File "/home/tars/Projects/fpl-oracle/data_v3.py", line 42, in <module>
    curr_gameweek = get_next_gameweek()-1 # returns the actual current gameweek. If it is about to be 25, returns 25
                    ^^^^^^^^^^^^^^^^^^^
  File "/home/tars/Projects/fpl-oracle/data_v3.py", line 38, in get_next_gameweek
    raise ValueError("No upcoming gameweek found")
ValueError: No upcoming gameweek found
Traceback (most recent call last):
  File "/home/tars/Projects/fpl-oracle/data_v3.py", line 42, in <module>
    curr_gameweek = get_next_gameweek()-1 # returns the actual current gameweek. If it is about to be 25, returns 25
                    ^^^^^^^^^^^^^^^^^^^
  File "/home/tars/Projects/fpl-oracle/data_v3.py", line 38, in get_next_gameweek
    raise ValueError("No upcoming gameweek found")
ValueError: No upcoming gameweek found
Traceback (most recent call last):
  File "/home/tars/Projects/fpl-oracle/data_v3.py", line 42, in <module>
    curr_gameweek = get_next_gameweek()-1 # returns the actual current gameweek. If it is about to be 25, returns 25
                    ^^^^^^^^^^^^^^^^^^^
  File "/home/tars/Projects/fpl-oracle/data_v3.py", line 38, in get_next_gameweek
    raise ValueError("No upcoming gameweek found")
ValueError: No upcoming gameweek found
Traceback (most recent call last):
  File "/home/tars/Projects/fpl-oracle/data_v3.py", line 42, in <module>
    curr_gameweek = get_next_gameweek()-1 # returns the actual current gameweek. If it is about to be 25, returns 25
                    ^^^^^^^^^^^^^^^^^^^
  File "/home/tars/Projects/fpl-oracle/data_v3.py", line 38, in get_next_gameweek
    raise ValueError("No upcoming gameweek found")
ValueError: No upcoming gameweek found
Traceback (most recent call last):
  File "/home/tars/Projects/fpl-oracle/data_v3.py", line 42, in <module>
    curr_gameweek = get_next_gameweek()-1 # returns the actual current gameweek. If it is about to be 25, returns 25
                    ^^^^^^^^^^^^^^^^^^^
  File "/home/tars/Projects/fpl-oracle/data_v3.py", line 38, in get_next_gameweek
    raise ValueError("No upcoming gameweek found")
ValueError: No upcoming gameweek found
Traceback (most recent call last):
  File "/home/tars/Projects/fpl-oracle/data_v3.py", line 42, in <module>
    curr_gameweek = get_next_gameweek()-1 # returns the actual current gameweek. If it is about to be 25, returns 25
                    ^^^^^^^^^^^^^^^^^^^
  File "/home/tars/Projects/fpl-oracle/data_v3.py", line 38, in get_next_gameweek
    raise ValueError("No upcoming gameweek found")
ValueError: No upcoming gameweek found
Traceback (most recent call last):
  File "/home/tars/Projects/fpl-oracle/data_v3.py", line 42, in <module>
    curr_gameweek = get_next_gameweek()-1 # returns the actual current gameweek. If it is about to be 25, returns 25
                    ^^^^^^^^^^^^^^^^^^^
  File "/home/tars/Projects/fpl-oracle/data_v3.py", line 38, in get_next_gameweek
    raise ValueError("No upcoming gameweek found")
ValueError: No upcoming gameweek found
Traceback (most recent call last):
  File "/home/tars/Projects/fpl-oracle/data_v3.py", line 42, in <module>
    curr_gameweek = get_next_gameweek()-1 # returns the actual current gameweek. If it is about to be 25, returns 25
                    ^^^^^^^^^^^^^^^^^^^
  File "/home/tars/Projects/fpl-oracle/data_v3.py", line 38, in get_next_gameweek
    raise ValueError("No upcoming gameweek found")
ValueError: No upcoming gameweek found
Traceback (most recent call last):
  File "/home/tars/Projects/fpl-oracle/data_v3.py", line 42, in <module>
    curr_gameweek = get_next_gameweek()-1 # returns the actual current gameweek. If it is about to be 25, returns 25
                    ^^^^^^^^^^^^^^^^^^^
  File "/home/tars/Projects/fpl-oracle/data_v3.py", line 38, in get_next_gameweek
    raise ValueError("No upcoming gameweek found")
ValueError: No upcoming gameweek found
Traceback (most recent call last):
  File "/home/tars/Projects/fpl-oracle/data_v3.py", line 42, in <module>
    curr_gameweek = get_next_gameweek()-1 # returns the actual current gameweek. If it is about to be 25, returns 25
                    ^^^^^^^^^^^^^^^^^^^
  File "/home/tars/Projects/fpl-oracle/data_v3.py", line 38, in get_next_gameweek
    raise ValueError("No upcoming gameweek found")
ValueError: No upcoming gameweek found
Traceback (most recent call last):
  File "/home/tars/Projects/fpl-oracle/data_v3.py", line 42, in <module>
    curr_gameweek = get_next_gameweek()-1 # returns the actual current gameweek. If it is about to be 25, returns 25
                    ^^^^^^^^^^^^^^^^^^^
  File "/home/tars/Projects/fpl-oracle/data_v3.py", line 38, in get_next_gameweek
    raise ValueError("No upcoming gameweek found")
ValueError: No upcoming gameweek found
Traceback (most recent call last):
  File "/home/tars/Projects/fpl-oracle/data_v3.py", line 42, in <module>
    curr_gameweek = get_next_gameweek()-1 # returns the actual current gameweek. If it is about to be 25, returns 25
                    ^^^^^^^^^^^^^^^^^^^
  File "/home/tars/Projects/fpl-oracle/data_v3.py", line 38, in get_next_gameweek
    raise ValueError("No upcoming gameweek found")
ValueError: No upcoming gameweek found
Traceback (most recent call last):
  File "/home/tars/Projects/fpl-oracle/data_v3.py", line 42, in <module>
    curr_gameweek = get_next_gameweek()-1 # returns the actual current gameweek. If it is about to be 25, returns 25
                    ^^^^^^^^^^^^^^^^^^^
  File "/home/tars/Projects/fpl-oracle/data_v3.py", line 38, in get_next_gameweek
    raise ValueError("No upcoming gameweek found")
ValueError: No upcoming gameweek found
Traceback (most recent call last):
  File "/home/tars/Projects/fpl-oracle/data_v3.py", line 42, in <module>
    curr_gameweek = get_next_gameweek()-1 # returns the actual current gameweek. If it is about to be 25, returns 25
                    ^^^^^^^^^^^^^^^^^^^
  File "/home/tars/Projects/fpl-oracle/data_v3.py", line 38, in get_next_gameweek
    raise ValueError("No upcoming gameweek found")
ValueError: No upcoming gameweek found
Traceback (most recent call last):
  File "/home/tars/Projects/fpl-oracle/data_v3.py", line 42, in <module>
    curr_gameweek = get_next_gameweek()-1 # returns the actual current gameweek. If it is about to be 25, returns 25
                    ^^^^^^^^^^^^^^^^^^^
  File "/home/tars/Projects/fpl-oracle/data_v3.py", line 38, in get_next_gameweek
    raise ValueError("No upcoming gameweek found")
ValueError: No upcoming gameweek found
Traceback (most recent call last):
  File "/home/tars/Projects/fpl-oracle/data_v3.py", line 42, in <module>
    curr_gameweek = get_next_gameweek()-1 # returns the actual current gameweek. If it is about to be 25, returns 25
                    ^^^^^^^^^^^^^^^^^^^
  File "/home/tars/Projects/fpl-oracle/data_v3.py", line 38, in get_next_gameweek
    raise ValueError("No upcoming gameweek found")
ValueError: No upcoming gameweek found
Traceback (most recent call last):
  File "/home/tars/Projects/fpl-oracle/data_v3.py", line 42, in <module>
    curr_gameweek = get_next_gameweek()-1 # returns the actual current gameweek. If it is about to be 25, returns 25
                    ^^^^^^^^^^^^^^^^^^^
  File "/home/tars/Projects/fpl-oracle/data_v3.py", line 38, in get_next_gameweek
    raise ValueError("No upcoming gameweek found")
ValueError: No upcoming gameweek found
Traceback (most recent call last):
  File "/home/tars/Projects/fpl-oracle/data_v3.py", line 42, in <module>
    curr_gameweek = get_next_gameweek()-1 # returns the actual current gameweek. If it is about to be 25, returns 25
                    ^^^^^^^^^^^^^^^^^^^
  File "/home/tars/Projects/fpl-oracle/data_v3.py", line 38, in get_next_gameweek
    raise ValueError("No upcoming gameweek found")
ValueError: No upcoming gameweek found
Traceback (most recent call last):
  File "/home/tars/Projects/fpl-oracle/data_v3.py", line 42, in <module>
    curr_gameweek = get_next_gameweek()-1 # returns the actual current gameweek. If it is about to be 25, returns 25
                    ^^^^^^^^^^^^^^^^^^^
  File "/home/tars/Projects/fpl-oracle/data_v3.py", line 38, in get_next_gameweek
    raise ValueError("No upcoming gameweek found")
ValueError: No upcoming gameweek found
Traceback (most recent call last):
  File "/home/tars/Projects/fpl-oracle/data_v3.py", line 42, in <module>
    curr_gameweek = get_next_gameweek()-1 # returns the actual current gameweek. If it is about to be 25, returns 25
                    ^^^^^^^^^^^^^^^^^^^
  File "/home/tars/Projects/fpl-oracle/data_v3.py", line 38, in get_next_gameweek
    raise ValueError("No upcoming gameweek found")
ValueError: No upcoming gameweek found
Traceback (most recent call last):
  File "/home/tars/Projects/fpl-oracle/data_v3.py", line 42, in <module>
    curr_gameweek = get_next_gameweek()-1 # returns the actual current gameweek. If it is about to be 25, returns 25
                    ^^^^^^^^^^^^^^^^^^^
  File "/home/tars/Projects/fpl-oracle/data_v3.py", line 38, in get_next_gameweek
    raise ValueError("No upcoming gameweek found")
ValueError: No upcoming gameweek found
Traceback (most recent call last):
  File "/home/tars/Projects/fpl-oracle/data_v3.py", line 42, in <module>
    curr_gameweek = get_next_gameweek()-1 # returns the actual current gameweek. If it is about to be 25, returns 25
                    ^^^^^^^^^^^^^^^^^^^
  File "/home/tars/Projects/fpl-oracle/data_v3.py", line 38, in get_next_gameweek
    raise ValueError("No upcoming gameweek found")
ValueError: No upcoming gameweek found
Traceback (most recent call last):
  File "/home/tars/Projects/fpl-oracle/data_v3.py", line 42, in <module>
    curr_gameweek = get_next_gameweek()-1 # returns the actual current gameweek. If it is about to be 25, returns 25
                    ^^^^^^^^^^^^^^^^^^^
  File "/home/tars/Projects/fpl-oracle/data_v3.py", line 38, in get_next_gameweek
    raise ValueError("No upcoming gameweek found")
ValueError: No upcoming gameweek found
Traceback (most recent call last):
  File "/home/tars/Projects/fpl-oracle/data_v3.py", line 42, in <module>
    curr_gameweek = get_next_gameweek()-1 # returns the actual current gameweek. If it is about to be 25, returns 25
                    ^^^^^^^^^^^^^^^^^^^
  File "/home/tars/Projects/fpl-oracle/data_v3.py", line 38, in get_next_gameweek
    raise ValueError("No upcoming gameweek found")
ValueError: No upcoming gameweek found
Traceback (most recent call last):
  File "/home/tars/Projects/fpl-oracle/data_v3.py", line 42, in <module>
    curr_gameweek = get_next_gameweek()-1 # returns the actual current gameweek. If it is about to be 25, returns 25
                    ^^^^^^^^^^^^^^^^^^^
  File "/home/tars/Projects/fpl-oracle/data_v3.py", line 38, in get_next_gameweek
    raise ValueError("No upcoming gameweek found")
ValueError: No upcoming gameweek found
Traceback (most recent call last):
  File "/home/tars/Projects/fpl-oracle/data_v3.py", line 42, in <module>
    curr_gameweek = get_next_gameweek()-1 # returns the actual current gameweek. If it is about to be 25, returns 25
                    ^^^^^^^^^^^^^^^^^^^
  File "/home/tars/Projects/fpl-oracle/data_v3.py", line 38, in get_next_gameweek
    raise ValueError("No upcoming gameweek found")
ValueError: No upcoming gameweek found
Traceback (most recent call last):
  File "/home/tars/Projects/fpl-oracle/data_v3.py", line 42, in <module>
    curr_gameweek = get_next_gameweek()-1 # returns the actual current gameweek. If it is about to be 25, returns 25
                    ^^^^^^^^^^^^^^^^^^^
  File "/home/tars/Projects/fpl-oracle/data_v3.py", line 38, in get_next_gameweek
    raise ValueError("No upcoming gameweek found")
ValueError: No upcoming gameweek found
Traceback (most recent call last):
  File "/home/tars/Projects/fpl-oracle/data_v3.py", line 42, in <module>
    curr_gameweek = get_next_gameweek()-1 # returns the actual current gameweek. If it is about to be 25, returns 25
                    ^^^^^^^^^^^^^^^^^^^
  File "/home/tars/Projects/fpl-oracle/data_v3.py", line 38, in get_next_gameweek
    raise ValueError("No upcoming gameweek found")
ValueError: No upcoming gameweek found
Traceback (most recent call last):
  File "/home/tars/Projects/fpl-oracle/data_v3.py", line 42, in <module>
    curr_gameweek = get_next_gameweek()-1 # returns the actual current gameweek. If it is about to be 25, returns 25
                    ^^^^^^^^^^^^^^^^^^^
  File "/home/tars/Projects/fpl-oracle/data_v3.py", line 38, in get_next_gameweek
    raise ValueError("No upcoming gameweek found")
ValueError: No upcoming gameweek found
Traceback (most recent call last):
  File "/home/tars/Projects/fpl-oracle/data_v3.py", line 42, in <module>
    curr_gameweek = get_next_gameweek()-1 # returns the actual current gameweek. If it is about to be 25, returns 25
                    ^^^^^^^^^^^^^^^^^^^
  File "/home/tars/Projects/fpl-oracle/data_v3.py", line 38, in get_next_gameweek
    raise ValueError("No upcoming gameweek found")
ValueError: No upcoming gameweek found
Traceback (most recent call last):
  File "/home/tars/Projects/fpl-oracle/data_v3.py", line 42, in <module>
    curr_gameweek = get_next_gameweek()-1 # returns the actual current gameweek. If it is about to be 25, returns 25
                    ^^^^^^^^^^^^^^^^^^^
  File "/home/tars/Projects/fpl-oracle/data_v3.py", line 38, in get_next_gameweek
    raise ValueError("No upcoming gameweek found")
ValueError: No upcoming gameweek found
Traceback (most recent call last):
  File "/home/tars/Projects/fpl-oracle/data_v3.py", line 42, in <module>
    curr_gameweek = get_next_gameweek()-1 # returns the actual current gameweek. If it is about to be 25, returns 25
                    ^^^^^^^^^^^^^^^^^^^
  File "/home/tars/Projects/fpl-oracle/data_v3.py", line 38, in get_next_gameweek
    raise ValueError("No upcoming gameweek found")
ValueError: No upcoming gameweek found
Traceback (most recent call last):
  File "/home/tars/Projects/fpl-oracle/data_v3.py", line 42, in <module>
    curr_gameweek = get_next_gameweek()-1 # returns the actual current gameweek. If it is about to be 25, returns 25
                    ^^^^^^^^^^^^^^^^^^^
  File "/home/tars/Projects/fpl-oracle/data_v3.py", line 38, in get_next_gameweek
    raise ValueError("No upcoming gameweek found")
ValueError: No upcoming gameweek found
Traceback (most recent call last):
  File "/home/tars/Projects/fpl-oracle/data_v3.py", line 42, in <module>
    curr_gameweek = get_next_gameweek()-1 # returns the actual current gameweek. If it is about to be 25, returns 25
                    ^^^^^^^^^^^^^^^^^^^
  File "/home/tars/Projects/fpl-oracle/data_v3.py", line 38, in get_next_gameweek
    raise ValueError("No upcoming gameweek found")
ValueError: No upcoming gameweek found
Traceback (most recent call last):
  File "/home/tars/Projects/fpl-oracle/data_v3.py", line 42, in <module>
    curr_gameweek = get_next_gameweek()-1 # returns the actual current gameweek. If it is about to be 25, returns 25
                    ^^^^^^^^^^^^^^^^^^^
  File "/home/tars/Projects/fpl-oracle/data_v3.py", line 38, in get_next_gameweek
    raise ValueError("No upcoming gameweek found")
ValueError: No upcoming gameweek found
Traceback (most recent call last):
  File "/home/tars/Projects/fpl-oracle/data_v3.py", line 42, in <module>
    curr_gameweek = get_next_gameweek()-1 # returns the actual current gameweek. If it is about to be 25, returns 25
                    ^^^^^^^^^^^^^^^^^^^
  File "/home/tars/Projects/fpl-oracle/data_v3.py", line 38, in get_next_gameweek
    raise ValueError("No upcoming gameweek found")
ValueError: No upcoming gameweek found
Traceback (most recent call last):
  File "/home/tars/Projects/fpl-oracle/data_v3.py", line 42, in <module>
    curr_gameweek = get_next_gameweek()-1 # returns the actual current gameweek. If it is about to be 25, returns 25
                    ^^^^^^^^^^^^^^^^^^^
  File "/home/tars/Projects/fpl-oracle/data_v3.py", line 38, in get_next_gameweek
    raise ValueError("No upcoming gameweek found")
ValueError: No upcoming gameweek found
Traceback (most recent call last):
  File "/home/tars/Projects/fpl-oracle/data_v3.py", line 42, in <module>
    curr_gameweek = get_next_gameweek()-1 # returns the actual current gameweek. If it is about to be 25, returns 25
                    ^^^^^^^^^^^^^^^^^^^
  File "/home/tars/Projects/fpl-oracle/data_v3.py", line 38, in get_next_gameweek
    raise ValueError("No upcoming gameweek found")
ValueError: No upcoming gameweek found
Traceback (most recent call last):
  File "/home/tars/Projects/fpl-oracle/data_v3.py", line 42, in <module>
    curr_gameweek = get_next_gameweek()-1 # returns the actual current gameweek. If it is about to be 25, returns 25
                    ^^^^^^^^^^^^^^^^^^^
  File "/home/tars/Projects/fpl-oracle/data_v3.py", line 38, in get_next_gameweek
    raise ValueError("No upcoming gameweek found")
ValueError: No upcoming gameweek found
Traceback (most recent call last):
  File "/home/tars/Projects/fpl-oracle/data_v3.py", line 42, in <module>
    curr_gameweek = get_next_gameweek()-1 # returns the actual current gameweek. If it is about to be 25, returns 25
                    ^^^^^^^^^^^^^^^^^^^
  File "/home/tars/Projects/fpl-oracle/data_v3.py", line 38, in get_next_gameweek
    raise ValueError("No upcoming gameweek found")
ValueError: No upcoming gameweek found
Traceback (most recent call last):
  File "/home/tars/Projects/fpl-oracle/data_v3.py", line 42, in <module>
    curr_gameweek = get_next_gameweek()-1 # returns the actual current gameweek. If it is about to be 25, returns 25
                    ^^^^^^^^^^^^^^^^^^^
  File "/home/tars/Projects/fpl-oracle/data_v3.py", line 38, in get_next_gameweek
    raise ValueError("No upcoming gameweek found")
ValueError: No upcoming gameweek found
Traceback (most recent call last):
  File "/home/tars/Projects/fpl-oracle/data_v3.py", line 42, in <module>
    curr_gameweek = get_next_gameweek()-1 # returns the actual current gameweek. If it is about to be 25, returns 25
                    ^^^^^^^^^^^^^^^^^^^
  File "/home/tars/Projects/fpl-oracle/data_v3.py", line 38, in get_next_gameweek
    raise ValueError("No upcoming gameweek found")
ValueError: No upcoming gameweek found
Traceback (most recent call last):
  File "/home/tars/Projects/fpl-oracle/data_v3.py", line 42, in <module>
    curr_gameweek = get_next_gameweek()-1 # returns the actual current gameweek. If it is about to be 25, returns 25
                    ^^^^^^^^^^^^^^^^^^^
  File "/home/tars/Projects/fpl-oracle/data_v3.py", line 38, in get_next_gameweek
    raise ValueError("No upcoming gameweek found")
ValueError: No upcoming gameweek found
Traceback (most recent call last):
  File "/home/tars/Projects/fpl-oracle/data_v3.py", line 42, in <module>
    curr_gameweek = get_next_gameweek()-1 # returns the actual current gameweek. If it is about to be 25, returns 25
                    ^^^^^^^^^^^^^^^^^^^
  File "/home/tars/Projects/fpl-oracle/data_v3.py", line 38, in get_next_gameweek
    raise ValueError("No upcoming gameweek found")
ValueError: No upcoming gameweek found
Traceback (most recent call last):
  File "/home/tars/Projects/fpl-oracle/data_v3.py", line 42, in <module>
    curr_gameweek = get_next_gameweek()-1 # returns the actual current gameweek. If it is about to be 25, returns 25
                    ^^^^^^^^^^^^^^^^^^^
  File "/home/tars/Projects/fpl-oracle/data_v3.py", line 38, in get_next_gameweek
    raise ValueError("No upcoming gameweek found")
ValueError: No upcoming gameweek found
Traceback (most recent call last):
  File "/home/tars/Projects/fpl-oracle/data_v3.py", line 42, in <module>
    curr_gameweek = get_next_gameweek()-1 # returns the actual current gameweek. If it is about to be 25, returns 25
                    ^^^^^^^^^^^^^^^^^^^
  File "/home/tars/Projects/fpl-oracle/data_v3.py", line 38, in get_next_gameweek
    raise ValueError("No upcoming gameweek found")
ValueError: No upcoming gameweek found
Traceback (most recent call last):
  File "/home/tars/Projects/fpl-oracle/data_v3.py", line 42, in <module>
    curr_gameweek = get_next_gameweek()-1 # returns the actual current gameweek. If it is about to be 25, returns 25
                    ^^^^^^^^^^^^^^^^^^^
  File "/home/tars/Projects/fpl-oracle/data_v3.py", line 38, in get_next_gameweek
    raise ValueError("No upcoming gameweek found")
ValueError: No upcoming gameweek found
Traceback (most recent call last):
  File "/home/tars/Projects/fpl-oracle/data_v3.py", line 42, in <module>
    curr_gameweek = get_next_gameweek()-1 # returns the actual current gameweek. If it is about to be 25, returns 25
                    ^^^^^^^^^^^^^^^^^^^
  File "/home/tars/Projects/fpl-oracle/data_v3.py", line 38, in get_next_gameweek
    raise ValueError("No upcoming gameweek found")
ValueError: No upcoming gameweek found
Traceback (most recent call last):
  File "/home/tars/Projects/fpl-oracle/data_v3.py", line 42, in <module>
    curr_gameweek = get_next_gameweek()-1 # returns the actual current gameweek. If it is about to be 25, returns 25
                    ^^^^^^^^^^^^^^^^^^^
  File "/home/tars/Projects/fpl-oracle/data_v3.py", line 38, in get_next_gameweek
    raise ValueError("No upcoming gameweek found")
ValueError: No upcoming gameweek found
Traceback (most recent call last):
  File "/home/tars/Projects/fpl-oracle/data_v3.py", line 42, in <module>
    curr_gameweek = get_next_gameweek()-1 # returns the actual current gameweek. If it is about to be 25, returns 25
                    ^^^^^^^^^^^^^^^^^^^
  File "/home/tars/Projects/fpl-oracle/data_v3.py", line 38, in get_next_gameweek
    raise ValueError("No upcoming gameweek found")
ValueError: No upcoming gameweek found
Traceback (most recent call last):
  File "/home/tars/Projects/fpl-oracle/data_v3.py", line 42, in <module>
    curr_gameweek = get_next_gameweek()-1 # returns the actual current gameweek. If it is about to be 25, returns 25
                    ^^^^^^^^^^^^^^^^^^^
  File "/home/tars/Projects/fpl-oracle/data_v3.py", line 38, in get_next_gameweek
    raise ValueError("No upcoming gameweek found")
ValueError: No upcoming gameweek found
Traceback (most recent call last):
  File "/home/tars/Projects/fpl-oracle/data_v3.py", line 42, in <module>
    curr_gameweek = get_next_gameweek()-1 # returns the actual current gameweek. If it is about to be 25, returns 25
                    ^^^^^^^^^^^^^^^^^^^
  File "/home/tars/Projects/fpl-oracle/data_v3.py", line 38, in get_next_gameweek
    raise ValueError("No upcoming gameweek found")
ValueError: No upcoming gameweek found
Traceback (most recent call last):
  File "/home/tars/Projects/fpl-oracle/data_v3.py", line 42, in <module>
    curr_gameweek = get_next_gameweek()-1 # returns the actual current gameweek. If it is about to be 25, returns 25
                    ^^^^^^^^^^^^^^^^^^^
  File "/home/tars/Projects/fpl-oracle/data_v3.py", line 38, in get_next_gameweek
    raise ValueError("No upcoming gameweek found")
ValueError: No upcoming gameweek found
Traceback (most recent call last):
  File "/home/tars/Projects/fpl-oracle/data_v3.py", line 42, in <module>
    curr_gameweek = get_next_gameweek()-1 # returns the actual current gameweek. If it is about to be 25, returns 25
                    ^^^^^^^^^^^^^^^^^^^
  File "/home/tars/Projects/fpl-oracle/data_v3.py", line 38, in get_next_gameweek
    raise ValueError("No upcoming gameweek found")
ValueError: No upcoming gameweek found
Traceback (most recent call last):
  File "/home/tars/Projects/fpl-oracle/data_v3.py", line 42, in <module>
    curr_gameweek = get_next_gameweek()-1 # returns the actual current gameweek. If it is about to be 25, returns 25
                    ^^^^^^^^^^^^^^^^^^^
  File "/home/tars/Projects/fpl-oracle/data_v3.py", line 38, in get_next_gameweek
    raise ValueError("No upcoming gameweek found")
ValueError: No upcoming gameweek found
Traceback (most recent call last):
  File "/home/tars/Projects/fpl-oracle/data_v3.py", line 42, in <module>
    curr_gameweek = get_next_gameweek()-1 # returns the actual current gameweek. If it is about to be 25, returns 25
                    ^^^^^^^^^^^^^^^^^^^
  File "/home/tars/Projects/fpl-oracle/data_v3.py", line 38, in get_next_gameweek
    raise ValueError("No upcoming gameweek found")
ValueError: No upcoming gameweek found
Traceback (most recent call last):
  File "/home/tars/Projects/fpl-oracle/data_v3.py", line 42, in <module>
    curr_gameweek = get_next_gameweek()-1 # returns the actual current gameweek. If it is about to be 25, returns 25
                    ^^^^^^^^^^^^^^^^^^^
  File "/home/tars/Projects/fpl-oracle/data_v3.py", line 38, in get_next_gameweek
    raise ValueError("No upcoming gameweek found")
ValueError: No upcoming gameweek found
Traceback (most recent call last):
  File "/home/tars/Projects/fpl-oracle/data_v3.py", line 42, in <module>
    curr_gameweek = get_next_gameweek()-1 # returns the actual current gameweek. If it is about to be 25, returns 25
                    ^^^^^^^^^^^^^^^^^^^
  File "/home/tars/Projects/fpl-oracle/data_v3.py", line 38, in get_next_gameweek
    raise ValueError("No upcoming gameweek found")
ValueError: No upcoming gameweek found
Traceback (most recent call last):
  File "/home/tars/Projects/fpl-oracle/data_v3.py", line 42, in <module>
    curr_gameweek = get_next_gameweek()-1 # returns the actual current gameweek. If it is about to be 25, returns 25
                    ^^^^^^^^^^^^^^^^^^^
  File "/home/tars/Projects/fpl-oracle/data_v3.py", line 38, in get_next_gameweek
    raise ValueError("No upcoming gameweek found")
ValueError: No upcoming gameweek found
Traceback (most recent call last):
  File "/home/tars/Projects/fpl-oracle/data_v3.py", line 42, in <module>
    curr_gameweek = get_next_gameweek()-1 # returns the actual current gameweek. If it is about to be 25, returns 25
                    ^^^^^^^^^^^^^^^^^^^
  File "/home/tars/Projects/fpl-oracle/data_v3.py", line 38, in get_next_gameweek
    raise ValueError("No upcoming gameweek found")
ValueError: No upcoming gameweek found
Traceback (most recent call last):
  File "/home/tars/Projects/fpl-oracle/data_v3.py", line 42, in <module>
    curr_gameweek = get_next_gameweek()-1 # returns the actual current gameweek. If it is about to be 25, returns 25
                    ^^^^^^^^^^^^^^^^^^^
  File "/home/tars/Projects/fpl-oracle/data_v3.py", line 38, in get_next_gameweek
    raise ValueError("No upcoming gameweek found")
ValueError: No upcoming gameweek found
Traceback (most recent call last):
  File "/home/tars/Projects/fpl-oracle/data_v3.py", line 42, in <module>
    curr_gameweek = get_next_gameweek()-1 # returns the actual current gameweek. If it is about to be 25, returns 25
                    ^^^^^^^^^^^^^^^^^^^
  File "/home/tars/Projects/fpl-oracle/data_v3.py", line 38, in get_next_gameweek
    raise ValueError("No upcoming gameweek found")
ValueError: No upcoming gameweek found
Traceback (most recent call last):
  File "/home/tars/Projects/fpl-oracle/data_v3.py", line 42, in <module>
    curr_gameweek = get_next_gameweek()-1 # returns the actual current gameweek. If it is about to be 25, returns 25
                    ^^^^^^^^^^^^^^^^^^^
  File "/home/tars/Projects/fpl-oracle/data_v3.py", line 38, in get_next_gameweek
    raise ValueError("No upcoming gameweek found")
ValueError: No upcoming gameweek found
Traceback (most recent call last):
  File "/home/tars/Projects/fpl-oracle/data_v3.py", line 42, in <module>
    curr_gameweek = get_next_gameweek()-1 # returns the actual current gameweek. If it is about to be 25, returns 25
                    ^^^^^^^^^^^^^^^^^^^
  File "/home/tars/Projects/fpl-oracle/data_v3.py", line 38, in get_next_gameweek
    raise ValueError("No upcoming gameweek found")
ValueError: No upcoming gameweek found
Traceback (most recent call last):
  File "/home/tars/Projects/fpl-oracle/data_v3.py", line 42, in <module>
    curr_gameweek = get_next_gameweek()-1 # returns the actual current gameweek. If it is about to be 25, returns 25
                    ^^^^^^^^^^^^^^^^^^^
  File "/home/tars/Projects/fpl-oracle/data_v3.py", line 38, in get_next_gameweek
    raise ValueError("No upcoming gameweek found")
ValueError: No upcoming gameweek found
Traceback (most recent call last):
  File "/home/tars/Projects/fpl-oracle/data_v3.py", line 42, in <module>
    curr_gameweek = get_next_gameweek()-1 # returns the actual current gameweek. If it is about to be 25, returns 25
                    ^^^^^^^^^^^^^^^^^^^
  File "/home/tars/Projects/fpl-oracle/data_v3.py", line 38, in get_next_gameweek
    raise ValueError("No upcoming gameweek found")
ValueError: No upcoming gameweek found
Traceback (most recent call last):
  File "/home/tars/Projects/fpl-oracle/data_v3.py", line 42, in <module>
    curr_gameweek = get_next_gameweek()-1 # returns the actual current gameweek. If it is about to be 25, returns 25
                    ^^^^^^^^^^^^^^^^^^^
  File "/home/tars/Projects/fpl-oracle/data_v3.py", line 38, in get_next_gameweek
    raise ValueError("No upcoming gameweek found")
ValueError: No upcoming gameweek found
Traceback (most recent call last):
  File "/home/tars/Projects/fpl-oracle/data_v3.py", line 42, in <module>
    curr_gameweek = get_next_gameweek()-1 # returns the actual current gameweek. If it is about to be 25, returns 25
                    ^^^^^^^^^^^^^^^^^^^
  File "/home/tars/Projects/fpl-oracle/data_v3.py", line 38, in get_next_gameweek
    raise ValueError("No upcoming gameweek found")
ValueError: No upcoming gameweek found
Traceback (most recent call last):
  File "/home/tars/Projects/fpl-oracle/data_v3.py", line 42, in <module>
    curr_gameweek = get_next_gameweek()-1 # returns the actual current gameweek. If it is about to be 25, returns 25
                    ^^^^^^^^^^^^^^^^^^^
  File "/home/tars/Projects/fpl-oracle/data_v3.py", line 38, in get_next_gameweek
    raise ValueError("No upcoming gameweek found")
ValueError: No upcoming gameweek found
Traceback (most recent call last):
  File "/home/tars/Projects/fpl-oracle/data_v3.py", line 42, in <module>
    curr_gameweek = get_next_gameweek()-1 # returns the actual current gameweek. If it is about to be 25, returns 25
                    ^^^^^^^^^^^^^^^^^^^
  File "/home/tars/Projects/fpl-oracle/data_v3.py", line 38, in get_next_gameweek
    raise ValueError("No upcoming gameweek found")
ValueError: No upcoming gameweek found
Traceback (most recent call last):
  File "/home/tars/Projects/fpl-oracle/data_v3.py", line 42, in <module>
    curr_gameweek = get_next_gameweek()-1 # returns the actual current gameweek. If it is about to be 25, returns 25
                    ^^^^^^^^^^^^^^^^^^^
  File "/home/tars/Projects/fpl-oracle/data_v3.py", line 38, in get_next_gameweek
    raise ValueError("No upcoming gameweek found")
ValueError: No upcoming gameweek found
Traceback (most recent call last):
  File "/home/tars/Projects/fpl-oracle/data_v3.py", line 42, in <module>
    curr_gameweek = get_next_gameweek()-1 # returns the actual current gameweek. If it is about to be 25, returns 25
                    ^^^^^^^^^^^^^^^^^^^
  File "/home/tars/Projects/fpl-oracle/data_v3.py", line 38, in get_next_gameweek
    raise ValueError("No upcoming gameweek found")
ValueError: No upcoming gameweek found
Traceback (most recent call last):
  File "/home/tars/Projects/fpl-oracle/data_v3.py", line 42, in <module>
    curr_gameweek = get_next_gameweek()-1 # returns the actual current gameweek. If it is about to be 25, returns 25
                    ^^^^^^^^^^^^^^^^^^^
  File "/home/tars/Projects/fpl-oracle/data_v3.py", line 38, in get_next_gameweek
    raise ValueError("No upcoming gameweek found")
ValueError: No upcoming gameweek found
Traceback (most recent call last):
  File "/home/tars/Projects/fpl-oracle/data_v3.py", line 42, in <module>
    curr_gameweek = get_next_gameweek()-1 # returns the actual current gameweek. If it is about to be 25, returns 25
                    ^^^^^^^^^^^^^^^^^^^
  File "/home/tars/Projects/fpl-oracle/data_v3.py", line 38, in get_next_gameweek
    raise ValueError("No upcoming gameweek found")
ValueError: No upcoming gameweek found
Traceback (most recent call last):
  File "/home/tars/Projects/fpl-oracle/data_v3.py", line 42, in <module>
    curr_gameweek = get_next_gameweek()-1 # returns the actual current gameweek. If it is about to be 25, returns 25
                    ^^^^^^^^^^^^^^^^^^^
  File "/home/tars/Projects/fpl-oracle/data_v3.py", line 38, in get_next_gameweek
    raise ValueError("No upcoming gameweek found")
ValueError: No upcoming gameweek found
Traceback (most recent call last):
  File "/home/tars/Projects/fpl-oracle/data_v3.py", line 42, in <module>
    curr_gameweek = get_next_gameweek()-1 # returns the actual current gameweek. If it is about to be 25, returns 25
                    ^^^^^^^^^^^^^^^^^^^
  File "/home/tars/Projects/fpl-oracle/data_v3.py", line 38, in get_next_gameweek
    raise ValueError("No upcoming gameweek found")
ValueError: No upcoming gameweek found
Traceback (most recent call last):
  File "/home/tars/Projects/fpl-oracle/data_v3.py", line 42, in <module>
    curr_gameweek = get_next_gameweek()-1 # returns the actual current gameweek. If it is about to be 25, returns 25
                    ^^^^^^^^^^^^^^^^^^^
  File "/home/tars/Projects/fpl-oracle/data_v3.py", line 38, in get_next_gameweek
    raise ValueError("No upcoming gameweek found")
ValueError: No upcoming gameweek found
Traceback (most recent call last):
  File "/home/tars/Projects/fpl-oracle/data_v3.py", line 42, in <module>
    curr_gameweek = get_next_gameweek()-1 # returns the actual current gameweek. If it is about to be 25, returns 25
                    ^^^^^^^^^^^^^^^^^^^
  File "/home/tars/Projects/fpl-oracle/data_v3.py", line 38, in get_next_gameweek
    raise ValueError("No upcoming gameweek found")
ValueError: No upcoming gameweek found
Traceback (most recent call last):
  File "/home/tars/Projects/fpl-oracle/data_v3.py", line 42, in <module>
    curr_gameweek = get_next_gameweek()-1 # returns the actual current gameweek. If it is about to be 25, returns 25
                    ^^^^^^^^^^^^^^^^^^^
  File "/home/tars/Projects/fpl-oracle/data_v3.py", line 38, in get_next_gameweek
    raise ValueError("No upcoming gameweek found")
ValueError: No upcoming gameweek found
Traceback (most recent call last):
  File "/home/tars/Projects/fpl-oracle/data_v3.py", line 42, in <module>
    curr_gameweek = get_next_gameweek()-1 # returns the actual current gameweek. If it is about to be 25, returns 25
                    ^^^^^^^^^^^^^^^^^^^
  File "/home/tars/Projects/fpl-oracle/data_v3.py", line 38, in get_next_gameweek
    raise ValueError("No upcoming gameweek found")
ValueError: No upcoming gameweek found
Traceback (most recent call last):
  File "/home/tars/Projects/fpl-oracle/data_v3.py", line 42, in <module>
    curr_gameweek = get_next_gameweek()-1 # returns the actual current gameweek. If it is about to be 25, returns 25
                    ^^^^^^^^^^^^^^^^^^^
  File "/home/tars/Projects/fpl-oracle/data_v3.py", line 38, in get_next_gameweek
    raise ValueError("No upcoming gameweek found")
ValueError: No upcoming gameweek found
Traceback (most recent call last):
  File "/home/tars/Projects/fpl-oracle/data_v3.py", line 42, in <module>
    curr_gameweek = get_next_gameweek()-1 # returns the actual current gameweek. If it is about to be 25, returns 25
                    ^^^^^^^^^^^^^^^^^^^
  File "/home/tars/Projects/fpl-oracle/data_v3.py", line 38, in get_next_gameweek
    raise ValueError("No upcoming gameweek found")
ValueError: No upcoming gameweek found
Traceback (most recent call last):
  File "/home/tars/Projects/fpl-oracle/data_v3.py", line 42, in <module>
    curr_gameweek = get_next_gameweek()-1 # returns the actual current gameweek. If it is about to be 25, returns 25
                    ^^^^^^^^^^^^^^^^^^^
  File "/home/tars/Projects/fpl-oracle/data_v3.py", line 38, in get_next_gameweek
    raise ValueError("No upcoming gameweek found")
ValueError: No upcoming gameweek found
Traceback (most recent call last):
  File "/home/tars/Projects/fpl-oracle/data_v3.py", line 42, in <module>
    curr_gameweek = get_next_gameweek()-1 # returns the actual current gameweek. If it is about to be 25, returns 25
                    ^^^^^^^^^^^^^^^^^^^
  File "/home/tars/Projects/fpl-oracle/data_v3.py", line 38, in get_next_gameweek
    raise ValueError("No upcoming gameweek found")
ValueError: No upcoming gameweek found
Traceback (most recent call last):
  File "/home/tars/Projects/fpl-oracle/data_v3.py", line 42, in <module>
    curr_gameweek = get_next_gameweek()-1 # returns the actual current gameweek. If it is about to be 25, returns 25
                    ^^^^^^^^^^^^^^^^^^^
  File "/home/tars/Projects/fpl-oracle/data_v3.py", line 38, in get_next_gameweek
    raise ValueError("No upcoming gameweek found")
ValueError: No upcoming gameweek found
Traceback (most recent call last):
  File "/home/tars/Projects/fpl-oracle/data_v3.py", line 42, in <module>
    curr_gameweek = get_next_gameweek()-1 # returns the actual current gameweek. If it is about to be 25, returns 25
                    ^^^^^^^^^^^^^^^^^^^
  File "/home/tars/Projects/fpl-oracle/data_v3.py", line 38, in get_next_gameweek
    raise ValueError("No upcoming gameweek found")
ValueError: No upcoming gameweek found
Traceback (most recent call last):
  File "/home/tars/Projects/fpl-oracle/data_v3.py", line 42, in <module>
    curr_gameweek = get_next_gameweek()-1 # returns the actual current gameweek. If it is about to be 25, returns 25
                    ^^^^^^^^^^^^^^^^^^^
  File "/home/tars/Projects/fpl-oracle/data_v3.py", line 38, in get_next_gameweek
    raise ValueError("No upcoming gameweek found")
ValueError: No upcoming gameweek found
Traceback (most recent call last):
  File "/home/tars/Projects/fpl-oracle/data_v3.py", line 42, in <module>
    curr_gameweek = get_next_gameweek()-1 # returns the actual current gameweek. If it is about to be 25, returns 25
                    ^^^^^^^^^^^^^^^^^^^
  File "/home/tars/Projects/fpl-oracle/data_v3.py", line 38, in get_next_gameweek
    raise ValueError("No upcoming gameweek found")
ValueError: No upcoming gameweek found
Traceback (most recent call last):
  File "/home/tars/Projects/fpl-oracle/data_v3.py", line 42, in <module>
    curr_gameweek = get_next_gameweek()-1 # returns the actual current gameweek. If it is about to be 25, returns 25
                    ^^^^^^^^^^^^^^^^^^^
  File "/home/tars/Projects/fpl-oracle/data_v3.py", line 38, in get_next_gameweek
    raise ValueError("No upcoming gameweek found")
ValueError: No upcoming gameweek found
Traceback (most recent call last):
  File "/home/tars/Projects/fpl-oracle/data_v3.py", line 42, in <module>
    curr_gameweek = get_next_gameweek()-1 # returns the actual current gameweek. If it is about to be 25, returns 25
                    ^^^^^^^^^^^^^^^^^^^
  File "/home/tars/Projects/fpl-oracle/data_v3.py", line 38, in get_next_gameweek
    raise ValueError("No upcoming gameweek found")
ValueError: No upcoming gameweek found
Traceback (most recent call last):
  File "/home/tars/Projects/fpl-oracle/data_v3.py", line 42, in <module>
    curr_gameweek = get_next_gameweek()-1 # returns the actual current gameweek. If it is about to be 25, returns 25
                    ^^^^^^^^^^^^^^^^^^^
  File "/home/tars/Projects/fpl-oracle/data_v3.py", line 38, in get_next_gameweek
    raise ValueError("No upcoming gameweek found")
ValueError: No upcoming gameweek found
Traceback (most recent call last):
  File "/home/tars/Projects/fpl-oracle/data_v3.py", line 42, in <module>
    curr_gameweek = get_next_gameweek()-1 # returns the actual current gameweek. If it is about to be 25, returns 25
                    ^^^^^^^^^^^^^^^^^^^
  File "/home/tars/Projects/fpl-oracle/data_v3.py", line 38, in get_next_gameweek
    raise ValueError("No upcoming gameweek found")
ValueError: No upcoming gameweek found
Traceback (most recent call last):
  File "/home/tars/Projects/fpl-oracle/data_v3.py", line 42, in <module>
    curr_gameweek = get_next_gameweek()-1 # returns the actual current gameweek. If it is about to be 25, returns 25
                    ^^^^^^^^^^^^^^^^^^^
  File "/home/tars/Projects/fpl-oracle/data_v3.py", line 38, in get_next_gameweek
    raise ValueError("No upcoming gameweek found")
ValueError: No upcoming gameweek found
Traceback (most recent call last):
  File "/home/tars/Projects/fpl-oracle/data_v3.py", line 42, in <module>
    curr_gameweek = get_next_gameweek()-1 # returns the actual current gameweek. If it is about to be 25, returns 25
                    ^^^^^^^^^^^^^^^^^^^
  File "/home/tars/Projects/fpl-oracle/data_v3.py", line 38, in get_next_gameweek
    raise ValueError("No upcoming gameweek found")
ValueError: No upcoming gameweek found
Traceback (most recent call last):
  File "/home/tars/Projects/fpl-oracle/data_v3.py", line 42, in <module>
    curr_gameweek = get_next_gameweek()-1 # returns the actual current gameweek. If it is about to be 25, returns 25
                    ^^^^^^^^^^^^^^^^^^^
  File "/home/tars/Projects/fpl-oracle/data_v3.py", line 38, in get_next_gameweek
    raise ValueError("No upcoming gameweek found")
ValueError: No upcoming gameweek found
Traceback (most recent call last):
  File "/home/tars/Projects/fpl-oracle/data_v3.py", line 42, in <module>
    curr_gameweek = get_next_gameweek()-1 # returns the actual current gameweek. If it is about to be 25, returns 25
                    ^^^^^^^^^^^^^^^^^^^
  File "/home/tars/Projects/fpl-oracle/data_v3.py", line 38, in get_next_gameweek
    raise ValueError("No upcoming gameweek found")
ValueError: No upcoming gameweek found
Traceback (most recent call last):
  File "/home/tars/Projects/fpl-oracle/data_v3.py", line 42, in <module>
    curr_gameweek = get_next_gameweek()-1 # returns the actual current gameweek. If it is about to be 25, returns 25
                    ^^^^^^^^^^^^^^^^^^^
  File "/home/tars/Projects/fpl-oracle/data_v3.py", line 38, in get_next_gameweek
    raise ValueError("No upcoming gameweek found")
ValueError: No upcoming gameweek found
Traceback (most recent call last):
  File "/home/tars/Projects/fpl-oracle/data_v3.py", line 42, in <module>
    curr_gameweek = get_next_gameweek()-1 # returns the actual current gameweek. If it is about to be 25, returns 25
                    ^^^^^^^^^^^^^^^^^^^
  File "/home/tars/Projects/fpl-oracle/data_v3.py", line 38, in get_next_gameweek
    raise ValueError("No upcoming gameweek found")
ValueError: No upcoming gameweek found
Traceback (most recent call last):
  File "/home/tars/Projects/fpl-oracle/data_v3.py", line 42, in <module>
    curr_gameweek = get_next_gameweek()-1 # returns the actual current gameweek. If it is about to be 25, returns 25
                    ^^^^^^^^^^^^^^^^^^^
  File "/home/tars/Projects/fpl-oracle/data_v3.py", line 38, in get_next_gameweek
    raise ValueError("No upcoming gameweek found")
ValueError: No upcoming gameweek found
Traceback (most recent call last):
  File "/home/tars/Projects/fpl-oracle/data_v3.py", line 42, in <module>
    curr_gameweek = get_next_gameweek()-1 # returns the actual current gameweek. If it is about to be 25, returns 25
                    ^^^^^^^^^^^^^^^^^^^
  File "/home/tars/Projects/fpl-oracle/data_v3.py", line 38, in get_next_gameweek
    raise ValueError("No upcoming gameweek found")
ValueError: No upcoming gameweek found
Traceback (most recent call last):
  File "/home/tars/Projects/fpl-oracle/data_v3.py", line 42, in <module>
    curr_gameweek = get_next_gameweek()-1 # returns the actual current gameweek. If it is about to be 25, returns 25
                    ^^^^^^^^^^^^^^^^^^^
  File "/home/tars/Projects/fpl-oracle/data_v3.py", line 38, in get_next_gameweek
    raise ValueError("No upcoming gameweek found")
ValueError: No upcoming gameweek found
Traceback (most recent call last):
  File "/home/tars/Projects/fpl-oracle/data_v3.py", line 42, in <module>
    curr_gameweek = get_next_gameweek()-1 # returns the actual current gameweek. If it is about to be 25, returns 25
                    ^^^^^^^^^^^^^^^^^^^
  File "/home/tars/Projects/fpl-oracle/data_v3.py", line 38, in get_next_gameweek
    raise ValueError("No upcoming gameweek found")
ValueError: No upcoming gameweek found
Traceback (most recent call last):
  File "/home/tars/Projects/fpl-oracle/data_v3.py", line 42, in <module>
    curr_gameweek = get_next_gameweek()-1 # returns the actual current gameweek. If it is about to be 25, returns 25
                    ^^^^^^^^^^^^^^^^^^^
  File "/home/tars/Projects/fpl-oracle/data_v3.py", line 38, in get_next_gameweek
    raise ValueError("No upcoming gameweek found")
ValueError: No upcoming gameweek found
Traceback (most recent call last):
  File "/home/tars/Projects/fpl-oracle/data_v3.py", line 42, in <module>
    curr_gameweek = get_next_gameweek()-1 # returns the actual current gameweek. If it is about to be 25, returns 25
                    ^^^^^^^^^^^^^^^^^^^
  File "/home/tars/Projects/fpl-oracle/data_v3.py", line 38, in get_next_gameweek
    raise ValueError("No upcoming gameweek found")
ValueError: No upcoming gameweek found
Traceback (most recent call last):
  File "/home/tars/Projects/fpl-oracle/data_v3.py", line 42, in <module>
    curr_gameweek = get_next_gameweek()-1 # returns the actual current gameweek. If it is about to be 25, returns 25
                    ^^^^^^^^^^^^^^^^^^^
  File "/home/tars/Projects/fpl-oracle/data_v3.py", line 38, in get_next_gameweek
    raise ValueError("No upcoming gameweek found")
ValueError: No upcoming gameweek found
Traceback (most recent call last):
  File "/home/tars/Projects/fpl-oracle/data_v3.py", line 42, in <module>
    curr_gameweek = get_next_gameweek()-1 # returns the actual current gameweek. If it is about to be 25, returns 25
                    ^^^^^^^^^^^^^^^^^^^
  File "/home/tars/Projects/fpl-oracle/data_v3.py", line 38, in get_next_gameweek
    raise ValueError("No upcoming gameweek found")
ValueError: No upcoming gameweek found
Traceback (most recent call last):
  File "/home/tars/Projects/fpl-oracle/data_v3.py", line 42, in <module>
    curr_gameweek = get_next_gameweek()-1 # returns the actual current gameweek. If it is about to be 25, returns 25
                    ^^^^^^^^^^^^^^^^^^^
  File "/home/tars/Projects/fpl-oracle/data_v3.py", line 38, in get_next_gameweek
    raise ValueError("No upcoming gameweek found")
ValueError: No upcoming gameweek found
Traceback (most recent call last):
  File "/home/tars/Projects/fpl-oracle/data_v3.py", line 42, in <module>
    curr_gameweek = get_next_gameweek()-1 # returns the actual current gameweek. If it is about to be 25, returns 25
                    ^^^^^^^^^^^^^^^^^^^
  File "/home/tars/Projects/fpl-oracle/data_v3.py", line 38, in get_next_gameweek
    raise ValueError("No upcoming gameweek found")
ValueError: No upcoming gameweek found
Traceback (most recent call last):
  File "/home/tars/Projects/fpl-oracle/data_v3.py", line 42, in <module>
    curr_gameweek = get_next_gameweek()-1 # returns the actual current gameweek. If it is about to be 25, returns 25
                    ^^^^^^^^^^^^^^^^^^^
  File "/home/tars/Projects/fpl-oracle/data_v3.py", line 38, in get_next_gameweek
    raise ValueError("No upcoming gameweek found")
ValueError: No upcoming gameweek found
Traceback (most recent call last):
  File "/home/tars/Projects/fpl-oracle/data_v3.py", line 42, in <module>
    curr_gameweek = get_next_gameweek()-1 # returns the actual current gameweek. If it is about to be 25, returns 25
                    ^^^^^^^^^^^^^^^^^^^
  File "/home/tars/Projects/fpl-oracle/data_v3.py", line 38, in get_next_gameweek
    raise ValueError("No upcoming gameweek found")
ValueError: No upcoming gameweek found
Traceback (most recent call last):
  File "/home/tars/Projects/fpl-oracle/data_v3.py", line 42, in <module>
    curr_gameweek = get_next_gameweek()-1 # returns the actual current gameweek. If it is about to be 25, returns 25
                    ^^^^^^^^^^^^^^^^^^^
  File "/home/tars/Projects/fpl-oracle/data_v3.py", line 38, in get_next_gameweek
    raise ValueError("No upcoming gameweek found")
ValueError: No upcoming gameweek found
Traceback (most recent call last):
  File "/home/tars/Projects/fpl-oracle/data_v3.py", line 42, in <module>
    curr_gameweek = get_next_gameweek()-1 # returns the actual current gameweek. If it is about to be 25, returns 25
                    ^^^^^^^^^^^^^^^^^^^
  File "/home/tars/Projects/fpl-oracle/data_v3.py", line 38, in get_next_gameweek
    raise ValueError("No upcoming gameweek found")
ValueError: No upcoming gameweek found
Traceback (most recent call last):
  File "/home/tars/Projects/fpl-oracle/data_v3.py", line 42, in <module>
    curr_gameweek = get_next_gameweek()-1 # returns the actual current gameweek. If it is about to be 25, returns 25
                    ^^^^^^^^^^^^^^^^^^^
  File "/home/tars/Projects/fpl-oracle/data_v3.py", line 38, in get_next_gameweek
    raise ValueError("No upcoming gameweek found")
ValueError: No upcoming gameweek found
Traceback (most recent call last):
  File "/home/tars/Projects/fpl-oracle/data_v3.py", line 42, in <module>
    curr_gameweek = get_next_gameweek()-1 # returns the actual current gameweek. If it is about to be 25, returns 25
                    ^^^^^^^^^^^^^^^^^^^
  File "/home/tars/Projects/fpl-oracle/data_v3.py", line 38, in get_next_gameweek
    raise ValueError("No upcoming gameweek found")
ValueError: No upcoming gameweek found
Traceback (most recent call last):
  File "/home/tars/Projects/fpl-oracle/data_v3.py", line 42, in <module>
    curr_gameweek = get_next_gameweek()-1 # returns the actual current gameweek. If it is about to be 25, returns 25
                    ^^^^^^^^^^^^^^^^^^^
  File "/home/tars/Projects/fpl-oracle/data_v3.py", line 38, in get_next_gameweek
    raise ValueError("No upcoming gameweek found")
ValueError: No upcoming gameweek found
Traceback (most recent call last):
  File "/home/tars/Projects/fpl-oracle/data_v3.py", line 42, in <module>
    curr_gameweek = get_next_gameweek()-1 # returns the actual current gameweek. If it is about to be 25, returns 25
                    ^^^^^^^^^^^^^^^^^^^
  File "/home/tars/Projects/fpl-oracle/data_v3.py", line 38, in get_next_gameweek
    raise ValueError("No upcoming gameweek found")
ValueError: No upcoming gameweek found
Traceback (most recent call last):
  File "/home/tars/Projects/fpl-oracle/data_v3.py", line 42, in <module>
    curr_gameweek = get_next_gameweek()-1 # returns the actual current gameweek. If it is about to be 25, returns 25
                    ^^^^^^^^^^^^^^^^^^^
  File "/home/tars/Projects/fpl-oracle/data_v3.py", line 38, in get_next_gameweek
    raise ValueError("No upcoming gameweek found")
ValueError: No upcoming gameweek found
Traceback (most recent call last):
  File "/home/tars/Projects/fpl-oracle/data_v3.py", line 42, in <module>
    curr_gameweek = get_next_gameweek()-1 # returns the actual current gameweek. If it is about to be 25, returns 25
                    ^^^^^^^^^^^^^^^^^^^
  File "/home/tars/Projects/fpl-oracle/data_v3.py", line 38, in get_next_gameweek
    raise ValueError("No upcoming gameweek found")
ValueError: No upcoming gameweek found
Traceback (most recent call last):
  File "/home/tars/Projects/fpl-oracle/data_v3.py", line 42, in <module>
    curr_gameweek = get_next_gameweek()-1 # returns the actual current gameweek. If it is about to be 25, returns 25
                    ^^^^^^^^^^^^^^^^^^^
  File "/home/tars/Projects/fpl-oracle/data_v3.py", line 38, in get_next_gameweek
    raise ValueError("No upcoming gameweek found")
ValueError: No upcoming gameweek found
Traceback (most recent call last):
  File "/home/tars/Projects/fpl-oracle/data_v3.py", line 42, in <module>
    curr_gameweek = get_next_gameweek()-1 # returns the actual current gameweek. If it is about to be 25, returns 25
                    ^^^^^^^^^^^^^^^^^^^
  File "/home/tars/Projects/fpl-oracle/data_v3.py", line 38, in get_next_gameweek
    raise ValueError("No upcoming gameweek found")
ValueError: No upcoming gameweek found
Traceback (most recent call last):
  File "/home/tars/Projects/fpl-oracle/data_v3.py", line 42, in <module>
    curr_gameweek = get_next_gameweek()-1 # returns the actual current gameweek. If it is about to be 25, returns 25
                    ^^^^^^^^^^^^^^^^^^^
  File "/home/tars/Projects/fpl-oracle/data_v3.py", line 38, in get_next_gameweek
    raise ValueError("No upcoming gameweek found")
ValueError: No upcoming gameweek found
Traceback (most recent call last):
  File "/home/tars/Projects/fpl-oracle/data_v3.py", line 42, in <module>
    curr_gameweek = get_next_gameweek()-1 # returns the actual current gameweek. If it is about to be 25, returns 25
                    ^^^^^^^^^^^^^^^^^^^
  File "/home/tars/Projects/fpl-oracle/data_v3.py", line 38, in get_next_gameweek
    raise ValueError("No upcoming gameweek found")
ValueError: No upcoming gameweek found
Traceback (most recent call last):
  File "/home/tars/Projects/fpl-oracle/data_v3.py", line 42, in <module>
    curr_gameweek = get_next_gameweek()-1 # returns the actual current gameweek. If it is about to be 25, returns 25
                    ^^^^^^^^^^^^^^^^^^^
  File "/home/tars/Projects/fpl-oracle/data_v3.py", line 38, in get_next_gameweek
    raise ValueError("No upcoming gameweek found")
ValueError: No upcoming gameweek found
Traceback (most recent call last):
  File "/home/tars/Projects/fpl-oracle/data_v3.py", line 42, in <module>
    curr_gameweek = get_next_gameweek()-1 # returns the actual current gameweek. If it is about to be 25, returns 25
                    ^^^^^^^^^^^^^^^^^^^
  File "/home/tars/Projects/fpl-oracle/data_v3.py", line 38, in get_next_gameweek
    raise ValueError("No upcoming gameweek found")
ValueError: No upcoming gameweek found
Traceback (most recent call last):
  File "/home/tars/Projects/fpl-oracle/data_v3.py", line 42, in <module>
    curr_gameweek = get_next_gameweek()-1 # returns the actual current gameweek. If it is about to be 25, returns 25
                    ^^^^^^^^^^^^^^^^^^^
  File "/home/tars/Projects/fpl-oracle/data_v3.py", line 38, in get_next_gameweek
    raise ValueError("No upcoming gameweek found")
ValueError: No upcoming gameweek found
Traceback (most recent call last):
  File "/home/tars/Projects/fpl-oracle/data_v3.py", line 42, in <module>
    curr_gameweek = get_next_gameweek()-1 # returns the actual current gameweek. If it is about to be 25, returns 25
                    ^^^^^^^^^^^^^^^^^^^
  File "/home/tars/Projects/fpl-oracle/data_v3.py", line 38, in get_next_gameweek
    raise ValueError("No upcoming gameweek found")
ValueError: No upcoming gameweek found
Traceback (most recent call last):
  File "/home/tars/Projects/fpl-oracle/data_v3.py", line 42, in <module>
    curr_gameweek = get_next_gameweek()-1 # returns the actual current gameweek. If it is about to be 25, returns 25
                    ^^^^^^^^^^^^^^^^^^^
  File "/home/tars/Projects/fpl-oracle/data_v3.py", line 38, in get_next_gameweek
    raise ValueError("No upcoming gameweek found")
ValueError: No upcoming gameweek found
Traceback (most recent call last):
  File "/home/tars/Projects/fpl-oracle/data_v3.py", line 42, in <module>
    curr_gameweek = get_next_gameweek()-1 # returns the actual current gameweek. If it is about to be 25, returns 25
                    ^^^^^^^^^^^^^^^^^^^
  File "/home/tars/Projects/fpl-oracle/data_v3.py", line 38, in get_next_gameweek
    raise ValueError("No upcoming gameweek found")
ValueError: No upcoming gameweek found
Traceback (most recent call last):
  File "/home/tars/Projects/fpl-oracle/data_v3.py", line 42, in <module>
    curr_gameweek = get_next_gameweek()-1 # returns the actual current gameweek. If it is about to be 25, returns 25
                    ^^^^^^^^^^^^^^^^^^^
  File "/home/tars/Projects/fpl-oracle/data_v3.py", line 38, in get_next_gameweek
    raise ValueError("No upcoming gameweek found")
ValueError: No upcoming gameweek found
Traceback (most recent call last):
  File "/home/tars/Projects/fpl-oracle/data_v3.py", line 42, in <module>
    curr_gameweek = get_next_gameweek()-1 # returns the actual current gameweek. If it is about to be 25, returns 25
                    ^^^^^^^^^^^^^^^^^^^
  File "/home/tars/Projects/fpl-oracle/data_v3.py", line 38, in get_next_gameweek
    raise ValueError("No upcoming gameweek found")
ValueError: No upcoming gameweek found
Traceback (most recent call last):
  File "/home/tars/Projects/fpl-oracle/data_v3.py", line 42, in <module>
    curr_gameweek = get_next_gameweek()-1 # returns the actual current gameweek. If it is about to be 25, returns 25
                    ^^^^^^^^^^^^^^^^^^^
  File "/home/tars/Projects/fpl-oracle/data_v3.py", line 38, in get_next_gameweek
    raise ValueError("No upcoming gameweek found")
ValueError: No upcoming gameweek found
Traceback (most recent call last):
  File "/home/tars/Projects/fpl-oracle/data_v3.py", line 42, in <module>
    curr_gameweek = get_next_gameweek()-1 # returns the actual current gameweek. If it is about to be 25, returns 25
                    ^^^^^^^^^^^^^^^^^^^
  File "/home/tars/Projects/fpl-oracle/data_v3.py", line 38, in get_next_gameweek
    raise ValueError("No upcoming gameweek found")
ValueError: No upcoming gameweek found
Traceback (most recent call last):
  File "/home/tars/Projects/fpl-oracle/data_v3.py", line 42, in <module>
    curr_gameweek = get_next_gameweek()-1 # returns the actual current gameweek. If it is about to be 25, returns 25
                    ^^^^^^^^^^^^^^^^^^^
  File "/home/tars/Projects/fpl-oracle/data_v3.py", line 38, in get_next_gameweek
    raise ValueError("No upcoming gameweek found")
ValueError: No upcoming gameweek found
Traceback (most recent call last):
  File "/home/tars/Projects/fpl-oracle/data_v3.py", line 42, in <module>
    curr_gameweek = get_next_gameweek()-1 # returns the actual current gameweek. If it is about to be 25, returns 25
                    ^^^^^^^^^^^^^^^^^^^
  File "/home/tars/Projects/fpl-oracle/data_v3.py", line 38, in get_next_gameweek
    raise ValueError("No upcoming gameweek found")
ValueError: No upcoming gameweek found
Traceback (most recent call last):
  File "/home/tars/Projects/fpl-oracle/data_v3.py", line 42, in <module>
    curr_gameweek = get_next_gameweek()-1 # returns the actual current gameweek. If it is about to be 25, returns 25
                    ^^^^^^^^^^^^^^^^^^^
  File "/home/tars/Projects/fpl-oracle/data_v3.py", line 38, in get_next_gameweek
    raise ValueError("No upcoming gameweek found")
ValueError: No upcoming gameweek found
Traceback (most recent call last):
  File "/home/tars/Projects/fpl-oracle/data_v3.py", line 42, in <module>
    curr_gameweek = get_next_gameweek()-1 # returns the actual current gameweek. If it is about to be 25, returns 25
                    ^^^^^^^^^^^^^^^^^^^
  File "/home/tars/Projects/fpl-oracle/data_v3.py", line 38, in get_next_gameweek
    raise ValueError("No upcoming gameweek found")
ValueError: No upcoming gameweek found
Traceback (most recent call last):
  File "/home/tars/Projects/fpl-oracle/data_v3.py", line 42, in <module>
    curr_gameweek = get_next_gameweek()-1 # returns the actual current gameweek. If it is about to be 25, returns 25
                    ^^^^^^^^^^^^^^^^^^^
  File "/home/tars/Projects/fpl-oracle/data_v3.py", line 38, in get_next_gameweek
    raise ValueError("No upcoming gameweek found")
ValueError: No upcoming gameweek found
Traceback (most recent call last):
  File "/home/tars/Projects/fpl-oracle/data_v3.py", line 42, in <module>
    curr_gameweek = get_next_gameweek()-1 # returns the actual current gameweek. If it is about to be 25, returns 25
                    ^^^^^^^^^^^^^^^^^^^
  File "/home/tars/Projects/fpl-oracle/data_v3.py", line 38, in get_next_gameweek
    raise ValueError("No upcoming gameweek found")
ValueError: No upcoming gameweek found
Traceback (most recent call last):
  File "/home/tars/Projects/fpl-oracle/data_v3.py", line 42, in <module>
    curr_gameweek = get_next_gameweek()-1 # returns the actual current gameweek. If it is about to be 25, returns 25
                    ^^^^^^^^^^^^^^^^^^^
  File "/home/tars/Projects/fpl-oracle/data_v3.py", line 38, in get_next_gameweek
    raise ValueError("No upcoming gameweek found")
ValueError: No upcoming gameweek found
Traceback (most recent call last):
  File "/home/tars/Projects/fpl-oracle/data_v3.py", line 42, in <module>
    curr_gameweek = get_next_gameweek()-1 # returns the actual current gameweek. If it is about to be 25, returns 25
                    ^^^^^^^^^^^^^^^^^^^
  File "/home/tars/Projects/fpl-oracle/data_v3.py", line 38, in get_next_gameweek
    raise ValueError("No upcoming gameweek found")
ValueError: No upcoming gameweek found
Traceback (most recent call last):
  File "/home/tars/Projects/fpl-oracle/data_v3.py", line 42, in <module>
    curr_gameweek = get_next_gameweek()-1 # returns the actual current gameweek. If it is about to be 25, returns 25
                    ^^^^^^^^^^^^^^^^^^^
  File "/home/tars/Projects/fpl-oracle/data_v3.py", line 38, in get_next_gameweek
    raise ValueError("No upcoming gameweek found")
ValueError: No upcoming gameweek found
Traceback (most recent call last):
  File "/home/tars/Projects/fpl-oracle/data_v3.py", line 42, in <module>
    curr_gameweek = get_next_gameweek()-1 # returns the actual current gameweek. If it is about to be 25, returns 25
                    ^^^^^^^^^^^^^^^^^^^
  File "/home/tars/Projects/fpl-oracle/data_v3.py", line 38, in get_next_gameweek
    raise ValueError("No upcoming gameweek found")
ValueError: No upcoming gameweek found
Traceback (most recent call last):
  File "/home/tars/Projects/fpl-oracle/data_v3.py", line 42, in <module>
    curr_gameweek = get_next_gameweek()-1 # returns the actual current gameweek. If it is about to be 25, returns 25
                    ^^^^^^^^^^^^^^^^^^^
  File "/home/tars/Projects/fpl-oracle/data_v3.py", line 38, in get_next_gameweek
    raise ValueError("No upcoming gameweek found")
ValueError: No upcoming gameweek found
Traceback (most recent call last):
  File "/home/tars/Projects/fpl-oracle/data_v3.py", line 42, in <module>
    curr_gameweek = get_next_gameweek()-1 # returns the actual current gameweek. If it is about to be 25, returns 25
                    ^^^^^^^^^^^^^^^^^^^
  File "/home/tars/Projects/fpl-oracle/data_v3.py", line 38, in get_next_gameweek
    raise ValueError("No upcoming gameweek found")
ValueError: No upcoming gameweek found
Traceback (most recent call last):
  File "/home/tars/Projects/fpl-oracle/data_v3.py", line 42, in <module>
    curr_gameweek = get_next_gameweek()-1 # returns the actual current gameweek. If it is about to be 25, returns 25
                    ^^^^^^^^^^^^^^^^^^^
  File "/home/tars/Projects/fpl-oracle/data_v3.py", line 38, in get_next_gameweek
    raise ValueError("No upcoming gameweek found")
ValueError: No upcoming gameweek found
Traceback (most recent call last):
  File "/home/tars/Projects/fpl-oracle/data_v3.py", line 42, in <module>
    curr_gameweek = get_next_gameweek()-1 # returns the actual current gameweek. If it is about to be 25, returns 25
                    ^^^^^^^^^^^^^^^^^^^
  File "/home/tars/Projects/fpl-oracle/data_v3.py", line 38, in get_next_gameweek
    raise ValueError("No upcoming gameweek found")
ValueError: No upcoming gameweek found
Traceback (most recent call last):
  File "/home/tars/Projects/fpl-oracle/data_v3.py", line 42, in <module>
    curr_gameweek = get_next_gameweek()-1 # returns the actual current gameweek. If it is about to be 25, returns 25
                    ^^^^^^^^^^^^^^^^^^^
  File "/home/tars/Projects/fpl-oracle/data_v3.py", line 38, in get_next_gameweek
    raise ValueError("No upcoming gameweek found")
ValueError: No upcoming gameweek found
Traceback (most recent call last):
  File "/home/tars/Projects/fpl-oracle/venv311/lib/python3.11/site-packages/requests/models.py", line 976, in json
    return complexjson.loads(self.text, **kwargs)
           ^^^^^^^^^^^^^^^^^^^^^^^^^^^^^^^^^^^^^^
  File "/usr/lib/python3.11/json/__init__.py", line 346, in loads
    return _default_decoder.decode(s)
           ^^^^^^^^^^^^^^^^^^^^^^^^^^
  File "/usr/lib/python3.11/json/decoder.py", line 337, in decode
    obj, end = self.raw_decode(s, idx=_w(s, 0).end())
               ^^^^^^^^^^^^^^^^^^^^^^^^^^^^^^^^^^^^^^
  File "/usr/lib/python3.11/json/decoder.py", line 355, in raw_decode
    raise JSONDecodeError("Expecting value", s, err.value) from None
json.decoder.JSONDecodeError: Expecting value: line 1 column 1 (char 0)

During handling of the above exception, another exception occurred:

Traceback (most recent call last):
  File "/home/tars/Projects/fpl-oracle/data_v3.py", line 42, in <module>
    curr_gameweek = get_next_gameweek()-1 # returns the actual current gameweek. If it is about to be 25, returns 25
                    ^^^^^^^^^^^^^^^^^^^
  File "/home/tars/Projects/fpl-oracle/data_v3.py", line 31, in get_next_gameweek
    data = requests.get(url).json()
           ^^^^^^^^^^^^^^^^^^^^^^^^
  File "/home/tars/Projects/fpl-oracle/venv311/lib/python3.11/site-packages/requests/models.py", line 980, in json
    raise RequestsJSONDecodeError(e.msg, e.doc, e.pos)
requests.exceptions.JSONDecodeError: Expecting value: line 1 column 1 (char 0)
Traceback (most recent call last):
  File "/home/tars/Projects/fpl-oracle/venv311/lib/python3.11/site-packages/requests/models.py", line 976, in json
    return complexjson.loads(self.text, **kwargs)
           ^^^^^^^^^^^^^^^^^^^^^^^^^^^^^^^^^^^^^^
  File "/usr/lib/python3.11/json/__init__.py", line 346, in loads
    return _default_decoder.decode(s)
           ^^^^^^^^^^^^^^^^^^^^^^^^^^
  File "/usr/lib/python3.11/json/decoder.py", line 337, in decode
    obj, end = self.raw_decode(s, idx=_w(s, 0).end())
               ^^^^^^^^^^^^^^^^^^^^^^^^^^^^^^^^^^^^^^
  File "/usr/lib/python3.11/json/decoder.py", line 355, in raw_decode
    raise JSONDecodeError("Expecting value", s, err.value) from None
json.decoder.JSONDecodeError: Expecting value: line 1 column 1 (char 0)

During handling of the above exception, another exception occurred:

Traceback (most recent call last):
  File "/home/tars/Projects/fpl-oracle/data_v3.py", line 42, in <module>
    curr_gameweek = get_next_gameweek()-1 # returns the actual current gameweek. If it is about to be 25, returns 25
                    ^^^^^^^^^^^^^^^^^^^
  File "/home/tars/Projects/fpl-oracle/data_v3.py", line 31, in get_next_gameweek
    data = requests.get(url).json()
           ^^^^^^^^^^^^^^^^^^^^^^^^
  File "/home/tars/Projects/fpl-oracle/venv311/lib/python3.11/site-packages/requests/models.py", line 980, in json
    raise RequestsJSONDecodeError(e.msg, e.doc, e.pos)
requests.exceptions.JSONDecodeError: Expecting value: line 1 column 1 (char 0)
Traceback (most recent call last):
  File "/home/tars/Projects/fpl-oracle/venv311/lib/python3.11/site-packages/requests/models.py", line 976, in json
    return complexjson.loads(self.text, **kwargs)
           ^^^^^^^^^^^^^^^^^^^^^^^^^^^^^^^^^^^^^^
  File "/usr/lib/python3.11/json/__init__.py", line 346, in loads
    return _default_decoder.decode(s)
           ^^^^^^^^^^^^^^^^^^^^^^^^^^
  File "/usr/lib/python3.11/json/decoder.py", line 337, in decode
    obj, end = self.raw_decode(s, idx=_w(s, 0).end())
               ^^^^^^^^^^^^^^^^^^^^^^^^^^^^^^^^^^^^^^
  File "/usr/lib/python3.11/json/decoder.py", line 355, in raw_decode
    raise JSONDecodeError("Expecting value", s, err.value) from None
json.decoder.JSONDecodeError: Expecting value: line 1 column 1 (char 0)

During handling of the above exception, another exception occurred:

Traceback (most recent call last):
  File "/home/tars/Projects/fpl-oracle/data_v3.py", line 42, in <module>
    curr_gameweek = get_next_gameweek()-1 # returns the actual current gameweek. If it is about to be 25, returns 25
                    ^^^^^^^^^^^^^^^^^^^
  File "/home/tars/Projects/fpl-oracle/data_v3.py", line 31, in get_next_gameweek
    data = requests.get(url).json()
           ^^^^^^^^^^^^^^^^^^^^^^^^
  File "/home/tars/Projects/fpl-oracle/venv311/lib/python3.11/site-packages/requests/models.py", line 980, in json
    raise RequestsJSONDecodeError(e.msg, e.doc, e.pos)
requests.exceptions.JSONDecodeError: Expecting value: line 1 column 1 (char 0)
The current gameweek is:  0
Traceback (most recent call last):
  File "/home/tars/Projects/fpl-oracle/data_v3.py", line 643, in <module>
    df = join_it_all_together()
         ^^^^^^^^^^^^^^^^^^^^^^
  File "/home/tars/Projects/fpl-oracle/data_v3.py", line 511, in join_it_all_together
    df_fuz = df_fuz.merge(df_defensive, on='full_name', how='left')
             ^^^^^^^^^^^^^^^^^^^^^^^^^^^^^^^^^^^^^^^^^^^^^^^^^^^^^^
  File "/home/tars/Projects/fpl-oracle/venv311/lib/python3.11/site-packages/pandas/core/frame.py", line 10859, in merge
    return merge(
           ^^^^^^
  File "/home/tars/Projects/fpl-oracle/venv311/lib/python3.11/site-packages/pandas/core/reshape/merge.py", line 170, in merge
    op = _MergeOperation(
         ^^^^^^^^^^^^^^^^
  File "/home/tars/Projects/fpl-oracle/venv311/lib/python3.11/site-packages/pandas/core/reshape/merge.py", line 794, in __init__
    ) = self._get_merge_keys()
        ^^^^^^^^^^^^^^^^^^^^^^
  File "/home/tars/Projects/fpl-oracle/venv311/lib/python3.11/site-packages/pandas/core/reshape/merge.py", line 1298, in _get_merge_keys
    right_keys.append(right._get_label_or_level_values(rk))
                      ^^^^^^^^^^^^^^^^^^^^^^^^^^^^^^^^^^^^
  File "/home/tars/Projects/fpl-oracle/venv311/lib/python3.11/site-packages/pandas/core/generic.py", line 1914, in _get_label_or_level_values
    raise KeyError(key)
KeyError: 'full_name'
The current gameweek is:  0
Traceback (most recent call last):
  File "/home/tars/Projects/fpl-oracle/data_v3.py", line 643, in <module>
    df = join_it_all_together()
         ^^^^^^^^^^^^^^^^^^^^^^
  File "/home/tars/Projects/fpl-oracle/data_v3.py", line 511, in join_it_all_together
    df_fuz = df_fuz.merge(df_defensive, on='full_name', how='left')
             ^^^^^^^^^^^^^^^^^^^^^^^^^^^^^^^^^^^^^^^^^^^^^^^^^^^^^^
  File "/home/tars/Projects/fpl-oracle/venv311/lib/python3.11/site-packages/pandas/core/frame.py", line 10859, in merge
    return merge(
           ^^^^^^
  File "/home/tars/Projects/fpl-oracle/venv311/lib/python3.11/site-packages/pandas/core/reshape/merge.py", line 170, in merge
    op = _MergeOperation(
         ^^^^^^^^^^^^^^^^
  File "/home/tars/Projects/fpl-oracle/venv311/lib/python3.11/site-packages/pandas/core/reshape/merge.py", line 794, in __init__
    ) = self._get_merge_keys()
        ^^^^^^^^^^^^^^^^^^^^^^
  File "/home/tars/Projects/fpl-oracle/venv311/lib/python3.11/site-packages/pandas/core/reshape/merge.py", line 1298, in _get_merge_keys
    right_keys.append(right._get_label_or_level_values(rk))
                      ^^^^^^^^^^^^^^^^^^^^^^^^^^^^^^^^^^^^
  File "/home/tars/Projects/fpl-oracle/venv311/lib/python3.11/site-packages/pandas/core/generic.py", line 1914, in _get_label_or_level_values
    raise KeyError(key)
KeyError: 'full_name'
The current gameweek is:  0
Traceback (most recent call last):
  File "/home/tars/Projects/fpl-oracle/data_v3.py", line 643, in <module>
    df = join_it_all_together()
         ^^^^^^^^^^^^^^^^^^^^^^
  File "/home/tars/Projects/fpl-oracle/data_v3.py", line 511, in join_it_all_together
    df_fuz = df_fuz.merge(df_defensive, on='full_name', how='left')
             ^^^^^^^^^^^^^^^^^^^^^^^^^^^^^^^^^^^^^^^^^^^^^^^^^^^^^^
  File "/home/tars/Projects/fpl-oracle/venv311/lib/python3.11/site-packages/pandas/core/frame.py", line 10859, in merge
    return merge(
           ^^^^^^
  File "/home/tars/Projects/fpl-oracle/venv311/lib/python3.11/site-packages/pandas/core/reshape/merge.py", line 170, in merge
    op = _MergeOperation(
         ^^^^^^^^^^^^^^^^
  File "/home/tars/Projects/fpl-oracle/venv311/lib/python3.11/site-packages/pandas/core/reshape/merge.py", line 794, in __init__
    ) = self._get_merge_keys()
        ^^^^^^^^^^^^^^^^^^^^^^
  File "/home/tars/Projects/fpl-oracle/venv311/lib/python3.11/site-packages/pandas/core/reshape/merge.py", line 1298, in _get_merge_keys
    right_keys.append(right._get_label_or_level_values(rk))
                      ^^^^^^^^^^^^^^^^^^^^^^^^^^^^^^^^^^^^
  File "/home/tars/Projects/fpl-oracle/venv311/lib/python3.11/site-packages/pandas/core/generic.py", line 1914, in _get_label_or_level_values
    raise KeyError(key)
KeyError: 'full_name'
The current gameweek is:  0
Traceback (most recent call last):
  File "/home/tars/Projects/fpl-oracle/data_v3.py", line 643, in <module>
    df = join_it_all_together()
         ^^^^^^^^^^^^^^^^^^^^^^
  File "/home/tars/Projects/fpl-oracle/data_v3.py", line 511, in join_it_all_together
    df_fuz = df_fuz.merge(df_defensive, on='full_name', how='left')
             ^^^^^^^^^^^^^^^^^^^^^^^^^^^^^^^^^^^^^^^^^^^^^^^^^^^^^^
  File "/home/tars/Projects/fpl-oracle/venv311/lib/python3.11/site-packages/pandas/core/frame.py", line 10859, in merge
    return merge(
           ^^^^^^
  File "/home/tars/Projects/fpl-oracle/venv311/lib/python3.11/site-packages/pandas/core/reshape/merge.py", line 170, in merge
    op = _MergeOperation(
         ^^^^^^^^^^^^^^^^
  File "/home/tars/Projects/fpl-oracle/venv311/lib/python3.11/site-packages/pandas/core/reshape/merge.py", line 794, in __init__
    ) = self._get_merge_keys()
        ^^^^^^^^^^^^^^^^^^^^^^
  File "/home/tars/Projects/fpl-oracle/venv311/lib/python3.11/site-packages/pandas/core/reshape/merge.py", line 1298, in _get_merge_keys
    right_keys.append(right._get_label_or_level_values(rk))
                      ^^^^^^^^^^^^^^^^^^^^^^^^^^^^^^^^^^^^
  File "/home/tars/Projects/fpl-oracle/venv311/lib/python3.11/site-packages/pandas/core/generic.py", line 1914, in _get_label_or_level_values
    raise KeyError(key)
KeyError: 'full_name'
The current gameweek is:  0
Traceback (most recent call last):
  File "/home/tars/Projects/fpl-oracle/data_v3.py", line 643, in <module>
    df = join_it_all_together()
         ^^^^^^^^^^^^^^^^^^^^^^
  File "/home/tars/Projects/fpl-oracle/data_v3.py", line 511, in join_it_all_together
    df_fuz = df_fuz.merge(df_defensive, on='full_name', how='left')
             ^^^^^^^^^^^^^^^^^^^^^^^^^^^^^^^^^^^^^^^^^^^^^^^^^^^^^^
  File "/home/tars/Projects/fpl-oracle/venv311/lib/python3.11/site-packages/pandas/core/frame.py", line 10859, in merge
    return merge(
           ^^^^^^
  File "/home/tars/Projects/fpl-oracle/venv311/lib/python3.11/site-packages/pandas/core/reshape/merge.py", line 170, in merge
    op = _MergeOperation(
         ^^^^^^^^^^^^^^^^
  File "/home/tars/Projects/fpl-oracle/venv311/lib/python3.11/site-packages/pandas/core/reshape/merge.py", line 794, in __init__
    ) = self._get_merge_keys()
        ^^^^^^^^^^^^^^^^^^^^^^
  File "/home/tars/Projects/fpl-oracle/venv311/lib/python3.11/site-packages/pandas/core/reshape/merge.py", line 1298, in _get_merge_keys
    right_keys.append(right._get_label_or_level_values(rk))
                      ^^^^^^^^^^^^^^^^^^^^^^^^^^^^^^^^^^^^
  File "/home/tars/Projects/fpl-oracle/venv311/lib/python3.11/site-packages/pandas/core/generic.py", line 1914, in _get_label_or_level_values
    raise KeyError(key)
KeyError: 'full_name'
The current gameweek is:  0
Traceback (most recent call last):
  File "/home/tars/Projects/fpl-oracle/data_v3.py", line 643, in <module>
    df = join_it_all_together()
         ^^^^^^^^^^^^^^^^^^^^^^
  File "/home/tars/Projects/fpl-oracle/data_v3.py", line 511, in join_it_all_together
    df_fuz = df_fuz.merge(df_defensive, on='full_name', how='left')
             ^^^^^^^^^^^^^^^^^^^^^^^^^^^^^^^^^^^^^^^^^^^^^^^^^^^^^^
  File "/home/tars/Projects/fpl-oracle/venv311/lib/python3.11/site-packages/pandas/core/frame.py", line 10859, in merge
    return merge(
           ^^^^^^
  File "/home/tars/Projects/fpl-oracle/venv311/lib/python3.11/site-packages/pandas/core/reshape/merge.py", line 170, in merge
    op = _MergeOperation(
         ^^^^^^^^^^^^^^^^
  File "/home/tars/Projects/fpl-oracle/venv311/lib/python3.11/site-packages/pandas/core/reshape/merge.py", line 794, in __init__
    ) = self._get_merge_keys()
        ^^^^^^^^^^^^^^^^^^^^^^
  File "/home/tars/Projects/fpl-oracle/venv311/lib/python3.11/site-packages/pandas/core/reshape/merge.py", line 1298, in _get_merge_keys
    right_keys.append(right._get_label_or_level_values(rk))
                      ^^^^^^^^^^^^^^^^^^^^^^^^^^^^^^^^^^^^
  File "/home/tars/Projects/fpl-oracle/venv311/lib/python3.11/site-packages/pandas/core/generic.py", line 1914, in _get_label_or_level_values
    raise KeyError(key)
KeyError: 'full_name'
The current gameweek is:  0
Traceback (most recent call last):
  File "/home/tars/Projects/fpl-oracle/data_v3.py", line 643, in <module>
    df = join_it_all_together()
         ^^^^^^^^^^^^^^^^^^^^^^
  File "/home/tars/Projects/fpl-oracle/data_v3.py", line 511, in join_it_all_together
    df_fuz = df_fuz.merge(df_defensive, on='full_name', how='left')
             ^^^^^^^^^^^^^^^^^^^^^^^^^^^^^^^^^^^^^^^^^^^^^^^^^^^^^^
  File "/home/tars/Projects/fpl-oracle/venv311/lib/python3.11/site-packages/pandas/core/frame.py", line 10859, in merge
    return merge(
           ^^^^^^
  File "/home/tars/Projects/fpl-oracle/venv311/lib/python3.11/site-packages/pandas/core/reshape/merge.py", line 170, in merge
    op = _MergeOperation(
         ^^^^^^^^^^^^^^^^
  File "/home/tars/Projects/fpl-oracle/venv311/lib/python3.11/site-packages/pandas/core/reshape/merge.py", line 794, in __init__
    ) = self._get_merge_keys()
        ^^^^^^^^^^^^^^^^^^^^^^
  File "/home/tars/Projects/fpl-oracle/venv311/lib/python3.11/site-packages/pandas/core/reshape/merge.py", line 1298, in _get_merge_keys
    right_keys.append(right._get_label_or_level_values(rk))
                      ^^^^^^^^^^^^^^^^^^^^^^^^^^^^^^^^^^^^
  File "/home/tars/Projects/fpl-oracle/venv311/lib/python3.11/site-packages/pandas/core/generic.py", line 1914, in _get_label_or_level_values
    raise KeyError(key)
KeyError: 'full_name'
The current gameweek is:  0
Traceback (most recent call last):
  File "/home/tars/Projects/fpl-oracle/data_v3.py", line 643, in <module>
    df = join_it_all_together()
         ^^^^^^^^^^^^^^^^^^^^^^
  File "/home/tars/Projects/fpl-oracle/data_v3.py", line 511, in join_it_all_together
    df_fuz = df_fuz.merge(df_defensive, on='full_name', how='left')
             ^^^^^^^^^^^^^^^^^^^^^^^^^^^^^^^^^^^^^^^^^^^^^^^^^^^^^^
  File "/home/tars/Projects/fpl-oracle/venv311/lib/python3.11/site-packages/pandas/core/frame.py", line 10859, in merge
    return merge(
           ^^^^^^
  File "/home/tars/Projects/fpl-oracle/venv311/lib/python3.11/site-packages/pandas/core/reshape/merge.py", line 170, in merge
    op = _MergeOperation(
         ^^^^^^^^^^^^^^^^
  File "/home/tars/Projects/fpl-oracle/venv311/lib/python3.11/site-packages/pandas/core/reshape/merge.py", line 794, in __init__
    ) = self._get_merge_keys()
        ^^^^^^^^^^^^^^^^^^^^^^
  File "/home/tars/Projects/fpl-oracle/venv311/lib/python3.11/site-packages/pandas/core/reshape/merge.py", line 1298, in _get_merge_keys
    right_keys.append(right._get_label_or_level_values(rk))
                      ^^^^^^^^^^^^^^^^^^^^^^^^^^^^^^^^^^^^
  File "/home/tars/Projects/fpl-oracle/venv311/lib/python3.11/site-packages/pandas/core/generic.py", line 1914, in _get_label_or_level_values
    raise KeyError(key)
KeyError: 'full_name'
The current gameweek is:  0
Traceback (most recent call last):
  File "/home/tars/Projects/fpl-oracle/data_v3.py", line 643, in <module>
    df = join_it_all_together()
         ^^^^^^^^^^^^^^^^^^^^^^
  File "/home/tars/Projects/fpl-oracle/data_v3.py", line 511, in join_it_all_together
    df_fuz = df_fuz.merge(df_defensive, on='full_name', how='left')
             ^^^^^^^^^^^^^^^^^^^^^^^^^^^^^^^^^^^^^^^^^^^^^^^^^^^^^^
  File "/home/tars/Projects/fpl-oracle/venv311/lib/python3.11/site-packages/pandas/core/frame.py", line 10859, in merge
    return merge(
           ^^^^^^
  File "/home/tars/Projects/fpl-oracle/venv311/lib/python3.11/site-packages/pandas/core/reshape/merge.py", line 170, in merge
    op = _MergeOperation(
         ^^^^^^^^^^^^^^^^
  File "/home/tars/Projects/fpl-oracle/venv311/lib/python3.11/site-packages/pandas/core/reshape/merge.py", line 794, in __init__
    ) = self._get_merge_keys()
        ^^^^^^^^^^^^^^^^^^^^^^
  File "/home/tars/Projects/fpl-oracle/venv311/lib/python3.11/site-packages/pandas/core/reshape/merge.py", line 1298, in _get_merge_keys
    right_keys.append(right._get_label_or_level_values(rk))
                      ^^^^^^^^^^^^^^^^^^^^^^^^^^^^^^^^^^^^
  File "/home/tars/Projects/fpl-oracle/venv311/lib/python3.11/site-packages/pandas/core/generic.py", line 1914, in _get_label_or_level_values
    raise KeyError(key)
KeyError: 'full_name'
The current gameweek is:  0
Traceback (most recent call last):
  File "/home/tars/Projects/fpl-oracle/data_v3.py", line 643, in <module>
    df = join_it_all_together()
         ^^^^^^^^^^^^^^^^^^^^^^
  File "/home/tars/Projects/fpl-oracle/data_v3.py", line 511, in join_it_all_together
    df_fuz = df_fuz.merge(df_defensive, on='full_name', how='left')
             ^^^^^^^^^^^^^^^^^^^^^^^^^^^^^^^^^^^^^^^^^^^^^^^^^^^^^^
  File "/home/tars/Projects/fpl-oracle/venv311/lib/python3.11/site-packages/pandas/core/frame.py", line 10859, in merge
    return merge(
           ^^^^^^
  File "/home/tars/Projects/fpl-oracle/venv311/lib/python3.11/site-packages/pandas/core/reshape/merge.py", line 170, in merge
    op = _MergeOperation(
         ^^^^^^^^^^^^^^^^
  File "/home/tars/Projects/fpl-oracle/venv311/lib/python3.11/site-packages/pandas/core/reshape/merge.py", line 794, in __init__
    ) = self._get_merge_keys()
        ^^^^^^^^^^^^^^^^^^^^^^
  File "/home/tars/Projects/fpl-oracle/venv311/lib/python3.11/site-packages/pandas/core/reshape/merge.py", line 1298, in _get_merge_keys
    right_keys.append(right._get_label_or_level_values(rk))
                      ^^^^^^^^^^^^^^^^^^^^^^^^^^^^^^^^^^^^
  File "/home/tars/Projects/fpl-oracle/venv311/lib/python3.11/site-packages/pandas/core/generic.py", line 1914, in _get_label_or_level_values
    raise KeyError(key)
KeyError: 'full_name'
The current gameweek is:  0
Traceback (most recent call last):
  File "/home/tars/Projects/fpl-oracle/data_v3.py", line 643, in <module>
    df = join_it_all_together()
         ^^^^^^^^^^^^^^^^^^^^^^
  File "/home/tars/Projects/fpl-oracle/data_v3.py", line 511, in join_it_all_together
    df_fuz = df_fuz.merge(df_defensive, on='full_name', how='left')
             ^^^^^^^^^^^^^^^^^^^^^^^^^^^^^^^^^^^^^^^^^^^^^^^^^^^^^^
  File "/home/tars/Projects/fpl-oracle/venv311/lib/python3.11/site-packages/pandas/core/frame.py", line 10859, in merge
    return merge(
           ^^^^^^
  File "/home/tars/Projects/fpl-oracle/venv311/lib/python3.11/site-packages/pandas/core/reshape/merge.py", line 170, in merge
    op = _MergeOperation(
         ^^^^^^^^^^^^^^^^
  File "/home/tars/Projects/fpl-oracle/venv311/lib/python3.11/site-packages/pandas/core/reshape/merge.py", line 794, in __init__
    ) = self._get_merge_keys()
        ^^^^^^^^^^^^^^^^^^^^^^
  File "/home/tars/Projects/fpl-oracle/venv311/lib/python3.11/site-packages/pandas/core/reshape/merge.py", line 1298, in _get_merge_keys
    right_keys.append(right._get_label_or_level_values(rk))
                      ^^^^^^^^^^^^^^^^^^^^^^^^^^^^^^^^^^^^
  File "/home/tars/Projects/fpl-oracle/venv311/lib/python3.11/site-packages/pandas/core/generic.py", line 1914, in _get_label_or_level_values
    raise KeyError(key)
KeyError: 'full_name'
The current gameweek is:  0
Traceback (most recent call last):
  File "/home/tars/Projects/fpl-oracle/data_v3.py", line 643, in <module>
    df = join_it_all_together()
         ^^^^^^^^^^^^^^^^^^^^^^
  File "/home/tars/Projects/fpl-oracle/data_v3.py", line 511, in join_it_all_together
    df_fuz = df_fuz.merge(df_defensive, on='full_name', how='left')
             ^^^^^^^^^^^^^^^^^^^^^^^^^^^^^^^^^^^^^^^^^^^^^^^^^^^^^^
  File "/home/tars/Projects/fpl-oracle/venv311/lib/python3.11/site-packages/pandas/core/frame.py", line 10859, in merge
    return merge(
           ^^^^^^
  File "/home/tars/Projects/fpl-oracle/venv311/lib/python3.11/site-packages/pandas/core/reshape/merge.py", line 170, in merge
    op = _MergeOperation(
         ^^^^^^^^^^^^^^^^
  File "/home/tars/Projects/fpl-oracle/venv311/lib/python3.11/site-packages/pandas/core/reshape/merge.py", line 794, in __init__
    ) = self._get_merge_keys()
        ^^^^^^^^^^^^^^^^^^^^^^
  File "/home/tars/Projects/fpl-oracle/venv311/lib/python3.11/site-packages/pandas/core/reshape/merge.py", line 1298, in _get_merge_keys
    right_keys.append(right._get_label_or_level_values(rk))
                      ^^^^^^^^^^^^^^^^^^^^^^^^^^^^^^^^^^^^
  File "/home/tars/Projects/fpl-oracle/venv311/lib/python3.11/site-packages/pandas/core/generic.py", line 1914, in _get_label_or_level_values
    raise KeyError(key)
KeyError: 'full_name'
The current gameweek is:  0
Traceback (most recent call last):
  File "/home/tars/Projects/fpl-oracle/data_v3.py", line 643, in <module>
    df = join_it_all_together()
         ^^^^^^^^^^^^^^^^^^^^^^
  File "/home/tars/Projects/fpl-oracle/data_v3.py", line 511, in join_it_all_together
    df_fuz = df_fuz.merge(df_defensive, on='full_name', how='left')
             ^^^^^^^^^^^^^^^^^^^^^^^^^^^^^^^^^^^^^^^^^^^^^^^^^^^^^^
  File "/home/tars/Projects/fpl-oracle/venv311/lib/python3.11/site-packages/pandas/core/frame.py", line 10859, in merge
    return merge(
           ^^^^^^
  File "/home/tars/Projects/fpl-oracle/venv311/lib/python3.11/site-packages/pandas/core/reshape/merge.py", line 170, in merge
    op = _MergeOperation(
         ^^^^^^^^^^^^^^^^
  File "/home/tars/Projects/fpl-oracle/venv311/lib/python3.11/site-packages/pandas/core/reshape/merge.py", line 794, in __init__
    ) = self._get_merge_keys()
        ^^^^^^^^^^^^^^^^^^^^^^
  File "/home/tars/Projects/fpl-oracle/venv311/lib/python3.11/site-packages/pandas/core/reshape/merge.py", line 1298, in _get_merge_keys
    right_keys.append(right._get_label_or_level_values(rk))
                      ^^^^^^^^^^^^^^^^^^^^^^^^^^^^^^^^^^^^
  File "/home/tars/Projects/fpl-oracle/venv311/lib/python3.11/site-packages/pandas/core/generic.py", line 1914, in _get_label_or_level_values
    raise KeyError(key)
KeyError: 'full_name'
The current gameweek is:  0
Traceback (most recent call last):
  File "/home/tars/Projects/fpl-oracle/data_v3.py", line 643, in <module>
    df = join_it_all_together()
         ^^^^^^^^^^^^^^^^^^^^^^
  File "/home/tars/Projects/fpl-oracle/data_v3.py", line 511, in join_it_all_together
    df_fuz = df_fuz.merge(df_defensive, on='full_name', how='left')
             ^^^^^^^^^^^^^^^^^^^^^^^^^^^^^^^^^^^^^^^^^^^^^^^^^^^^^^
  File "/home/tars/Projects/fpl-oracle/venv311/lib/python3.11/site-packages/pandas/core/frame.py", line 10859, in merge
    return merge(
           ^^^^^^
  File "/home/tars/Projects/fpl-oracle/venv311/lib/python3.11/site-packages/pandas/core/reshape/merge.py", line 170, in merge
    op = _MergeOperation(
         ^^^^^^^^^^^^^^^^
  File "/home/tars/Projects/fpl-oracle/venv311/lib/python3.11/site-packages/pandas/core/reshape/merge.py", line 794, in __init__
    ) = self._get_merge_keys()
        ^^^^^^^^^^^^^^^^^^^^^^
  File "/home/tars/Projects/fpl-oracle/venv311/lib/python3.11/site-packages/pandas/core/reshape/merge.py", line 1298, in _get_merge_keys
    right_keys.append(right._get_label_or_level_values(rk))
                      ^^^^^^^^^^^^^^^^^^^^^^^^^^^^^^^^^^^^
  File "/home/tars/Projects/fpl-oracle/venv311/lib/python3.11/site-packages/pandas/core/generic.py", line 1914, in _get_label_or_level_values
    raise KeyError(key)
KeyError: 'full_name'
The current gameweek is:  0
Traceback (most recent call last):
  File "/home/tars/Projects/fpl-oracle/data_v3.py", line 643, in <module>
    df = join_it_all_together()
         ^^^^^^^^^^^^^^^^^^^^^^
  File "/home/tars/Projects/fpl-oracle/data_v3.py", line 511, in join_it_all_together
    df_fuz = df_fuz.merge(df_defensive, on='full_name', how='left')
             ^^^^^^^^^^^^^^^^^^^^^^^^^^^^^^^^^^^^^^^^^^^^^^^^^^^^^^
  File "/home/tars/Projects/fpl-oracle/venv311/lib/python3.11/site-packages/pandas/core/frame.py", line 10859, in merge
    return merge(
           ^^^^^^
  File "/home/tars/Projects/fpl-oracle/venv311/lib/python3.11/site-packages/pandas/core/reshape/merge.py", line 170, in merge
    op = _MergeOperation(
         ^^^^^^^^^^^^^^^^
  File "/home/tars/Projects/fpl-oracle/venv311/lib/python3.11/site-packages/pandas/core/reshape/merge.py", line 794, in __init__
    ) = self._get_merge_keys()
        ^^^^^^^^^^^^^^^^^^^^^^
  File "/home/tars/Projects/fpl-oracle/venv311/lib/python3.11/site-packages/pandas/core/reshape/merge.py", line 1298, in _get_merge_keys
    right_keys.append(right._get_label_or_level_values(rk))
                      ^^^^^^^^^^^^^^^^^^^^^^^^^^^^^^^^^^^^
  File "/home/tars/Projects/fpl-oracle/venv311/lib/python3.11/site-packages/pandas/core/generic.py", line 1914, in _get_label_or_level_values
    raise KeyError(key)
KeyError: 'full_name'
The current gameweek is:  0
Traceback (most recent call last):
  File "/home/tars/Projects/fpl-oracle/data_v3.py", line 643, in <module>
    df = join_it_all_together()
         ^^^^^^^^^^^^^^^^^^^^^^
  File "/home/tars/Projects/fpl-oracle/data_v3.py", line 511, in join_it_all_together
    df_fuz = df_fuz.merge(df_defensive, on='full_name', how='left')
             ^^^^^^^^^^^^^^^^^^^^^^^^^^^^^^^^^^^^^^^^^^^^^^^^^^^^^^
  File "/home/tars/Projects/fpl-oracle/venv311/lib/python3.11/site-packages/pandas/core/frame.py", line 10859, in merge
    return merge(
           ^^^^^^
  File "/home/tars/Projects/fpl-oracle/venv311/lib/python3.11/site-packages/pandas/core/reshape/merge.py", line 170, in merge
    op = _MergeOperation(
         ^^^^^^^^^^^^^^^^
  File "/home/tars/Projects/fpl-oracle/venv311/lib/python3.11/site-packages/pandas/core/reshape/merge.py", line 794, in __init__
    ) = self._get_merge_keys()
        ^^^^^^^^^^^^^^^^^^^^^^
  File "/home/tars/Projects/fpl-oracle/venv311/lib/python3.11/site-packages/pandas/core/reshape/merge.py", line 1298, in _get_merge_keys
    right_keys.append(right._get_label_or_level_values(rk))
                      ^^^^^^^^^^^^^^^^^^^^^^^^^^^^^^^^^^^^
  File "/home/tars/Projects/fpl-oracle/venv311/lib/python3.11/site-packages/pandas/core/generic.py", line 1914, in _get_label_or_level_values
    raise KeyError(key)
KeyError: 'full_name'
The current gameweek is:  0
Traceback (most recent call last):
  File "/home/tars/Projects/fpl-oracle/data_v3.py", line 643, in <module>
    df = join_it_all_together()
         ^^^^^^^^^^^^^^^^^^^^^^
  File "/home/tars/Projects/fpl-oracle/data_v3.py", line 511, in join_it_all_together
    df_fuz = df_fuz.merge(df_defensive, on='full_name', how='left')
             ^^^^^^^^^^^^^^^^^^^^^^^^^^^^^^^^^^^^^^^^^^^^^^^^^^^^^^
  File "/home/tars/Projects/fpl-oracle/venv311/lib/python3.11/site-packages/pandas/core/frame.py", line 10859, in merge
    return merge(
           ^^^^^^
  File "/home/tars/Projects/fpl-oracle/venv311/lib/python3.11/site-packages/pandas/core/reshape/merge.py", line 170, in merge
    op = _MergeOperation(
         ^^^^^^^^^^^^^^^^
  File "/home/tars/Projects/fpl-oracle/venv311/lib/python3.11/site-packages/pandas/core/reshape/merge.py", line 794, in __init__
    ) = self._get_merge_keys()
        ^^^^^^^^^^^^^^^^^^^^^^
  File "/home/tars/Projects/fpl-oracle/venv311/lib/python3.11/site-packages/pandas/core/reshape/merge.py", line 1298, in _get_merge_keys
    right_keys.append(right._get_label_or_level_values(rk))
                      ^^^^^^^^^^^^^^^^^^^^^^^^^^^^^^^^^^^^
  File "/home/tars/Projects/fpl-oracle/venv311/lib/python3.11/site-packages/pandas/core/generic.py", line 1914, in _get_label_or_level_values
    raise KeyError(key)
KeyError: 'full_name'
The current gameweek is:  0
Traceback (most recent call last):
  File "/home/tars/Projects/fpl-oracle/data_v3.py", line 643, in <module>
    df = join_it_all_together()
         ^^^^^^^^^^^^^^^^^^^^^^
  File "/home/tars/Projects/fpl-oracle/data_v3.py", line 511, in join_it_all_together
    df_fuz = df_fuz.merge(df_defensive, on='full_name', how='left')
             ^^^^^^^^^^^^^^^^^^^^^^^^^^^^^^^^^^^^^^^^^^^^^^^^^^^^^^
  File "/home/tars/Projects/fpl-oracle/venv311/lib/python3.11/site-packages/pandas/core/frame.py", line 10859, in merge
    return merge(
           ^^^^^^
  File "/home/tars/Projects/fpl-oracle/venv311/lib/python3.11/site-packages/pandas/core/reshape/merge.py", line 170, in merge
    op = _MergeOperation(
         ^^^^^^^^^^^^^^^^
  File "/home/tars/Projects/fpl-oracle/venv311/lib/python3.11/site-packages/pandas/core/reshape/merge.py", line 794, in __init__
    ) = self._get_merge_keys()
        ^^^^^^^^^^^^^^^^^^^^^^
  File "/home/tars/Projects/fpl-oracle/venv311/lib/python3.11/site-packages/pandas/core/reshape/merge.py", line 1298, in _get_merge_keys
    right_keys.append(right._get_label_or_level_values(rk))
                      ^^^^^^^^^^^^^^^^^^^^^^^^^^^^^^^^^^^^
  File "/home/tars/Projects/fpl-oracle/venv311/lib/python3.11/site-packages/pandas/core/generic.py", line 1914, in _get_label_or_level_values
    raise KeyError(key)
KeyError: 'full_name'
The current gameweek is:  0
Traceback (most recent call last):
  File "/home/tars/Projects/fpl-oracle/data_v3.py", line 643, in <module>
    df = join_it_all_together()
         ^^^^^^^^^^^^^^^^^^^^^^
  File "/home/tars/Projects/fpl-oracle/data_v3.py", line 511, in join_it_all_together
    df_fuz = df_fuz.merge(df_defensive, on='full_name', how='left')
             ^^^^^^^^^^^^^^^^^^^^^^^^^^^^^^^^^^^^^^^^^^^^^^^^^^^^^^
  File "/home/tars/Projects/fpl-oracle/venv311/lib/python3.11/site-packages/pandas/core/frame.py", line 10859, in merge
    return merge(
           ^^^^^^
  File "/home/tars/Projects/fpl-oracle/venv311/lib/python3.11/site-packages/pandas/core/reshape/merge.py", line 170, in merge
    op = _MergeOperation(
         ^^^^^^^^^^^^^^^^
  File "/home/tars/Projects/fpl-oracle/venv311/lib/python3.11/site-packages/pandas/core/reshape/merge.py", line 794, in __init__
    ) = self._get_merge_keys()
        ^^^^^^^^^^^^^^^^^^^^^^
  File "/home/tars/Projects/fpl-oracle/venv311/lib/python3.11/site-packages/pandas/core/reshape/merge.py", line 1298, in _get_merge_keys
    right_keys.append(right._get_label_or_level_values(rk))
                      ^^^^^^^^^^^^^^^^^^^^^^^^^^^^^^^^^^^^
  File "/home/tars/Projects/fpl-oracle/venv311/lib/python3.11/site-packages/pandas/core/generic.py", line 1914, in _get_label_or_level_values
    raise KeyError(key)
KeyError: 'full_name'
The current gameweek is:  0
Traceback (most recent call last):
  File "/home/tars/Projects/fpl-oracle/data_v3.py", line 643, in <module>
    df = join_it_all_together()
         ^^^^^^^^^^^^^^^^^^^^^^
  File "/home/tars/Projects/fpl-oracle/data_v3.py", line 511, in join_it_all_together
    df_fuz = df_fuz.merge(df_defensive, on='full_name', how='left')
             ^^^^^^^^^^^^^^^^^^^^^^^^^^^^^^^^^^^^^^^^^^^^^^^^^^^^^^
  File "/home/tars/Projects/fpl-oracle/venv311/lib/python3.11/site-packages/pandas/core/frame.py", line 10859, in merge
    return merge(
           ^^^^^^
  File "/home/tars/Projects/fpl-oracle/venv311/lib/python3.11/site-packages/pandas/core/reshape/merge.py", line 170, in merge
    op = _MergeOperation(
         ^^^^^^^^^^^^^^^^
  File "/home/tars/Projects/fpl-oracle/venv311/lib/python3.11/site-packages/pandas/core/reshape/merge.py", line 794, in __init__
    ) = self._get_merge_keys()
        ^^^^^^^^^^^^^^^^^^^^^^
  File "/home/tars/Projects/fpl-oracle/venv311/lib/python3.11/site-packages/pandas/core/reshape/merge.py", line 1298, in _get_merge_keys
    right_keys.append(right._get_label_or_level_values(rk))
                      ^^^^^^^^^^^^^^^^^^^^^^^^^^^^^^^^^^^^
  File "/home/tars/Projects/fpl-oracle/venv311/lib/python3.11/site-packages/pandas/core/generic.py", line 1914, in _get_label_or_level_values
    raise KeyError(key)
KeyError: 'full_name'
The current gameweek is:  0
Traceback (most recent call last):
  File "/home/tars/Projects/fpl-oracle/data_v3.py", line 643, in <module>
    df = join_it_all_together()
         ^^^^^^^^^^^^^^^^^^^^^^
  File "/home/tars/Projects/fpl-oracle/data_v3.py", line 511, in join_it_all_together
    df_fuz = df_fuz.merge(df_defensive, on='full_name', how='left')
             ^^^^^^^^^^^^^^^^^^^^^^^^^^^^^^^^^^^^^^^^^^^^^^^^^^^^^^
  File "/home/tars/Projects/fpl-oracle/venv311/lib/python3.11/site-packages/pandas/core/frame.py", line 10859, in merge
    return merge(
           ^^^^^^
  File "/home/tars/Projects/fpl-oracle/venv311/lib/python3.11/site-packages/pandas/core/reshape/merge.py", line 170, in merge
    op = _MergeOperation(
         ^^^^^^^^^^^^^^^^
  File "/home/tars/Projects/fpl-oracle/venv311/lib/python3.11/site-packages/pandas/core/reshape/merge.py", line 794, in __init__
    ) = self._get_merge_keys()
        ^^^^^^^^^^^^^^^^^^^^^^
  File "/home/tars/Projects/fpl-oracle/venv311/lib/python3.11/site-packages/pandas/core/reshape/merge.py", line 1298, in _get_merge_keys
    right_keys.append(right._get_label_or_level_values(rk))
                      ^^^^^^^^^^^^^^^^^^^^^^^^^^^^^^^^^^^^
  File "/home/tars/Projects/fpl-oracle/venv311/lib/python3.11/site-packages/pandas/core/generic.py", line 1914, in _get_label_or_level_values
    raise KeyError(key)
KeyError: 'full_name'
The current gameweek is:  0
Traceback (most recent call last):
  File "/home/tars/Projects/fpl-oracle/data_v3.py", line 643, in <module>
    df = join_it_all_together()
         ^^^^^^^^^^^^^^^^^^^^^^
  File "/home/tars/Projects/fpl-oracle/data_v3.py", line 511, in join_it_all_together
    df_fuz = df_fuz.merge(df_defensive, on='full_name', how='left')
             ^^^^^^^^^^^^^^^^^^^^^^^^^^^^^^^^^^^^^^^^^^^^^^^^^^^^^^
  File "/home/tars/Projects/fpl-oracle/venv311/lib/python3.11/site-packages/pandas/core/frame.py", line 10859, in merge
    return merge(
           ^^^^^^
  File "/home/tars/Projects/fpl-oracle/venv311/lib/python3.11/site-packages/pandas/core/reshape/merge.py", line 170, in merge
    op = _MergeOperation(
         ^^^^^^^^^^^^^^^^
  File "/home/tars/Projects/fpl-oracle/venv311/lib/python3.11/site-packages/pandas/core/reshape/merge.py", line 794, in __init__
    ) = self._get_merge_keys()
        ^^^^^^^^^^^^^^^^^^^^^^
  File "/home/tars/Projects/fpl-oracle/venv311/lib/python3.11/site-packages/pandas/core/reshape/merge.py", line 1298, in _get_merge_keys
    right_keys.append(right._get_label_or_level_values(rk))
                      ^^^^^^^^^^^^^^^^^^^^^^^^^^^^^^^^^^^^
  File "/home/tars/Projects/fpl-oracle/venv311/lib/python3.11/site-packages/pandas/core/generic.py", line 1914, in _get_label_or_level_values
    raise KeyError(key)
KeyError: 'full_name'
The current gameweek is:  0
Traceback (most recent call last):
  File "/home/tars/Projects/fpl-oracle/data_v3.py", line 643, in <module>
    df = join_it_all_together()
         ^^^^^^^^^^^^^^^^^^^^^^
  File "/home/tars/Projects/fpl-oracle/data_v3.py", line 511, in join_it_all_together
    df_fuz = df_fuz.merge(df_defensive, on='full_name', how='left')
             ^^^^^^^^^^^^^^^^^^^^^^^^^^^^^^^^^^^^^^^^^^^^^^^^^^^^^^
  File "/home/tars/Projects/fpl-oracle/venv311/lib/python3.11/site-packages/pandas/core/frame.py", line 10859, in merge
    return merge(
           ^^^^^^
  File "/home/tars/Projects/fpl-oracle/venv311/lib/python3.11/site-packages/pandas/core/reshape/merge.py", line 170, in merge
    op = _MergeOperation(
         ^^^^^^^^^^^^^^^^
  File "/home/tars/Projects/fpl-oracle/venv311/lib/python3.11/site-packages/pandas/core/reshape/merge.py", line 794, in __init__
    ) = self._get_merge_keys()
        ^^^^^^^^^^^^^^^^^^^^^^
  File "/home/tars/Projects/fpl-oracle/venv311/lib/python3.11/site-packages/pandas/core/reshape/merge.py", line 1298, in _get_merge_keys
    right_keys.append(right._get_label_or_level_values(rk))
                      ^^^^^^^^^^^^^^^^^^^^^^^^^^^^^^^^^^^^
  File "/home/tars/Projects/fpl-oracle/venv311/lib/python3.11/site-packages/pandas/core/generic.py", line 1914, in _get_label_or_level_values
    raise KeyError(key)
KeyError: 'full_name'
The current gameweek is:  0
Traceback (most recent call last):
  File "/home/tars/Projects/fpl-oracle/data_v3.py", line 643, in <module>
    df = join_it_all_together()
         ^^^^^^^^^^^^^^^^^^^^^^
  File "/home/tars/Projects/fpl-oracle/data_v3.py", line 511, in join_it_all_together
    df_fuz = df_fuz.merge(df_defensive, on='full_name', how='left')
             ^^^^^^^^^^^^^^^^^^^^^^^^^^^^^^^^^^^^^^^^^^^^^^^^^^^^^^
  File "/home/tars/Projects/fpl-oracle/venv311/lib/python3.11/site-packages/pandas/core/frame.py", line 10859, in merge
    return merge(
           ^^^^^^
  File "/home/tars/Projects/fpl-oracle/venv311/lib/python3.11/site-packages/pandas/core/reshape/merge.py", line 170, in merge
    op = _MergeOperation(
         ^^^^^^^^^^^^^^^^
  File "/home/tars/Projects/fpl-oracle/venv311/lib/python3.11/site-packages/pandas/core/reshape/merge.py", line 794, in __init__
    ) = self._get_merge_keys()
        ^^^^^^^^^^^^^^^^^^^^^^
  File "/home/tars/Projects/fpl-oracle/venv311/lib/python3.11/site-packages/pandas/core/reshape/merge.py", line 1298, in _get_merge_keys
    right_keys.append(right._get_label_or_level_values(rk))
                      ^^^^^^^^^^^^^^^^^^^^^^^^^^^^^^^^^^^^
  File "/home/tars/Projects/fpl-oracle/venv311/lib/python3.11/site-packages/pandas/core/generic.py", line 1914, in _get_label_or_level_values
    raise KeyError(key)
KeyError: 'full_name'
The current gameweek is:  0
Traceback (most recent call last):
  File "/home/tars/Projects/fpl-oracle/data_v3.py", line 643, in <module>
    df = join_it_all_together()
         ^^^^^^^^^^^^^^^^^^^^^^
  File "/home/tars/Projects/fpl-oracle/data_v3.py", line 511, in join_it_all_together
    df_fuz = df_fuz.merge(df_defensive, on='full_name', how='left')
             ^^^^^^^^^^^^^^^^^^^^^^^^^^^^^^^^^^^^^^^^^^^^^^^^^^^^^^
  File "/home/tars/Projects/fpl-oracle/venv311/lib/python3.11/site-packages/pandas/core/frame.py", line 10859, in merge
    return merge(
           ^^^^^^
  File "/home/tars/Projects/fpl-oracle/venv311/lib/python3.11/site-packages/pandas/core/reshape/merge.py", line 170, in merge
    op = _MergeOperation(
         ^^^^^^^^^^^^^^^^
  File "/home/tars/Projects/fpl-oracle/venv311/lib/python3.11/site-packages/pandas/core/reshape/merge.py", line 794, in __init__
    ) = self._get_merge_keys()
        ^^^^^^^^^^^^^^^^^^^^^^
  File "/home/tars/Projects/fpl-oracle/venv311/lib/python3.11/site-packages/pandas/core/reshape/merge.py", line 1298, in _get_merge_keys
    right_keys.append(right._get_label_or_level_values(rk))
                      ^^^^^^^^^^^^^^^^^^^^^^^^^^^^^^^^^^^^
  File "/home/tars/Projects/fpl-oracle/venv311/lib/python3.11/site-packages/pandas/core/generic.py", line 1914, in _get_label_or_level_values
    raise KeyError(key)
KeyError: 'full_name'
The current gameweek is:  0
Traceback (most recent call last):
  File "/home/tars/Projects/fpl-oracle/data_v3.py", line 643, in <module>
    df = join_it_all_together()
         ^^^^^^^^^^^^^^^^^^^^^^
  File "/home/tars/Projects/fpl-oracle/data_v3.py", line 511, in join_it_all_together
    df_fuz = df_fuz.merge(df_defensive, on='full_name', how='left')
             ^^^^^^^^^^^^^^^^^^^^^^^^^^^^^^^^^^^^^^^^^^^^^^^^^^^^^^
  File "/home/tars/Projects/fpl-oracle/venv311/lib/python3.11/site-packages/pandas/core/frame.py", line 10859, in merge
    return merge(
           ^^^^^^
  File "/home/tars/Projects/fpl-oracle/venv311/lib/python3.11/site-packages/pandas/core/reshape/merge.py", line 170, in merge
    op = _MergeOperation(
         ^^^^^^^^^^^^^^^^
  File "/home/tars/Projects/fpl-oracle/venv311/lib/python3.11/site-packages/pandas/core/reshape/merge.py", line 794, in __init__
    ) = self._get_merge_keys()
        ^^^^^^^^^^^^^^^^^^^^^^
  File "/home/tars/Projects/fpl-oracle/venv311/lib/python3.11/site-packages/pandas/core/reshape/merge.py", line 1298, in _get_merge_keys
    right_keys.append(right._get_label_or_level_values(rk))
                      ^^^^^^^^^^^^^^^^^^^^^^^^^^^^^^^^^^^^
  File "/home/tars/Projects/fpl-oracle/venv311/lib/python3.11/site-packages/pandas/core/generic.py", line 1914, in _get_label_or_level_values
    raise KeyError(key)
KeyError: 'full_name'
The current gameweek is:  0
Traceback (most recent call last):
  File "/home/tars/Projects/fpl-oracle/data_v3.py", line 643, in <module>
    df = join_it_all_together()
         ^^^^^^^^^^^^^^^^^^^^^^
  File "/home/tars/Projects/fpl-oracle/data_v3.py", line 511, in join_it_all_together
    df_fuz = df_fuz.merge(df_defensive, on='full_name', how='left')
             ^^^^^^^^^^^^^^^^^^^^^^^^^^^^^^^^^^^^^^^^^^^^^^^^^^^^^^
  File "/home/tars/Projects/fpl-oracle/venv311/lib/python3.11/site-packages/pandas/core/frame.py", line 10859, in merge
    return merge(
           ^^^^^^
  File "/home/tars/Projects/fpl-oracle/venv311/lib/python3.11/site-packages/pandas/core/reshape/merge.py", line 170, in merge
    op = _MergeOperation(
         ^^^^^^^^^^^^^^^^
  File "/home/tars/Projects/fpl-oracle/venv311/lib/python3.11/site-packages/pandas/core/reshape/merge.py", line 794, in __init__
    ) = self._get_merge_keys()
        ^^^^^^^^^^^^^^^^^^^^^^
  File "/home/tars/Projects/fpl-oracle/venv311/lib/python3.11/site-packages/pandas/core/reshape/merge.py", line 1298, in _get_merge_keys
    right_keys.append(right._get_label_or_level_values(rk))
                      ^^^^^^^^^^^^^^^^^^^^^^^^^^^^^^^^^^^^
  File "/home/tars/Projects/fpl-oracle/venv311/lib/python3.11/site-packages/pandas/core/generic.py", line 1914, in _get_label_or_level_values
    raise KeyError(key)
KeyError: 'full_name'
The current gameweek is:  0
Traceback (most recent call last):
  File "/home/tars/Projects/fpl-oracle/data_v3.py", line 643, in <module>
    df = join_it_all_together()
         ^^^^^^^^^^^^^^^^^^^^^^
  File "/home/tars/Projects/fpl-oracle/data_v3.py", line 511, in join_it_all_together
    df_fuz = df_fuz.merge(df_defensive, on='full_name', how='left')
             ^^^^^^^^^^^^^^^^^^^^^^^^^^^^^^^^^^^^^^^^^^^^^^^^^^^^^^
  File "/home/tars/Projects/fpl-oracle/venv311/lib/python3.11/site-packages/pandas/core/frame.py", line 10859, in merge
    return merge(
           ^^^^^^
  File "/home/tars/Projects/fpl-oracle/venv311/lib/python3.11/site-packages/pandas/core/reshape/merge.py", line 170, in merge
    op = _MergeOperation(
         ^^^^^^^^^^^^^^^^
  File "/home/tars/Projects/fpl-oracle/venv311/lib/python3.11/site-packages/pandas/core/reshape/merge.py", line 794, in __init__
    ) = self._get_merge_keys()
        ^^^^^^^^^^^^^^^^^^^^^^
  File "/home/tars/Projects/fpl-oracle/venv311/lib/python3.11/site-packages/pandas/core/reshape/merge.py", line 1298, in _get_merge_keys
    right_keys.append(right._get_label_or_level_values(rk))
                      ^^^^^^^^^^^^^^^^^^^^^^^^^^^^^^^^^^^^
  File "/home/tars/Projects/fpl-oracle/venv311/lib/python3.11/site-packages/pandas/core/generic.py", line 1914, in _get_label_or_level_values
    raise KeyError(key)
KeyError: 'full_name'
The current gameweek is:  0
Traceback (most recent call last):
  File "/home/tars/Projects/fpl-oracle/data_v3.py", line 643, in <module>
    df = join_it_all_together()
         ^^^^^^^^^^^^^^^^^^^^^^
  File "/home/tars/Projects/fpl-oracle/data_v3.py", line 511, in join_it_all_together
    df_fuz = df_fuz.merge(df_defensive, on='full_name', how='left')
             ^^^^^^^^^^^^^^^^^^^^^^^^^^^^^^^^^^^^^^^^^^^^^^^^^^^^^^
  File "/home/tars/Projects/fpl-oracle/venv311/lib/python3.11/site-packages/pandas/core/frame.py", line 10859, in merge
    return merge(
           ^^^^^^
  File "/home/tars/Projects/fpl-oracle/venv311/lib/python3.11/site-packages/pandas/core/reshape/merge.py", line 170, in merge
    op = _MergeOperation(
         ^^^^^^^^^^^^^^^^
  File "/home/tars/Projects/fpl-oracle/venv311/lib/python3.11/site-packages/pandas/core/reshape/merge.py", line 794, in __init__
    ) = self._get_merge_keys()
        ^^^^^^^^^^^^^^^^^^^^^^
  File "/home/tars/Projects/fpl-oracle/venv311/lib/python3.11/site-packages/pandas/core/reshape/merge.py", line 1298, in _get_merge_keys
    right_keys.append(right._get_label_or_level_values(rk))
                      ^^^^^^^^^^^^^^^^^^^^^^^^^^^^^^^^^^^^
  File "/home/tars/Projects/fpl-oracle/venv311/lib/python3.11/site-packages/pandas/core/generic.py", line 1914, in _get_label_or_level_values
    raise KeyError(key)
KeyError: 'full_name'
The current gameweek is:  0
Traceback (most recent call last):
  File "/home/tars/Projects/fpl-oracle/data_v3.py", line 643, in <module>
    df = join_it_all_together()
         ^^^^^^^^^^^^^^^^^^^^^^
  File "/home/tars/Projects/fpl-oracle/data_v3.py", line 511, in join_it_all_together
    df_fuz = df_fuz.merge(df_defensive, on='full_name', how='left')
             ^^^^^^^^^^^^^^^^^^^^^^^^^^^^^^^^^^^^^^^^^^^^^^^^^^^^^^
  File "/home/tars/Projects/fpl-oracle/venv311/lib/python3.11/site-packages/pandas/core/frame.py", line 10859, in merge
    return merge(
           ^^^^^^
  File "/home/tars/Projects/fpl-oracle/venv311/lib/python3.11/site-packages/pandas/core/reshape/merge.py", line 170, in merge
    op = _MergeOperation(
         ^^^^^^^^^^^^^^^^
  File "/home/tars/Projects/fpl-oracle/venv311/lib/python3.11/site-packages/pandas/core/reshape/merge.py", line 794, in __init__
    ) = self._get_merge_keys()
        ^^^^^^^^^^^^^^^^^^^^^^
  File "/home/tars/Projects/fpl-oracle/venv311/lib/python3.11/site-packages/pandas/core/reshape/merge.py", line 1298, in _get_merge_keys
    right_keys.append(right._get_label_or_level_values(rk))
                      ^^^^^^^^^^^^^^^^^^^^^^^^^^^^^^^^^^^^
  File "/home/tars/Projects/fpl-oracle/venv311/lib/python3.11/site-packages/pandas/core/generic.py", line 1914, in _get_label_or_level_values
    raise KeyError(key)
KeyError: 'full_name'
The current gameweek is:  0
Traceback (most recent call last):
  File "/home/tars/Projects/fpl-oracle/data_v3.py", line 643, in <module>
    df = join_it_all_together()
         ^^^^^^^^^^^^^^^^^^^^^^
  File "/home/tars/Projects/fpl-oracle/data_v3.py", line 511, in join_it_all_together
    df_fuz = df_fuz.merge(df_defensive, on='full_name', how='left')
             ^^^^^^^^^^^^^^^^^^^^^^^^^^^^^^^^^^^^^^^^^^^^^^^^^^^^^^
  File "/home/tars/Projects/fpl-oracle/venv311/lib/python3.11/site-packages/pandas/core/frame.py", line 10859, in merge
    return merge(
           ^^^^^^
  File "/home/tars/Projects/fpl-oracle/venv311/lib/python3.11/site-packages/pandas/core/reshape/merge.py", line 170, in merge
    op = _MergeOperation(
         ^^^^^^^^^^^^^^^^
  File "/home/tars/Projects/fpl-oracle/venv311/lib/python3.11/site-packages/pandas/core/reshape/merge.py", line 794, in __init__
    ) = self._get_merge_keys()
        ^^^^^^^^^^^^^^^^^^^^^^
  File "/home/tars/Projects/fpl-oracle/venv311/lib/python3.11/site-packages/pandas/core/reshape/merge.py", line 1298, in _get_merge_keys
    right_keys.append(right._get_label_or_level_values(rk))
                      ^^^^^^^^^^^^^^^^^^^^^^^^^^^^^^^^^^^^
  File "/home/tars/Projects/fpl-oracle/venv311/lib/python3.11/site-packages/pandas/core/generic.py", line 1914, in _get_label_or_level_values
    raise KeyError(key)
KeyError: 'full_name'
The current gameweek is:  0
Traceback (most recent call last):
  File "/home/tars/Projects/fpl-oracle/data_v3.py", line 643, in <module>
    df = join_it_all_together()
         ^^^^^^^^^^^^^^^^^^^^^^
  File "/home/tars/Projects/fpl-oracle/data_v3.py", line 511, in join_it_all_together
    df_fuz = df_fuz.merge(df_defensive, on='full_name', how='left')
             ^^^^^^^^^^^^^^^^^^^^^^^^^^^^^^^^^^^^^^^^^^^^^^^^^^^^^^
  File "/home/tars/Projects/fpl-oracle/venv311/lib/python3.11/site-packages/pandas/core/frame.py", line 10859, in merge
    return merge(
           ^^^^^^
  File "/home/tars/Projects/fpl-oracle/venv311/lib/python3.11/site-packages/pandas/core/reshape/merge.py", line 170, in merge
    op = _MergeOperation(
         ^^^^^^^^^^^^^^^^
  File "/home/tars/Projects/fpl-oracle/venv311/lib/python3.11/site-packages/pandas/core/reshape/merge.py", line 794, in __init__
    ) = self._get_merge_keys()
        ^^^^^^^^^^^^^^^^^^^^^^
  File "/home/tars/Projects/fpl-oracle/venv311/lib/python3.11/site-packages/pandas/core/reshape/merge.py", line 1298, in _get_merge_keys
    right_keys.append(right._get_label_or_level_values(rk))
                      ^^^^^^^^^^^^^^^^^^^^^^^^^^^^^^^^^^^^
  File "/home/tars/Projects/fpl-oracle/venv311/lib/python3.11/site-packages/pandas/core/generic.py", line 1914, in _get_label_or_level_values
    raise KeyError(key)
KeyError: 'full_name'
The current gameweek is:  0
Traceback (most recent call last):
  File "/home/tars/Projects/fpl-oracle/data_v3.py", line 643, in <module>
    df = join_it_all_together()
         ^^^^^^^^^^^^^^^^^^^^^^
  File "/home/tars/Projects/fpl-oracle/data_v3.py", line 511, in join_it_all_together
    df_fuz = df_fuz.merge(df_defensive, on='full_name', how='left')
             ^^^^^^^^^^^^^^^^^^^^^^^^^^^^^^^^^^^^^^^^^^^^^^^^^^^^^^
  File "/home/tars/Projects/fpl-oracle/venv311/lib/python3.11/site-packages/pandas/core/frame.py", line 10859, in merge
    return merge(
           ^^^^^^
  File "/home/tars/Projects/fpl-oracle/venv311/lib/python3.11/site-packages/pandas/core/reshape/merge.py", line 170, in merge
    op = _MergeOperation(
         ^^^^^^^^^^^^^^^^
  File "/home/tars/Projects/fpl-oracle/venv311/lib/python3.11/site-packages/pandas/core/reshape/merge.py", line 794, in __init__
    ) = self._get_merge_keys()
        ^^^^^^^^^^^^^^^^^^^^^^
  File "/home/tars/Projects/fpl-oracle/venv311/lib/python3.11/site-packages/pandas/core/reshape/merge.py", line 1298, in _get_merge_keys
    right_keys.append(right._get_label_or_level_values(rk))
                      ^^^^^^^^^^^^^^^^^^^^^^^^^^^^^^^^^^^^
  File "/home/tars/Projects/fpl-oracle/venv311/lib/python3.11/site-packages/pandas/core/generic.py", line 1914, in _get_label_or_level_values
    raise KeyError(key)
KeyError: 'full_name'
The current gameweek is:  0
Traceback (most recent call last):
  File "/home/tars/Projects/fpl-oracle/data_v3.py", line 643, in <module>
    df = join_it_all_together()
         ^^^^^^^^^^^^^^^^^^^^^^
  File "/home/tars/Projects/fpl-oracle/data_v3.py", line 511, in join_it_all_together
    df_fuz = df_fuz.merge(df_defensive, on='full_name', how='left')
             ^^^^^^^^^^^^^^^^^^^^^^^^^^^^^^^^^^^^^^^^^^^^^^^^^^^^^^
  File "/home/tars/Projects/fpl-oracle/venv311/lib/python3.11/site-packages/pandas/core/frame.py", line 10859, in merge
    return merge(
           ^^^^^^
  File "/home/tars/Projects/fpl-oracle/venv311/lib/python3.11/site-packages/pandas/core/reshape/merge.py", line 170, in merge
    op = _MergeOperation(
         ^^^^^^^^^^^^^^^^
  File "/home/tars/Projects/fpl-oracle/venv311/lib/python3.11/site-packages/pandas/core/reshape/merge.py", line 794, in __init__
    ) = self._get_merge_keys()
        ^^^^^^^^^^^^^^^^^^^^^^
  File "/home/tars/Projects/fpl-oracle/venv311/lib/python3.11/site-packages/pandas/core/reshape/merge.py", line 1298, in _get_merge_keys
    right_keys.append(right._get_label_or_level_values(rk))
                      ^^^^^^^^^^^^^^^^^^^^^^^^^^^^^^^^^^^^
  File "/home/tars/Projects/fpl-oracle/venv311/lib/python3.11/site-packages/pandas/core/generic.py", line 1914, in _get_label_or_level_values
    raise KeyError(key)
KeyError: 'full_name'
The current gameweek is:  0
Traceback (most recent call last):
  File "/home/tars/Projects/fpl-oracle/data_v3.py", line 643, in <module>
    df = join_it_all_together()
         ^^^^^^^^^^^^^^^^^^^^^^
  File "/home/tars/Projects/fpl-oracle/data_v3.py", line 511, in join_it_all_together
    df_fuz = df_fuz.merge(df_defensive, on='full_name', how='left')
             ^^^^^^^^^^^^^^^^^^^^^^^^^^^^^^^^^^^^^^^^^^^^^^^^^^^^^^
  File "/home/tars/Projects/fpl-oracle/venv311/lib/python3.11/site-packages/pandas/core/frame.py", line 10859, in merge
    return merge(
           ^^^^^^
  File "/home/tars/Projects/fpl-oracle/venv311/lib/python3.11/site-packages/pandas/core/reshape/merge.py", line 170, in merge
    op = _MergeOperation(
         ^^^^^^^^^^^^^^^^
  File "/home/tars/Projects/fpl-oracle/venv311/lib/python3.11/site-packages/pandas/core/reshape/merge.py", line 794, in __init__
    ) = self._get_merge_keys()
        ^^^^^^^^^^^^^^^^^^^^^^
  File "/home/tars/Projects/fpl-oracle/venv311/lib/python3.11/site-packages/pandas/core/reshape/merge.py", line 1298, in _get_merge_keys
    right_keys.append(right._get_label_or_level_values(rk))
                      ^^^^^^^^^^^^^^^^^^^^^^^^^^^^^^^^^^^^
  File "/home/tars/Projects/fpl-oracle/venv311/lib/python3.11/site-packages/pandas/core/generic.py", line 1914, in _get_label_or_level_values
    raise KeyError(key)
KeyError: 'full_name'
The current gameweek is:  0
Traceback (most recent call last):
  File "/home/tars/Projects/fpl-oracle/data_v3.py", line 643, in <module>
    df = join_it_all_together()
         ^^^^^^^^^^^^^^^^^^^^^^
  File "/home/tars/Projects/fpl-oracle/data_v3.py", line 511, in join_it_all_together
    df_fuz = df_fuz.merge(df_defensive, on='full_name', how='left')
             ^^^^^^^^^^^^^^^^^^^^^^^^^^^^^^^^^^^^^^^^^^^^^^^^^^^^^^
  File "/home/tars/Projects/fpl-oracle/venv311/lib/python3.11/site-packages/pandas/core/frame.py", line 10859, in merge
    return merge(
           ^^^^^^
  File "/home/tars/Projects/fpl-oracle/venv311/lib/python3.11/site-packages/pandas/core/reshape/merge.py", line 170, in merge
    op = _MergeOperation(
         ^^^^^^^^^^^^^^^^
  File "/home/tars/Projects/fpl-oracle/venv311/lib/python3.11/site-packages/pandas/core/reshape/merge.py", line 794, in __init__
    ) = self._get_merge_keys()
        ^^^^^^^^^^^^^^^^^^^^^^
  File "/home/tars/Projects/fpl-oracle/venv311/lib/python3.11/site-packages/pandas/core/reshape/merge.py", line 1298, in _get_merge_keys
    right_keys.append(right._get_label_or_level_values(rk))
                      ^^^^^^^^^^^^^^^^^^^^^^^^^^^^^^^^^^^^
  File "/home/tars/Projects/fpl-oracle/venv311/lib/python3.11/site-packages/pandas/core/generic.py", line 1914, in _get_label_or_level_values
    raise KeyError(key)
KeyError: 'full_name'
The current gameweek is:  0
Traceback (most recent call last):
  File "/home/tars/Projects/fpl-oracle/data_v3.py", line 643, in <module>
    df = join_it_all_together()
         ^^^^^^^^^^^^^^^^^^^^^^
  File "/home/tars/Projects/fpl-oracle/data_v3.py", line 511, in join_it_all_together
    df_fuz = df_fuz.merge(df_defensive, on='full_name', how='left')
             ^^^^^^^^^^^^^^^^^^^^^^^^^^^^^^^^^^^^^^^^^^^^^^^^^^^^^^
  File "/home/tars/Projects/fpl-oracle/venv311/lib/python3.11/site-packages/pandas/core/frame.py", line 10859, in merge
    return merge(
           ^^^^^^
  File "/home/tars/Projects/fpl-oracle/venv311/lib/python3.11/site-packages/pandas/core/reshape/merge.py", line 170, in merge
    op = _MergeOperation(
         ^^^^^^^^^^^^^^^^
  File "/home/tars/Projects/fpl-oracle/venv311/lib/python3.11/site-packages/pandas/core/reshape/merge.py", line 794, in __init__
    ) = self._get_merge_keys()
        ^^^^^^^^^^^^^^^^^^^^^^
  File "/home/tars/Projects/fpl-oracle/venv311/lib/python3.11/site-packages/pandas/core/reshape/merge.py", line 1298, in _get_merge_keys
    right_keys.append(right._get_label_or_level_values(rk))
                      ^^^^^^^^^^^^^^^^^^^^^^^^^^^^^^^^^^^^
  File "/home/tars/Projects/fpl-oracle/venv311/lib/python3.11/site-packages/pandas/core/generic.py", line 1914, in _get_label_or_level_values
    raise KeyError(key)
KeyError: 'full_name'
The current gameweek is:  0
Traceback (most recent call last):
  File "/home/tars/Projects/fpl-oracle/data_v3.py", line 643, in <module>
    df = join_it_all_together()
         ^^^^^^^^^^^^^^^^^^^^^^
  File "/home/tars/Projects/fpl-oracle/data_v3.py", line 511, in join_it_all_together
    df_fuz = df_fuz.merge(df_defensive, on='full_name', how='left')
             ^^^^^^^^^^^^^^^^^^^^^^^^^^^^^^^^^^^^^^^^^^^^^^^^^^^^^^
  File "/home/tars/Projects/fpl-oracle/venv311/lib/python3.11/site-packages/pandas/core/frame.py", line 10859, in merge
    return merge(
           ^^^^^^
  File "/home/tars/Projects/fpl-oracle/venv311/lib/python3.11/site-packages/pandas/core/reshape/merge.py", line 170, in merge
    op = _MergeOperation(
         ^^^^^^^^^^^^^^^^
  File "/home/tars/Projects/fpl-oracle/venv311/lib/python3.11/site-packages/pandas/core/reshape/merge.py", line 794, in __init__
    ) = self._get_merge_keys()
        ^^^^^^^^^^^^^^^^^^^^^^
  File "/home/tars/Projects/fpl-oracle/venv311/lib/python3.11/site-packages/pandas/core/reshape/merge.py", line 1298, in _get_merge_keys
    right_keys.append(right._get_label_or_level_values(rk))
                      ^^^^^^^^^^^^^^^^^^^^^^^^^^^^^^^^^^^^
  File "/home/tars/Projects/fpl-oracle/venv311/lib/python3.11/site-packages/pandas/core/generic.py", line 1914, in _get_label_or_level_values
    raise KeyError(key)
KeyError: 'full_name'
The current gameweek is:  0
Traceback (most recent call last):
  File "/home/tars/Projects/fpl-oracle/data_v3.py", line 643, in <module>
    df = join_it_all_together()
         ^^^^^^^^^^^^^^^^^^^^^^
  File "/home/tars/Projects/fpl-oracle/data_v3.py", line 511, in join_it_all_together
    df_fuz = df_fuz.merge(df_defensive, on='full_name', how='left')
             ^^^^^^^^^^^^^^^^^^^^^^^^^^^^^^^^^^^^^^^^^^^^^^^^^^^^^^
  File "/home/tars/Projects/fpl-oracle/venv311/lib/python3.11/site-packages/pandas/core/frame.py", line 10859, in merge
    return merge(
           ^^^^^^
  File "/home/tars/Projects/fpl-oracle/venv311/lib/python3.11/site-packages/pandas/core/reshape/merge.py", line 170, in merge
    op = _MergeOperation(
         ^^^^^^^^^^^^^^^^
  File "/home/tars/Projects/fpl-oracle/venv311/lib/python3.11/site-packages/pandas/core/reshape/merge.py", line 794, in __init__
    ) = self._get_merge_keys()
        ^^^^^^^^^^^^^^^^^^^^^^
  File "/home/tars/Projects/fpl-oracle/venv311/lib/python3.11/site-packages/pandas/core/reshape/merge.py", line 1298, in _get_merge_keys
    right_keys.append(right._get_label_or_level_values(rk))
                      ^^^^^^^^^^^^^^^^^^^^^^^^^^^^^^^^^^^^
  File "/home/tars/Projects/fpl-oracle/venv311/lib/python3.11/site-packages/pandas/core/generic.py", line 1914, in _get_label_or_level_values
    raise KeyError(key)
KeyError: 'full_name'
The current gameweek is:  0
Traceback (most recent call last):
  File "/home/tars/Projects/fpl-oracle/data_v3.py", line 643, in <module>
    df = join_it_all_together()
         ^^^^^^^^^^^^^^^^^^^^^^
  File "/home/tars/Projects/fpl-oracle/data_v3.py", line 511, in join_it_all_together
    df_fuz = df_fuz.merge(df_defensive, on='full_name', how='left')
             ^^^^^^^^^^^^^^^^^^^^^^^^^^^^^^^^^^^^^^^^^^^^^^^^^^^^^^
  File "/home/tars/Projects/fpl-oracle/venv311/lib/python3.11/site-packages/pandas/core/frame.py", line 10859, in merge
    return merge(
           ^^^^^^
  File "/home/tars/Projects/fpl-oracle/venv311/lib/python3.11/site-packages/pandas/core/reshape/merge.py", line 170, in merge
    op = _MergeOperation(
         ^^^^^^^^^^^^^^^^
  File "/home/tars/Projects/fpl-oracle/venv311/lib/python3.11/site-packages/pandas/core/reshape/merge.py", line 794, in __init__
    ) = self._get_merge_keys()
        ^^^^^^^^^^^^^^^^^^^^^^
  File "/home/tars/Projects/fpl-oracle/venv311/lib/python3.11/site-packages/pandas/core/reshape/merge.py", line 1298, in _get_merge_keys
    right_keys.append(right._get_label_or_level_values(rk))
                      ^^^^^^^^^^^^^^^^^^^^^^^^^^^^^^^^^^^^
  File "/home/tars/Projects/fpl-oracle/venv311/lib/python3.11/site-packages/pandas/core/generic.py", line 1914, in _get_label_or_level_values
    raise KeyError(key)
KeyError: 'full_name'
The current gameweek is:  0
Traceback (most recent call last):
  File "/home/tars/Projects/fpl-oracle/data_v3.py", line 643, in <module>
    df = join_it_all_together()
         ^^^^^^^^^^^^^^^^^^^^^^
  File "/home/tars/Projects/fpl-oracle/data_v3.py", line 511, in join_it_all_together
    df_fuz = df_fuz.merge(df_defensive, on='full_name', how='left')
             ^^^^^^^^^^^^^^^^^^^^^^^^^^^^^^^^^^^^^^^^^^^^^^^^^^^^^^
  File "/home/tars/Projects/fpl-oracle/venv311/lib/python3.11/site-packages/pandas/core/frame.py", line 10859, in merge
    return merge(
           ^^^^^^
  File "/home/tars/Projects/fpl-oracle/venv311/lib/python3.11/site-packages/pandas/core/reshape/merge.py", line 170, in merge
    op = _MergeOperation(
         ^^^^^^^^^^^^^^^^
  File "/home/tars/Projects/fpl-oracle/venv311/lib/python3.11/site-packages/pandas/core/reshape/merge.py", line 794, in __init__
    ) = self._get_merge_keys()
        ^^^^^^^^^^^^^^^^^^^^^^
  File "/home/tars/Projects/fpl-oracle/venv311/lib/python3.11/site-packages/pandas/core/reshape/merge.py", line 1298, in _get_merge_keys
    right_keys.append(right._get_label_or_level_values(rk))
                      ^^^^^^^^^^^^^^^^^^^^^^^^^^^^^^^^^^^^
  File "/home/tars/Projects/fpl-oracle/venv311/lib/python3.11/site-packages/pandas/core/generic.py", line 1914, in _get_label_or_level_values
    raise KeyError(key)
KeyError: 'full_name'
The current gameweek is:  0
Traceback (most recent call last):
  File "/home/tars/Projects/fpl-oracle/data_v3.py", line 643, in <module>
    df = join_it_all_together()
         ^^^^^^^^^^^^^^^^^^^^^^
  File "/home/tars/Projects/fpl-oracle/data_v3.py", line 511, in join_it_all_together
    df_fuz = df_fuz.merge(df_defensive, on='full_name', how='left')
             ^^^^^^^^^^^^^^^^^^^^^^^^^^^^^^^^^^^^^^^^^^^^^^^^^^^^^^
  File "/home/tars/Projects/fpl-oracle/venv311/lib/python3.11/site-packages/pandas/core/frame.py", line 10859, in merge
    return merge(
           ^^^^^^
  File "/home/tars/Projects/fpl-oracle/venv311/lib/python3.11/site-packages/pandas/core/reshape/merge.py", line 170, in merge
    op = _MergeOperation(
         ^^^^^^^^^^^^^^^^
  File "/home/tars/Projects/fpl-oracle/venv311/lib/python3.11/site-packages/pandas/core/reshape/merge.py", line 794, in __init__
    ) = self._get_merge_keys()
        ^^^^^^^^^^^^^^^^^^^^^^
  File "/home/tars/Projects/fpl-oracle/venv311/lib/python3.11/site-packages/pandas/core/reshape/merge.py", line 1298, in _get_merge_keys
    right_keys.append(right._get_label_or_level_values(rk))
                      ^^^^^^^^^^^^^^^^^^^^^^^^^^^^^^^^^^^^
  File "/home/tars/Projects/fpl-oracle/venv311/lib/python3.11/site-packages/pandas/core/generic.py", line 1914, in _get_label_or_level_values
    raise KeyError(key)
KeyError: 'full_name'
The current gameweek is:  0
Traceback (most recent call last):
  File "/home/tars/Projects/fpl-oracle/data_v3.py", line 643, in <module>
    df = join_it_all_together()
         ^^^^^^^^^^^^^^^^^^^^^^
  File "/home/tars/Projects/fpl-oracle/data_v3.py", line 511, in join_it_all_together
    df_fuz = df_fuz.merge(df_defensive, on='full_name', how='left')
             ^^^^^^^^^^^^^^^^^^^^^^^^^^^^^^^^^^^^^^^^^^^^^^^^^^^^^^
  File "/home/tars/Projects/fpl-oracle/venv311/lib/python3.11/site-packages/pandas/core/frame.py", line 10859, in merge
    return merge(
           ^^^^^^
  File "/home/tars/Projects/fpl-oracle/venv311/lib/python3.11/site-packages/pandas/core/reshape/merge.py", line 170, in merge
    op = _MergeOperation(
         ^^^^^^^^^^^^^^^^
  File "/home/tars/Projects/fpl-oracle/venv311/lib/python3.11/site-packages/pandas/core/reshape/merge.py", line 794, in __init__
    ) = self._get_merge_keys()
        ^^^^^^^^^^^^^^^^^^^^^^
  File "/home/tars/Projects/fpl-oracle/venv311/lib/python3.11/site-packages/pandas/core/reshape/merge.py", line 1298, in _get_merge_keys
    right_keys.append(right._get_label_or_level_values(rk))
                      ^^^^^^^^^^^^^^^^^^^^^^^^^^^^^^^^^^^^
  File "/home/tars/Projects/fpl-oracle/venv311/lib/python3.11/site-packages/pandas/core/generic.py", line 1914, in _get_label_or_level_values
    raise KeyError(key)
KeyError: 'full_name'
The current gameweek is:  0
Traceback (most recent call last):
  File "/home/tars/Projects/fpl-oracle/data_v3.py", line 643, in <module>
    df = join_it_all_together()
         ^^^^^^^^^^^^^^^^^^^^^^
  File "/home/tars/Projects/fpl-oracle/data_v3.py", line 511, in join_it_all_together
    df_fuz = df_fuz.merge(df_defensive, on='full_name', how='left')
             ^^^^^^^^^^^^^^^^^^^^^^^^^^^^^^^^^^^^^^^^^^^^^^^^^^^^^^
  File "/home/tars/Projects/fpl-oracle/venv311/lib/python3.11/site-packages/pandas/core/frame.py", line 10859, in merge
    return merge(
           ^^^^^^
  File "/home/tars/Projects/fpl-oracle/venv311/lib/python3.11/site-packages/pandas/core/reshape/merge.py", line 170, in merge
    op = _MergeOperation(
         ^^^^^^^^^^^^^^^^
  File "/home/tars/Projects/fpl-oracle/venv311/lib/python3.11/site-packages/pandas/core/reshape/merge.py", line 794, in __init__
    ) = self._get_merge_keys()
        ^^^^^^^^^^^^^^^^^^^^^^
  File "/home/tars/Projects/fpl-oracle/venv311/lib/python3.11/site-packages/pandas/core/reshape/merge.py", line 1298, in _get_merge_keys
    right_keys.append(right._get_label_or_level_values(rk))
                      ^^^^^^^^^^^^^^^^^^^^^^^^^^^^^^^^^^^^
  File "/home/tars/Projects/fpl-oracle/venv311/lib/python3.11/site-packages/pandas/core/generic.py", line 1914, in _get_label_or_level_values
    raise KeyError(key)
KeyError: 'full_name'
The current gameweek is:  0
Traceback (most recent call last):
  File "/home/tars/Projects/fpl-oracle/data_v3.py", line 643, in <module>
    df = join_it_all_together()
         ^^^^^^^^^^^^^^^^^^^^^^
  File "/home/tars/Projects/fpl-oracle/data_v3.py", line 511, in join_it_all_together
    df_fuz = df_fuz.merge(df_defensive, on='full_name', how='left')
             ^^^^^^^^^^^^^^^^^^^^^^^^^^^^^^^^^^^^^^^^^^^^^^^^^^^^^^
  File "/home/tars/Projects/fpl-oracle/venv311/lib/python3.11/site-packages/pandas/core/frame.py", line 10859, in merge
    return merge(
           ^^^^^^
  File "/home/tars/Projects/fpl-oracle/venv311/lib/python3.11/site-packages/pandas/core/reshape/merge.py", line 170, in merge
    op = _MergeOperation(
         ^^^^^^^^^^^^^^^^
  File "/home/tars/Projects/fpl-oracle/venv311/lib/python3.11/site-packages/pandas/core/reshape/merge.py", line 794, in __init__
    ) = self._get_merge_keys()
        ^^^^^^^^^^^^^^^^^^^^^^
  File "/home/tars/Projects/fpl-oracle/venv311/lib/python3.11/site-packages/pandas/core/reshape/merge.py", line 1298, in _get_merge_keys
    right_keys.append(right._get_label_or_level_values(rk))
                      ^^^^^^^^^^^^^^^^^^^^^^^^^^^^^^^^^^^^
  File "/home/tars/Projects/fpl-oracle/venv311/lib/python3.11/site-packages/pandas/core/generic.py", line 1914, in _get_label_or_level_values
    raise KeyError(key)
KeyError: 'full_name'
The current gameweek is:  0
Traceback (most recent call last):
  File "/home/tars/Projects/fpl-oracle/data_v3.py", line 643, in <module>
    df = join_it_all_together()
         ^^^^^^^^^^^^^^^^^^^^^^
  File "/home/tars/Projects/fpl-oracle/data_v3.py", line 511, in join_it_all_together
    df_fuz = df_fuz.merge(df_defensive, on='full_name', how='left')
             ^^^^^^^^^^^^^^^^^^^^^^^^^^^^^^^^^^^^^^^^^^^^^^^^^^^^^^
  File "/home/tars/Projects/fpl-oracle/venv311/lib/python3.11/site-packages/pandas/core/frame.py", line 10859, in merge
    return merge(
           ^^^^^^
  File "/home/tars/Projects/fpl-oracle/venv311/lib/python3.11/site-packages/pandas/core/reshape/merge.py", line 170, in merge
    op = _MergeOperation(
         ^^^^^^^^^^^^^^^^
  File "/home/tars/Projects/fpl-oracle/venv311/lib/python3.11/site-packages/pandas/core/reshape/merge.py", line 794, in __init__
    ) = self._get_merge_keys()
        ^^^^^^^^^^^^^^^^^^^^^^
  File "/home/tars/Projects/fpl-oracle/venv311/lib/python3.11/site-packages/pandas/core/reshape/merge.py", line 1298, in _get_merge_keys
    right_keys.append(right._get_label_or_level_values(rk))
                      ^^^^^^^^^^^^^^^^^^^^^^^^^^^^^^^^^^^^
  File "/home/tars/Projects/fpl-oracle/venv311/lib/python3.11/site-packages/pandas/core/generic.py", line 1914, in _get_label_or_level_values
    raise KeyError(key)
KeyError: 'full_name'
The current gameweek is:  0
Traceback (most recent call last):
  File "/home/tars/Projects/fpl-oracle/data_v3.py", line 643, in <module>
    df = join_it_all_together()
         ^^^^^^^^^^^^^^^^^^^^^^
  File "/home/tars/Projects/fpl-oracle/data_v3.py", line 511, in join_it_all_together
    df_fuz = df_fuz.merge(df_defensive, on='full_name', how='left')
             ^^^^^^^^^^^^^^^^^^^^^^^^^^^^^^^^^^^^^^^^^^^^^^^^^^^^^^
  File "/home/tars/Projects/fpl-oracle/venv311/lib/python3.11/site-packages/pandas/core/frame.py", line 10859, in merge
    return merge(
           ^^^^^^
  File "/home/tars/Projects/fpl-oracle/venv311/lib/python3.11/site-packages/pandas/core/reshape/merge.py", line 170, in merge
    op = _MergeOperation(
         ^^^^^^^^^^^^^^^^
  File "/home/tars/Projects/fpl-oracle/venv311/lib/python3.11/site-packages/pandas/core/reshape/merge.py", line 794, in __init__
    ) = self._get_merge_keys()
        ^^^^^^^^^^^^^^^^^^^^^^
  File "/home/tars/Projects/fpl-oracle/venv311/lib/python3.11/site-packages/pandas/core/reshape/merge.py", line 1298, in _get_merge_keys
    right_keys.append(right._get_label_or_level_values(rk))
                      ^^^^^^^^^^^^^^^^^^^^^^^^^^^^^^^^^^^^
  File "/home/tars/Projects/fpl-oracle/venv311/lib/python3.11/site-packages/pandas/core/generic.py", line 1914, in _get_label_or_level_values
    raise KeyError(key)
KeyError: 'full_name'
The current gameweek is:  0
Traceback (most recent call last):
  File "/home/tars/Projects/fpl-oracle/data_v3.py", line 643, in <module>
    df = join_it_all_together()
         ^^^^^^^^^^^^^^^^^^^^^^
  File "/home/tars/Projects/fpl-oracle/data_v3.py", line 511, in join_it_all_together
    df_fuz = df_fuz.merge(df_defensive, on='full_name', how='left')
             ^^^^^^^^^^^^^^^^^^^^^^^^^^^^^^^^^^^^^^^^^^^^^^^^^^^^^^
  File "/home/tars/Projects/fpl-oracle/venv311/lib/python3.11/site-packages/pandas/core/frame.py", line 10859, in merge
    return merge(
           ^^^^^^
  File "/home/tars/Projects/fpl-oracle/venv311/lib/python3.11/site-packages/pandas/core/reshape/merge.py", line 170, in merge
    op = _MergeOperation(
         ^^^^^^^^^^^^^^^^
  File "/home/tars/Projects/fpl-oracle/venv311/lib/python3.11/site-packages/pandas/core/reshape/merge.py", line 794, in __init__
    ) = self._get_merge_keys()
        ^^^^^^^^^^^^^^^^^^^^^^
  File "/home/tars/Projects/fpl-oracle/venv311/lib/python3.11/site-packages/pandas/core/reshape/merge.py", line 1298, in _get_merge_keys
    right_keys.append(right._get_label_or_level_values(rk))
                      ^^^^^^^^^^^^^^^^^^^^^^^^^^^^^^^^^^^^
  File "/home/tars/Projects/fpl-oracle/venv311/lib/python3.11/site-packages/pandas/core/generic.py", line 1914, in _get_label_or_level_values
    raise KeyError(key)
KeyError: 'full_name'
The current gameweek is:  0
Traceback (most recent call last):
  File "/home/tars/Projects/fpl-oracle/data_v3.py", line 643, in <module>
    df = join_it_all_together()
         ^^^^^^^^^^^^^^^^^^^^^^
  File "/home/tars/Projects/fpl-oracle/data_v3.py", line 511, in join_it_all_together
    df_fuz = df_fuz.merge(df_defensive, on='full_name', how='left')
             ^^^^^^^^^^^^^^^^^^^^^^^^^^^^^^^^^^^^^^^^^^^^^^^^^^^^^^
  File "/home/tars/Projects/fpl-oracle/venv311/lib/python3.11/site-packages/pandas/core/frame.py", line 10859, in merge
    return merge(
           ^^^^^^
  File "/home/tars/Projects/fpl-oracle/venv311/lib/python3.11/site-packages/pandas/core/reshape/merge.py", line 170, in merge
    op = _MergeOperation(
         ^^^^^^^^^^^^^^^^
  File "/home/tars/Projects/fpl-oracle/venv311/lib/python3.11/site-packages/pandas/core/reshape/merge.py", line 794, in __init__
    ) = self._get_merge_keys()
        ^^^^^^^^^^^^^^^^^^^^^^
  File "/home/tars/Projects/fpl-oracle/venv311/lib/python3.11/site-packages/pandas/core/reshape/merge.py", line 1298, in _get_merge_keys
    right_keys.append(right._get_label_or_level_values(rk))
                      ^^^^^^^^^^^^^^^^^^^^^^^^^^^^^^^^^^^^
  File "/home/tars/Projects/fpl-oracle/venv311/lib/python3.11/site-packages/pandas/core/generic.py", line 1914, in _get_label_or_level_values
    raise KeyError(key)
KeyError: 'full_name'
The current gameweek is:  0
Traceback (most recent call last):
  File "/home/tars/Projects/fpl-oracle/data_v3.py", line 643, in <module>
    df = join_it_all_together()
         ^^^^^^^^^^^^^^^^^^^^^^
  File "/home/tars/Projects/fpl-oracle/data_v3.py", line 511, in join_it_all_together
    df_fuz = df_fuz.merge(df_defensive, on='full_name', how='left')
             ^^^^^^^^^^^^^^^^^^^^^^^^^^^^^^^^^^^^^^^^^^^^^^^^^^^^^^
  File "/home/tars/Projects/fpl-oracle/venv311/lib/python3.11/site-packages/pandas/core/frame.py", line 10859, in merge
    return merge(
           ^^^^^^
  File "/home/tars/Projects/fpl-oracle/venv311/lib/python3.11/site-packages/pandas/core/reshape/merge.py", line 170, in merge
    op = _MergeOperation(
         ^^^^^^^^^^^^^^^^
  File "/home/tars/Projects/fpl-oracle/venv311/lib/python3.11/site-packages/pandas/core/reshape/merge.py", line 794, in __init__
    ) = self._get_merge_keys()
        ^^^^^^^^^^^^^^^^^^^^^^
  File "/home/tars/Projects/fpl-oracle/venv311/lib/python3.11/site-packages/pandas/core/reshape/merge.py", line 1298, in _get_merge_keys
    right_keys.append(right._get_label_or_level_values(rk))
                      ^^^^^^^^^^^^^^^^^^^^^^^^^^^^^^^^^^^^
  File "/home/tars/Projects/fpl-oracle/venv311/lib/python3.11/site-packages/pandas/core/generic.py", line 1914, in _get_label_or_level_values
    raise KeyError(key)
KeyError: 'full_name'
The current gameweek is:  0
Traceback (most recent call last):
  File "/home/tars/Projects/fpl-oracle/data_v3.py", line 643, in <module>
    df = join_it_all_together()
         ^^^^^^^^^^^^^^^^^^^^^^
  File "/home/tars/Projects/fpl-oracle/data_v3.py", line 511, in join_it_all_together
    df_fuz = df_fuz.merge(df_defensive, on='full_name', how='left')
             ^^^^^^^^^^^^^^^^^^^^^^^^^^^^^^^^^^^^^^^^^^^^^^^^^^^^^^
  File "/home/tars/Projects/fpl-oracle/venv311/lib/python3.11/site-packages/pandas/core/frame.py", line 10859, in merge
    return merge(
           ^^^^^^
  File "/home/tars/Projects/fpl-oracle/venv311/lib/python3.11/site-packages/pandas/core/reshape/merge.py", line 170, in merge
    op = _MergeOperation(
         ^^^^^^^^^^^^^^^^
  File "/home/tars/Projects/fpl-oracle/venv311/lib/python3.11/site-packages/pandas/core/reshape/merge.py", line 794, in __init__
    ) = self._get_merge_keys()
        ^^^^^^^^^^^^^^^^^^^^^^
  File "/home/tars/Projects/fpl-oracle/venv311/lib/python3.11/site-packages/pandas/core/reshape/merge.py", line 1298, in _get_merge_keys
    right_keys.append(right._get_label_or_level_values(rk))
                      ^^^^^^^^^^^^^^^^^^^^^^^^^^^^^^^^^^^^
  File "/home/tars/Projects/fpl-oracle/venv311/lib/python3.11/site-packages/pandas/core/generic.py", line 1914, in _get_label_or_level_values
    raise KeyError(key)
KeyError: 'full_name'
The current gameweek is:  0
Traceback (most recent call last):
  File "/home/tars/Projects/fpl-oracle/data_v3.py", line 643, in <module>
    df = join_it_all_together()
         ^^^^^^^^^^^^^^^^^^^^^^
  File "/home/tars/Projects/fpl-oracle/data_v3.py", line 511, in join_it_all_together
    df_fuz = df_fuz.merge(df_defensive, on='full_name', how='left')
             ^^^^^^^^^^^^^^^^^^^^^^^^^^^^^^^^^^^^^^^^^^^^^^^^^^^^^^
  File "/home/tars/Projects/fpl-oracle/venv311/lib/python3.11/site-packages/pandas/core/frame.py", line 10859, in merge
    return merge(
           ^^^^^^
  File "/home/tars/Projects/fpl-oracle/venv311/lib/python3.11/site-packages/pandas/core/reshape/merge.py", line 170, in merge
    op = _MergeOperation(
         ^^^^^^^^^^^^^^^^
  File "/home/tars/Projects/fpl-oracle/venv311/lib/python3.11/site-packages/pandas/core/reshape/merge.py", line 794, in __init__
    ) = self._get_merge_keys()
        ^^^^^^^^^^^^^^^^^^^^^^
  File "/home/tars/Projects/fpl-oracle/venv311/lib/python3.11/site-packages/pandas/core/reshape/merge.py", line 1298, in _get_merge_keys
    right_keys.append(right._get_label_or_level_values(rk))
                      ^^^^^^^^^^^^^^^^^^^^^^^^^^^^^^^^^^^^
  File "/home/tars/Projects/fpl-oracle/venv311/lib/python3.11/site-packages/pandas/core/generic.py", line 1914, in _get_label_or_level_values
    raise KeyError(key)
KeyError: 'full_name'
The current gameweek is:  0
Traceback (most recent call last):
  File "/home/tars/Projects/fpl-oracle/data_v3.py", line 643, in <module>
    df = join_it_all_together()
         ^^^^^^^^^^^^^^^^^^^^^^
  File "/home/tars/Projects/fpl-oracle/data_v3.py", line 511, in join_it_all_together
    df_fuz = df_fuz.merge(df_defensive, on='full_name', how='left')
             ^^^^^^^^^^^^^^^^^^^^^^^^^^^^^^^^^^^^^^^^^^^^^^^^^^^^^^
  File "/home/tars/Projects/fpl-oracle/venv311/lib/python3.11/site-packages/pandas/core/frame.py", line 10859, in merge
    return merge(
           ^^^^^^
  File "/home/tars/Projects/fpl-oracle/venv311/lib/python3.11/site-packages/pandas/core/reshape/merge.py", line 170, in merge
    op = _MergeOperation(
         ^^^^^^^^^^^^^^^^
  File "/home/tars/Projects/fpl-oracle/venv311/lib/python3.11/site-packages/pandas/core/reshape/merge.py", line 794, in __init__
    ) = self._get_merge_keys()
        ^^^^^^^^^^^^^^^^^^^^^^
  File "/home/tars/Projects/fpl-oracle/venv311/lib/python3.11/site-packages/pandas/core/reshape/merge.py", line 1298, in _get_merge_keys
    right_keys.append(right._get_label_or_level_values(rk))
                      ^^^^^^^^^^^^^^^^^^^^^^^^^^^^^^^^^^^^
  File "/home/tars/Projects/fpl-oracle/venv311/lib/python3.11/site-packages/pandas/core/generic.py", line 1914, in _get_label_or_level_values
    raise KeyError(key)
KeyError: 'full_name'
The current gameweek is:  0
Traceback (most recent call last):
  File "/home/tars/Projects/fpl-oracle/data_v3.py", line 643, in <module>
    df = join_it_all_together()
         ^^^^^^^^^^^^^^^^^^^^^^
  File "/home/tars/Projects/fpl-oracle/data_v3.py", line 511, in join_it_all_together
    df_fuz = df_fuz.merge(df_defensive, on='full_name', how='left')
             ^^^^^^^^^^^^^^^^^^^^^^^^^^^^^^^^^^^^^^^^^^^^^^^^^^^^^^
  File "/home/tars/Projects/fpl-oracle/venv311/lib/python3.11/site-packages/pandas/core/frame.py", line 10859, in merge
    return merge(
           ^^^^^^
  File "/home/tars/Projects/fpl-oracle/venv311/lib/python3.11/site-packages/pandas/core/reshape/merge.py", line 170, in merge
    op = _MergeOperation(
         ^^^^^^^^^^^^^^^^
  File "/home/tars/Projects/fpl-oracle/venv311/lib/python3.11/site-packages/pandas/core/reshape/merge.py", line 794, in __init__
    ) = self._get_merge_keys()
        ^^^^^^^^^^^^^^^^^^^^^^
  File "/home/tars/Projects/fpl-oracle/venv311/lib/python3.11/site-packages/pandas/core/reshape/merge.py", line 1298, in _get_merge_keys
    right_keys.append(right._get_label_or_level_values(rk))
                      ^^^^^^^^^^^^^^^^^^^^^^^^^^^^^^^^^^^^
  File "/home/tars/Projects/fpl-oracle/venv311/lib/python3.11/site-packages/pandas/core/generic.py", line 1914, in _get_label_or_level_values
    raise KeyError(key)
KeyError: 'full_name'
The current gameweek is:  0
Traceback (most recent call last):
  File "/home/tars/Projects/fpl-oracle/data_v3.py", line 643, in <module>
    df = join_it_all_together()
         ^^^^^^^^^^^^^^^^^^^^^^
  File "/home/tars/Projects/fpl-oracle/data_v3.py", line 511, in join_it_all_together
    df_fuz = df_fuz.merge(df_defensive, on='full_name', how='left')
             ^^^^^^^^^^^^^^^^^^^^^^^^^^^^^^^^^^^^^^^^^^^^^^^^^^^^^^
  File "/home/tars/Projects/fpl-oracle/venv311/lib/python3.11/site-packages/pandas/core/frame.py", line 10859, in merge
    return merge(
           ^^^^^^
  File "/home/tars/Projects/fpl-oracle/venv311/lib/python3.11/site-packages/pandas/core/reshape/merge.py", line 170, in merge
    op = _MergeOperation(
         ^^^^^^^^^^^^^^^^
  File "/home/tars/Projects/fpl-oracle/venv311/lib/python3.11/site-packages/pandas/core/reshape/merge.py", line 794, in __init__
    ) = self._get_merge_keys()
        ^^^^^^^^^^^^^^^^^^^^^^
  File "/home/tars/Projects/fpl-oracle/venv311/lib/python3.11/site-packages/pandas/core/reshape/merge.py", line 1298, in _get_merge_keys
    right_keys.append(right._get_label_or_level_values(rk))
                      ^^^^^^^^^^^^^^^^^^^^^^^^^^^^^^^^^^^^
  File "/home/tars/Projects/fpl-oracle/venv311/lib/python3.11/site-packages/pandas/core/generic.py", line 1914, in _get_label_or_level_values
    raise KeyError(key)
KeyError: 'full_name'
The current gameweek is:  0
Traceback (most recent call last):
  File "/home/tars/Projects/fpl-oracle/data_v3.py", line 643, in <module>
    df = join_it_all_together()
         ^^^^^^^^^^^^^^^^^^^^^^
  File "/home/tars/Projects/fpl-oracle/data_v3.py", line 511, in join_it_all_together
    df_fuz = df_fuz.merge(df_defensive, on='full_name', how='left')
             ^^^^^^^^^^^^^^^^^^^^^^^^^^^^^^^^^^^^^^^^^^^^^^^^^^^^^^
  File "/home/tars/Projects/fpl-oracle/venv311/lib/python3.11/site-packages/pandas/core/frame.py", line 10859, in merge
    return merge(
           ^^^^^^
  File "/home/tars/Projects/fpl-oracle/venv311/lib/python3.11/site-packages/pandas/core/reshape/merge.py", line 170, in merge
    op = _MergeOperation(
         ^^^^^^^^^^^^^^^^
  File "/home/tars/Projects/fpl-oracle/venv311/lib/python3.11/site-packages/pandas/core/reshape/merge.py", line 794, in __init__
    ) = self._get_merge_keys()
        ^^^^^^^^^^^^^^^^^^^^^^
  File "/home/tars/Projects/fpl-oracle/venv311/lib/python3.11/site-packages/pandas/core/reshape/merge.py", line 1298, in _get_merge_keys
    right_keys.append(right._get_label_or_level_values(rk))
                      ^^^^^^^^^^^^^^^^^^^^^^^^^^^^^^^^^^^^
  File "/home/tars/Projects/fpl-oracle/venv311/lib/python3.11/site-packages/pandas/core/generic.py", line 1914, in _get_label_or_level_values
    raise KeyError(key)
KeyError: 'full_name'
The current gameweek is:  0
Traceback (most recent call last):
  File "/home/tars/Projects/fpl-oracle/data_v3.py", line 643, in <module>
    df = join_it_all_together()
         ^^^^^^^^^^^^^^^^^^^^^^
  File "/home/tars/Projects/fpl-oracle/data_v3.py", line 511, in join_it_all_together
    df_fuz = df_fuz.merge(df_defensive, on='full_name', how='left')
             ^^^^^^^^^^^^^^^^^^^^^^^^^^^^^^^^^^^^^^^^^^^^^^^^^^^^^^
  File "/home/tars/Projects/fpl-oracle/venv311/lib/python3.11/site-packages/pandas/core/frame.py", line 10859, in merge
    return merge(
           ^^^^^^
  File "/home/tars/Projects/fpl-oracle/venv311/lib/python3.11/site-packages/pandas/core/reshape/merge.py", line 170, in merge
    op = _MergeOperation(
         ^^^^^^^^^^^^^^^^
  File "/home/tars/Projects/fpl-oracle/venv311/lib/python3.11/site-packages/pandas/core/reshape/merge.py", line 794, in __init__
    ) = self._get_merge_keys()
        ^^^^^^^^^^^^^^^^^^^^^^
  File "/home/tars/Projects/fpl-oracle/venv311/lib/python3.11/site-packages/pandas/core/reshape/merge.py", line 1298, in _get_merge_keys
    right_keys.append(right._get_label_or_level_values(rk))
                      ^^^^^^^^^^^^^^^^^^^^^^^^^^^^^^^^^^^^
  File "/home/tars/Projects/fpl-oracle/venv311/lib/python3.11/site-packages/pandas/core/generic.py", line 1914, in _get_label_or_level_values
    raise KeyError(key)
KeyError: 'full_name'
The current gameweek is:  0
Traceback (most recent call last):
  File "/home/tars/Projects/fpl-oracle/data_v3.py", line 643, in <module>
    df = join_it_all_together()
         ^^^^^^^^^^^^^^^^^^^^^^
  File "/home/tars/Projects/fpl-oracle/data_v3.py", line 511, in join_it_all_together
    df_fuz = df_fuz.merge(df_defensive, on='full_name', how='left')
             ^^^^^^^^^^^^^^^^^^^^^^^^^^^^^^^^^^^^^^^^^^^^^^^^^^^^^^
  File "/home/tars/Projects/fpl-oracle/venv311/lib/python3.11/site-packages/pandas/core/frame.py", line 10859, in merge
    return merge(
           ^^^^^^
  File "/home/tars/Projects/fpl-oracle/venv311/lib/python3.11/site-packages/pandas/core/reshape/merge.py", line 170, in merge
    op = _MergeOperation(
         ^^^^^^^^^^^^^^^^
  File "/home/tars/Projects/fpl-oracle/venv311/lib/python3.11/site-packages/pandas/core/reshape/merge.py", line 794, in __init__
    ) = self._get_merge_keys()
        ^^^^^^^^^^^^^^^^^^^^^^
  File "/home/tars/Projects/fpl-oracle/venv311/lib/python3.11/site-packages/pandas/core/reshape/merge.py", line 1298, in _get_merge_keys
    right_keys.append(right._get_label_or_level_values(rk))
                      ^^^^^^^^^^^^^^^^^^^^^^^^^^^^^^^^^^^^
  File "/home/tars/Projects/fpl-oracle/venv311/lib/python3.11/site-packages/pandas/core/generic.py", line 1914, in _get_label_or_level_values
    raise KeyError(key)
KeyError: 'full_name'
The current gameweek is:  0
Traceback (most recent call last):
  File "/home/tars/Projects/fpl-oracle/data_v3.py", line 643, in <module>
    df = join_it_all_together()
         ^^^^^^^^^^^^^^^^^^^^^^
  File "/home/tars/Projects/fpl-oracle/data_v3.py", line 511, in join_it_all_together
    df_fuz = df_fuz.merge(df_defensive, on='full_name', how='left')
             ^^^^^^^^^^^^^^^^^^^^^^^^^^^^^^^^^^^^^^^^^^^^^^^^^^^^^^
  File "/home/tars/Projects/fpl-oracle/venv311/lib/python3.11/site-packages/pandas/core/frame.py", line 10859, in merge
    return merge(
           ^^^^^^
  File "/home/tars/Projects/fpl-oracle/venv311/lib/python3.11/site-packages/pandas/core/reshape/merge.py", line 170, in merge
    op = _MergeOperation(
         ^^^^^^^^^^^^^^^^
  File "/home/tars/Projects/fpl-oracle/venv311/lib/python3.11/site-packages/pandas/core/reshape/merge.py", line 794, in __init__
    ) = self._get_merge_keys()
        ^^^^^^^^^^^^^^^^^^^^^^
  File "/home/tars/Projects/fpl-oracle/venv311/lib/python3.11/site-packages/pandas/core/reshape/merge.py", line 1298, in _get_merge_keys
    right_keys.append(right._get_label_or_level_values(rk))
                      ^^^^^^^^^^^^^^^^^^^^^^^^^^^^^^^^^^^^
  File "/home/tars/Projects/fpl-oracle/venv311/lib/python3.11/site-packages/pandas/core/generic.py", line 1914, in _get_label_or_level_values
    raise KeyError(key)
KeyError: 'full_name'
The current gameweek is:  0
Traceback (most recent call last):
  File "/home/tars/Projects/fpl-oracle/data_v3.py", line 643, in <module>
    df = join_it_all_together()
         ^^^^^^^^^^^^^^^^^^^^^^
  File "/home/tars/Projects/fpl-oracle/data_v3.py", line 511, in join_it_all_together
    df_fuz = df_fuz.merge(df_defensive, on='full_name', how='left')
             ^^^^^^^^^^^^^^^^^^^^^^^^^^^^^^^^^^^^^^^^^^^^^^^^^^^^^^
  File "/home/tars/Projects/fpl-oracle/venv311/lib/python3.11/site-packages/pandas/core/frame.py", line 10859, in merge
    return merge(
           ^^^^^^
  File "/home/tars/Projects/fpl-oracle/venv311/lib/python3.11/site-packages/pandas/core/reshape/merge.py", line 170, in merge
    op = _MergeOperation(
         ^^^^^^^^^^^^^^^^
  File "/home/tars/Projects/fpl-oracle/venv311/lib/python3.11/site-packages/pandas/core/reshape/merge.py", line 794, in __init__
    ) = self._get_merge_keys()
        ^^^^^^^^^^^^^^^^^^^^^^
  File "/home/tars/Projects/fpl-oracle/venv311/lib/python3.11/site-packages/pandas/core/reshape/merge.py", line 1298, in _get_merge_keys
    right_keys.append(right._get_label_or_level_values(rk))
                      ^^^^^^^^^^^^^^^^^^^^^^^^^^^^^^^^^^^^
  File "/home/tars/Projects/fpl-oracle/venv311/lib/python3.11/site-packages/pandas/core/generic.py", line 1914, in _get_label_or_level_values
    raise KeyError(key)
KeyError: 'full_name'
The current gameweek is:  0
Traceback (most recent call last):
  File "/home/tars/Projects/fpl-oracle/data_v3.py", line 643, in <module>
    df = join_it_all_together()
         ^^^^^^^^^^^^^^^^^^^^^^
  File "/home/tars/Projects/fpl-oracle/data_v3.py", line 511, in join_it_all_together
    df_fuz = df_fuz.merge(df_defensive, on='full_name', how='left')
             ^^^^^^^^^^^^^^^^^^^^^^^^^^^^^^^^^^^^^^^^^^^^^^^^^^^^^^
  File "/home/tars/Projects/fpl-oracle/venv311/lib/python3.11/site-packages/pandas/core/frame.py", line 10859, in merge
    return merge(
           ^^^^^^
  File "/home/tars/Projects/fpl-oracle/venv311/lib/python3.11/site-packages/pandas/core/reshape/merge.py", line 170, in merge
    op = _MergeOperation(
         ^^^^^^^^^^^^^^^^
  File "/home/tars/Projects/fpl-oracle/venv311/lib/python3.11/site-packages/pandas/core/reshape/merge.py", line 794, in __init__
    ) = self._get_merge_keys()
        ^^^^^^^^^^^^^^^^^^^^^^
  File "/home/tars/Projects/fpl-oracle/venv311/lib/python3.11/site-packages/pandas/core/reshape/merge.py", line 1298, in _get_merge_keys
    right_keys.append(right._get_label_or_level_values(rk))
                      ^^^^^^^^^^^^^^^^^^^^^^^^^^^^^^^^^^^^
  File "/home/tars/Projects/fpl-oracle/venv311/lib/python3.11/site-packages/pandas/core/generic.py", line 1914, in _get_label_or_level_values
    raise KeyError(key)
KeyError: 'full_name'
The current gameweek is:  0
Traceback (most recent call last):
  File "/home/tars/Projects/fpl-oracle/data_v3.py", line 643, in <module>
    df = join_it_all_together()
         ^^^^^^^^^^^^^^^^^^^^^^
  File "/home/tars/Projects/fpl-oracle/data_v3.py", line 511, in join_it_all_together
    df_fuz = df_fuz.merge(df_defensive, on='full_name', how='left')
             ^^^^^^^^^^^^^^^^^^^^^^^^^^^^^^^^^^^^^^^^^^^^^^^^^^^^^^
  File "/home/tars/Projects/fpl-oracle/venv311/lib/python3.11/site-packages/pandas/core/frame.py", line 10859, in merge
    return merge(
           ^^^^^^
  File "/home/tars/Projects/fpl-oracle/venv311/lib/python3.11/site-packages/pandas/core/reshape/merge.py", line 170, in merge
    op = _MergeOperation(
         ^^^^^^^^^^^^^^^^
  File "/home/tars/Projects/fpl-oracle/venv311/lib/python3.11/site-packages/pandas/core/reshape/merge.py", line 794, in __init__
    ) = self._get_merge_keys()
        ^^^^^^^^^^^^^^^^^^^^^^
  File "/home/tars/Projects/fpl-oracle/venv311/lib/python3.11/site-packages/pandas/core/reshape/merge.py", line 1298, in _get_merge_keys
    right_keys.append(right._get_label_or_level_values(rk))
                      ^^^^^^^^^^^^^^^^^^^^^^^^^^^^^^^^^^^^
  File "/home/tars/Projects/fpl-oracle/venv311/lib/python3.11/site-packages/pandas/core/generic.py", line 1914, in _get_label_or_level_values
    raise KeyError(key)
KeyError: 'full_name'
The current gameweek is:  0
Traceback (most recent call last):
  File "/home/tars/Projects/fpl-oracle/data_v3.py", line 643, in <module>
    df = join_it_all_together()
         ^^^^^^^^^^^^^^^^^^^^^^
  File "/home/tars/Projects/fpl-oracle/data_v3.py", line 511, in join_it_all_together
    df_fuz = df_fuz.merge(df_defensive, on='full_name', how='left')
             ^^^^^^^^^^^^^^^^^^^^^^^^^^^^^^^^^^^^^^^^^^^^^^^^^^^^^^
  File "/home/tars/Projects/fpl-oracle/venv311/lib/python3.11/site-packages/pandas/core/frame.py", line 10859, in merge
    return merge(
           ^^^^^^
  File "/home/tars/Projects/fpl-oracle/venv311/lib/python3.11/site-packages/pandas/core/reshape/merge.py", line 170, in merge
    op = _MergeOperation(
         ^^^^^^^^^^^^^^^^
  File "/home/tars/Projects/fpl-oracle/venv311/lib/python3.11/site-packages/pandas/core/reshape/merge.py", line 794, in __init__
    ) = self._get_merge_keys()
        ^^^^^^^^^^^^^^^^^^^^^^
  File "/home/tars/Projects/fpl-oracle/venv311/lib/python3.11/site-packages/pandas/core/reshape/merge.py", line 1298, in _get_merge_keys
    right_keys.append(right._get_label_or_level_values(rk))
                      ^^^^^^^^^^^^^^^^^^^^^^^^^^^^^^^^^^^^
  File "/home/tars/Projects/fpl-oracle/venv311/lib/python3.11/site-packages/pandas/core/generic.py", line 1914, in _get_label_or_level_values
    raise KeyError(key)
KeyError: 'full_name'
The current gameweek is:  0
Traceback (most recent call last):
  File "/home/tars/Projects/fpl-oracle/data_v3.py", line 643, in <module>
    df = join_it_all_together()
         ^^^^^^^^^^^^^^^^^^^^^^
  File "/home/tars/Projects/fpl-oracle/data_v3.py", line 511, in join_it_all_together
    df_fuz = df_fuz.merge(df_defensive, on='full_name', how='left')
             ^^^^^^^^^^^^^^^^^^^^^^^^^^^^^^^^^^^^^^^^^^^^^^^^^^^^^^
  File "/home/tars/Projects/fpl-oracle/venv311/lib/python3.11/site-packages/pandas/core/frame.py", line 10859, in merge
    return merge(
           ^^^^^^
  File "/home/tars/Projects/fpl-oracle/venv311/lib/python3.11/site-packages/pandas/core/reshape/merge.py", line 170, in merge
    op = _MergeOperation(
         ^^^^^^^^^^^^^^^^
  File "/home/tars/Projects/fpl-oracle/venv311/lib/python3.11/site-packages/pandas/core/reshape/merge.py", line 794, in __init__
    ) = self._get_merge_keys()
        ^^^^^^^^^^^^^^^^^^^^^^
  File "/home/tars/Projects/fpl-oracle/venv311/lib/python3.11/site-packages/pandas/core/reshape/merge.py", line 1298, in _get_merge_keys
    right_keys.append(right._get_label_or_level_values(rk))
                      ^^^^^^^^^^^^^^^^^^^^^^^^^^^^^^^^^^^^
  File "/home/tars/Projects/fpl-oracle/venv311/lib/python3.11/site-packages/pandas/core/generic.py", line 1914, in _get_label_or_level_values
    raise KeyError(key)
KeyError: 'full_name'
The current gameweek is:  0
Traceback (most recent call last):
  File "/home/tars/Projects/fpl-oracle/data_v3.py", line 643, in <module>
    df = join_it_all_together()
         ^^^^^^^^^^^^^^^^^^^^^^
  File "/home/tars/Projects/fpl-oracle/data_v3.py", line 511, in join_it_all_together
    df_fuz = df_fuz.merge(df_defensive, on='full_name', how='left')
             ^^^^^^^^^^^^^^^^^^^^^^^^^^^^^^^^^^^^^^^^^^^^^^^^^^^^^^
  File "/home/tars/Projects/fpl-oracle/venv311/lib/python3.11/site-packages/pandas/core/frame.py", line 10859, in merge
    return merge(
           ^^^^^^
  File "/home/tars/Projects/fpl-oracle/venv311/lib/python3.11/site-packages/pandas/core/reshape/merge.py", line 170, in merge
    op = _MergeOperation(
         ^^^^^^^^^^^^^^^^
  File "/home/tars/Projects/fpl-oracle/venv311/lib/python3.11/site-packages/pandas/core/reshape/merge.py", line 794, in __init__
    ) = self._get_merge_keys()
        ^^^^^^^^^^^^^^^^^^^^^^
  File "/home/tars/Projects/fpl-oracle/venv311/lib/python3.11/site-packages/pandas/core/reshape/merge.py", line 1298, in _get_merge_keys
    right_keys.append(right._get_label_or_level_values(rk))
                      ^^^^^^^^^^^^^^^^^^^^^^^^^^^^^^^^^^^^
  File "/home/tars/Projects/fpl-oracle/venv311/lib/python3.11/site-packages/pandas/core/generic.py", line 1914, in _get_label_or_level_values
    raise KeyError(key)
KeyError: 'full_name'
The current gameweek is:  0
Traceback (most recent call last):
  File "/home/tars/Projects/fpl-oracle/data_v3.py", line 643, in <module>
    df = join_it_all_together()
         ^^^^^^^^^^^^^^^^^^^^^^
  File "/home/tars/Projects/fpl-oracle/data_v3.py", line 511, in join_it_all_together
    df_fuz = df_fuz.merge(df_defensive, on='full_name', how='left')
             ^^^^^^^^^^^^^^^^^^^^^^^^^^^^^^^^^^^^^^^^^^^^^^^^^^^^^^
  File "/home/tars/Projects/fpl-oracle/venv311/lib/python3.11/site-packages/pandas/core/frame.py", line 10859, in merge
    return merge(
           ^^^^^^
  File "/home/tars/Projects/fpl-oracle/venv311/lib/python3.11/site-packages/pandas/core/reshape/merge.py", line 170, in merge
    op = _MergeOperation(
         ^^^^^^^^^^^^^^^^
  File "/home/tars/Projects/fpl-oracle/venv311/lib/python3.11/site-packages/pandas/core/reshape/merge.py", line 794, in __init__
    ) = self._get_merge_keys()
        ^^^^^^^^^^^^^^^^^^^^^^
  File "/home/tars/Projects/fpl-oracle/venv311/lib/python3.11/site-packages/pandas/core/reshape/merge.py", line 1298, in _get_merge_keys
    right_keys.append(right._get_label_or_level_values(rk))
                      ^^^^^^^^^^^^^^^^^^^^^^^^^^^^^^^^^^^^
  File "/home/tars/Projects/fpl-oracle/venv311/lib/python3.11/site-packages/pandas/core/generic.py", line 1914, in _get_label_or_level_values
    raise KeyError(key)
KeyError: 'full_name'
The current gameweek is:  0
Traceback (most recent call last):
  File "/home/tars/Projects/fpl-oracle/data_v3.py", line 643, in <module>
    df = join_it_all_together()
         ^^^^^^^^^^^^^^^^^^^^^^
  File "/home/tars/Projects/fpl-oracle/data_v3.py", line 511, in join_it_all_together
    df_fuz = df_fuz.merge(df_defensive, on='full_name', how='left')
             ^^^^^^^^^^^^^^^^^^^^^^^^^^^^^^^^^^^^^^^^^^^^^^^^^^^^^^
  File "/home/tars/Projects/fpl-oracle/venv311/lib/python3.11/site-packages/pandas/core/frame.py", line 10859, in merge
    return merge(
           ^^^^^^
  File "/home/tars/Projects/fpl-oracle/venv311/lib/python3.11/site-packages/pandas/core/reshape/merge.py", line 170, in merge
    op = _MergeOperation(
         ^^^^^^^^^^^^^^^^
  File "/home/tars/Projects/fpl-oracle/venv311/lib/python3.11/site-packages/pandas/core/reshape/merge.py", line 794, in __init__
    ) = self._get_merge_keys()
        ^^^^^^^^^^^^^^^^^^^^^^
  File "/home/tars/Projects/fpl-oracle/venv311/lib/python3.11/site-packages/pandas/core/reshape/merge.py", line 1298, in _get_merge_keys
    right_keys.append(right._get_label_or_level_values(rk))
                      ^^^^^^^^^^^^^^^^^^^^^^^^^^^^^^^^^^^^
  File "/home/tars/Projects/fpl-oracle/venv311/lib/python3.11/site-packages/pandas/core/generic.py", line 1914, in _get_label_or_level_values
    raise KeyError(key)
KeyError: 'full_name'
The current gameweek is:  0
Traceback (most recent call last):
  File "/home/tars/Projects/fpl-oracle/data_v3.py", line 643, in <module>
    df = join_it_all_together()
         ^^^^^^^^^^^^^^^^^^^^^^
  File "/home/tars/Projects/fpl-oracle/data_v3.py", line 511, in join_it_all_together
    df_fuz = df_fuz.merge(df_defensive, on='full_name', how='left')
             ^^^^^^^^^^^^^^^^^^^^^^^^^^^^^^^^^^^^^^^^^^^^^^^^^^^^^^
  File "/home/tars/Projects/fpl-oracle/venv311/lib/python3.11/site-packages/pandas/core/frame.py", line 10859, in merge
    return merge(
           ^^^^^^
  File "/home/tars/Projects/fpl-oracle/venv311/lib/python3.11/site-packages/pandas/core/reshape/merge.py", line 170, in merge
    op = _MergeOperation(
         ^^^^^^^^^^^^^^^^
  File "/home/tars/Projects/fpl-oracle/venv311/lib/python3.11/site-packages/pandas/core/reshape/merge.py", line 794, in __init__
    ) = self._get_merge_keys()
        ^^^^^^^^^^^^^^^^^^^^^^
  File "/home/tars/Projects/fpl-oracle/venv311/lib/python3.11/site-packages/pandas/core/reshape/merge.py", line 1298, in _get_merge_keys
    right_keys.append(right._get_label_or_level_values(rk))
                      ^^^^^^^^^^^^^^^^^^^^^^^^^^^^^^^^^^^^
  File "/home/tars/Projects/fpl-oracle/venv311/lib/python3.11/site-packages/pandas/core/generic.py", line 1914, in _get_label_or_level_values
    raise KeyError(key)
KeyError: 'full_name'
The current gameweek is:  0
Traceback (most recent call last):
  File "/home/tars/Projects/fpl-oracle/data_v3.py", line 643, in <module>
    df = join_it_all_together()
         ^^^^^^^^^^^^^^^^^^^^^^
  File "/home/tars/Projects/fpl-oracle/data_v3.py", line 511, in join_it_all_together
    df_fuz = df_fuz.merge(df_defensive, on='full_name', how='left')
             ^^^^^^^^^^^^^^^^^^^^^^^^^^^^^^^^^^^^^^^^^^^^^^^^^^^^^^
  File "/home/tars/Projects/fpl-oracle/venv311/lib/python3.11/site-packages/pandas/core/frame.py", line 10859, in merge
    return merge(
           ^^^^^^
  File "/home/tars/Projects/fpl-oracle/venv311/lib/python3.11/site-packages/pandas/core/reshape/merge.py", line 170, in merge
    op = _MergeOperation(
         ^^^^^^^^^^^^^^^^
  File "/home/tars/Projects/fpl-oracle/venv311/lib/python3.11/site-packages/pandas/core/reshape/merge.py", line 794, in __init__
    ) = self._get_merge_keys()
        ^^^^^^^^^^^^^^^^^^^^^^
  File "/home/tars/Projects/fpl-oracle/venv311/lib/python3.11/site-packages/pandas/core/reshape/merge.py", line 1298, in _get_merge_keys
    right_keys.append(right._get_label_or_level_values(rk))
                      ^^^^^^^^^^^^^^^^^^^^^^^^^^^^^^^^^^^^
  File "/home/tars/Projects/fpl-oracle/venv311/lib/python3.11/site-packages/pandas/core/generic.py", line 1914, in _get_label_or_level_values
    raise KeyError(key)
KeyError: 'full_name'
The current gameweek is:  0
Traceback (most recent call last):
  File "/home/tars/Projects/fpl-oracle/data_v3.py", line 643, in <module>
    df = join_it_all_together()
         ^^^^^^^^^^^^^^^^^^^^^^
  File "/home/tars/Projects/fpl-oracle/data_v3.py", line 511, in join_it_all_together
    df_fuz = df_fuz.merge(df_defensive, on='full_name', how='left')
             ^^^^^^^^^^^^^^^^^^^^^^^^^^^^^^^^^^^^^^^^^^^^^^^^^^^^^^
  File "/home/tars/Projects/fpl-oracle/venv311/lib/python3.11/site-packages/pandas/core/frame.py", line 10859, in merge
    return merge(
           ^^^^^^
  File "/home/tars/Projects/fpl-oracle/venv311/lib/python3.11/site-packages/pandas/core/reshape/merge.py", line 170, in merge
    op = _MergeOperation(
         ^^^^^^^^^^^^^^^^
  File "/home/tars/Projects/fpl-oracle/venv311/lib/python3.11/site-packages/pandas/core/reshape/merge.py", line 794, in __init__
    ) = self._get_merge_keys()
        ^^^^^^^^^^^^^^^^^^^^^^
  File "/home/tars/Projects/fpl-oracle/venv311/lib/python3.11/site-packages/pandas/core/reshape/merge.py", line 1298, in _get_merge_keys
    right_keys.append(right._get_label_or_level_values(rk))
                      ^^^^^^^^^^^^^^^^^^^^^^^^^^^^^^^^^^^^
  File "/home/tars/Projects/fpl-oracle/venv311/lib/python3.11/site-packages/pandas/core/generic.py", line 1914, in _get_label_or_level_values
    raise KeyError(key)
KeyError: 'full_name'
The current gameweek is:  0
Traceback (most recent call last):
  File "/home/tars/Projects/fpl-oracle/data_v3.py", line 643, in <module>
    df = join_it_all_together()
         ^^^^^^^^^^^^^^^^^^^^^^
  File "/home/tars/Projects/fpl-oracle/data_v3.py", line 511, in join_it_all_together
    df_fuz = df_fuz.merge(df_defensive, on='full_name', how='left')
             ^^^^^^^^^^^^^^^^^^^^^^^^^^^^^^^^^^^^^^^^^^^^^^^^^^^^^^
  File "/home/tars/Projects/fpl-oracle/venv311/lib/python3.11/site-packages/pandas/core/frame.py", line 10859, in merge
    return merge(
           ^^^^^^
  File "/home/tars/Projects/fpl-oracle/venv311/lib/python3.11/site-packages/pandas/core/reshape/merge.py", line 170, in merge
    op = _MergeOperation(
         ^^^^^^^^^^^^^^^^
  File "/home/tars/Projects/fpl-oracle/venv311/lib/python3.11/site-packages/pandas/core/reshape/merge.py", line 794, in __init__
    ) = self._get_merge_keys()
        ^^^^^^^^^^^^^^^^^^^^^^
  File "/home/tars/Projects/fpl-oracle/venv311/lib/python3.11/site-packages/pandas/core/reshape/merge.py", line 1298, in _get_merge_keys
    right_keys.append(right._get_label_or_level_values(rk))
                      ^^^^^^^^^^^^^^^^^^^^^^^^^^^^^^^^^^^^
  File "/home/tars/Projects/fpl-oracle/venv311/lib/python3.11/site-packages/pandas/core/generic.py", line 1914, in _get_label_or_level_values
    raise KeyError(key)
KeyError: 'full_name'
The current gameweek is:  0
Traceback (most recent call last):
  File "/home/tars/Projects/fpl-oracle/data_v3.py", line 643, in <module>
    df = join_it_all_together()
         ^^^^^^^^^^^^^^^^^^^^^^
  File "/home/tars/Projects/fpl-oracle/data_v3.py", line 511, in join_it_all_together
    df_fuz = df_fuz.merge(df_defensive, on='full_name', how='left')
             ^^^^^^^^^^^^^^^^^^^^^^^^^^^^^^^^^^^^^^^^^^^^^^^^^^^^^^
  File "/home/tars/Projects/fpl-oracle/venv311/lib/python3.11/site-packages/pandas/core/frame.py", line 10859, in merge
    return merge(
           ^^^^^^
  File "/home/tars/Projects/fpl-oracle/venv311/lib/python3.11/site-packages/pandas/core/reshape/merge.py", line 170, in merge
    op = _MergeOperation(
         ^^^^^^^^^^^^^^^^
  File "/home/tars/Projects/fpl-oracle/venv311/lib/python3.11/site-packages/pandas/core/reshape/merge.py", line 794, in __init__
    ) = self._get_merge_keys()
        ^^^^^^^^^^^^^^^^^^^^^^
  File "/home/tars/Projects/fpl-oracle/venv311/lib/python3.11/site-packages/pandas/core/reshape/merge.py", line 1298, in _get_merge_keys
    right_keys.append(right._get_label_or_level_values(rk))
                      ^^^^^^^^^^^^^^^^^^^^^^^^^^^^^^^^^^^^
  File "/home/tars/Projects/fpl-oracle/venv311/lib/python3.11/site-packages/pandas/core/generic.py", line 1914, in _get_label_or_level_values
    raise KeyError(key)
KeyError: 'full_name'
The current gameweek is:  0
Traceback (most recent call last):
  File "/home/tars/Projects/fpl-oracle/data_v3.py", line 643, in <module>
    df = join_it_all_together()
         ^^^^^^^^^^^^^^^^^^^^^^
  File "/home/tars/Projects/fpl-oracle/data_v3.py", line 511, in join_it_all_together
    df_fuz = df_fuz.merge(df_defensive, on='full_name', how='left')
             ^^^^^^^^^^^^^^^^^^^^^^^^^^^^^^^^^^^^^^^^^^^^^^^^^^^^^^
  File "/home/tars/Projects/fpl-oracle/venv311/lib/python3.11/site-packages/pandas/core/frame.py", line 10859, in merge
    return merge(
           ^^^^^^
  File "/home/tars/Projects/fpl-oracle/venv311/lib/python3.11/site-packages/pandas/core/reshape/merge.py", line 170, in merge
    op = _MergeOperation(
         ^^^^^^^^^^^^^^^^
  File "/home/tars/Projects/fpl-oracle/venv311/lib/python3.11/site-packages/pandas/core/reshape/merge.py", line 794, in __init__
    ) = self._get_merge_keys()
        ^^^^^^^^^^^^^^^^^^^^^^
  File "/home/tars/Projects/fpl-oracle/venv311/lib/python3.11/site-packages/pandas/core/reshape/merge.py", line 1298, in _get_merge_keys
    right_keys.append(right._get_label_or_level_values(rk))
                      ^^^^^^^^^^^^^^^^^^^^^^^^^^^^^^^^^^^^
  File "/home/tars/Projects/fpl-oracle/venv311/lib/python3.11/site-packages/pandas/core/generic.py", line 1914, in _get_label_or_level_values
    raise KeyError(key)
KeyError: 'full_name'
The current gameweek is:  0
Traceback (most recent call last):
  File "/home/tars/Projects/fpl-oracle/data_v3.py", line 643, in <module>
    df = join_it_all_together()
         ^^^^^^^^^^^^^^^^^^^^^^
  File "/home/tars/Projects/fpl-oracle/data_v3.py", line 511, in join_it_all_together
    df_fuz = df_fuz.merge(df_defensive, on='full_name', how='left')
             ^^^^^^^^^^^^^^^^^^^^^^^^^^^^^^^^^^^^^^^^^^^^^^^^^^^^^^
  File "/home/tars/Projects/fpl-oracle/venv311/lib/python3.11/site-packages/pandas/core/frame.py", line 10859, in merge
    return merge(
           ^^^^^^
  File "/home/tars/Projects/fpl-oracle/venv311/lib/python3.11/site-packages/pandas/core/reshape/merge.py", line 170, in merge
    op = _MergeOperation(
         ^^^^^^^^^^^^^^^^
  File "/home/tars/Projects/fpl-oracle/venv311/lib/python3.11/site-packages/pandas/core/reshape/merge.py", line 794, in __init__
    ) = self._get_merge_keys()
        ^^^^^^^^^^^^^^^^^^^^^^
  File "/home/tars/Projects/fpl-oracle/venv311/lib/python3.11/site-packages/pandas/core/reshape/merge.py", line 1298, in _get_merge_keys
    right_keys.append(right._get_label_or_level_values(rk))
                      ^^^^^^^^^^^^^^^^^^^^^^^^^^^^^^^^^^^^
  File "/home/tars/Projects/fpl-oracle/venv311/lib/python3.11/site-packages/pandas/core/generic.py", line 1914, in _get_label_or_level_values
    raise KeyError(key)
KeyError: 'full_name'
The current gameweek is:  0
Traceback (most recent call last):
  File "/home/tars/Projects/fpl-oracle/data_v3.py", line 606, in <module>
    df = join_it_all_together()
         ^^^^^^^^^^^^^^^^^^^^^^
  File "/home/tars/Projects/fpl-oracle/data_v3.py", line 472, in join_it_all_together
    df_understat = get_understat_player_stats()
                   ^^^^^^^^^^^^^^^^^^^^^^^^^^^^
  File "/home/tars/Projects/fpl-oracle/data_v3.py", line 263, in get_understat_player_stats
    df_understat[col] = pd.to_numeric(df_understat[col], errors='coerce')
                                      ~~~~~~~~~~~~^^^^^
  File "/home/tars/Projects/fpl-oracle/venv311/lib/python3.11/site-packages/pandas/core/frame.py", line 4113, in __getitem__
    indexer = self.columns.get_loc(key)
              ^^^^^^^^^^^^^^^^^^^^^^^^^
  File "/home/tars/Projects/fpl-oracle/venv311/lib/python3.11/site-packages/pandas/core/indexes/range.py", line 417, in get_loc
    raise KeyError(key)
KeyError: 'time'
The current gameweek is:  0
Traceback (most recent call last):
  File "/home/tars/Projects/fpl-oracle/data_v3.py", line 606, in <module>
    df = join_it_all_together()
         ^^^^^^^^^^^^^^^^^^^^^^
  File "/home/tars/Projects/fpl-oracle/data_v3.py", line 472, in join_it_all_together
    df_understat = get_understat_player_stats()
                   ^^^^^^^^^^^^^^^^^^^^^^^^^^^^
  File "/home/tars/Projects/fpl-oracle/data_v3.py", line 263, in get_understat_player_stats
    df_understat[col] = pd.to_numeric(df_understat[col], errors='coerce')
                                      ~~~~~~~~~~~~^^^^^
  File "/home/tars/Projects/fpl-oracle/venv311/lib/python3.11/site-packages/pandas/core/frame.py", line 4113, in __getitem__
    indexer = self.columns.get_loc(key)
              ^^^^^^^^^^^^^^^^^^^^^^^^^
  File "/home/tars/Projects/fpl-oracle/venv311/lib/python3.11/site-packages/pandas/core/indexes/range.py", line 417, in get_loc
    raise KeyError(key)
KeyError: 'time'
The current gameweek is:  0
Traceback (most recent call last):
  File "/home/tars/Projects/fpl-oracle/data_v3.py", line 606, in <module>
    df = join_it_all_together()
         ^^^^^^^^^^^^^^^^^^^^^^
  File "/home/tars/Projects/fpl-oracle/data_v3.py", line 472, in join_it_all_together
    df_understat = get_understat_player_stats()
                   ^^^^^^^^^^^^^^^^^^^^^^^^^^^^
  File "/home/tars/Projects/fpl-oracle/data_v3.py", line 263, in get_understat_player_stats
    df_understat[col] = pd.to_numeric(df_understat[col], errors='coerce')
                                      ~~~~~~~~~~~~^^^^^
  File "/home/tars/Projects/fpl-oracle/venv311/lib/python3.11/site-packages/pandas/core/frame.py", line 4113, in __getitem__
    indexer = self.columns.get_loc(key)
              ^^^^^^^^^^^^^^^^^^^^^^^^^
  File "/home/tars/Projects/fpl-oracle/venv311/lib/python3.11/site-packages/pandas/core/indexes/range.py", line 417, in get_loc
    raise KeyError(key)
KeyError: 'time'
The current gameweek is:  0
Traceback (most recent call last):
  File "/home/tars/Projects/fpl-oracle/data_v3.py", line 606, in <module>
    df = join_it_all_together()
         ^^^^^^^^^^^^^^^^^^^^^^
  File "/home/tars/Projects/fpl-oracle/data_v3.py", line 472, in join_it_all_together
    df_understat = get_understat_player_stats()
                   ^^^^^^^^^^^^^^^^^^^^^^^^^^^^
  File "/home/tars/Projects/fpl-oracle/data_v3.py", line 263, in get_understat_player_stats
    df_understat[col] = pd.to_numeric(df_understat[col], errors='coerce')
                                      ~~~~~~~~~~~~^^^^^
  File "/home/tars/Projects/fpl-oracle/venv311/lib/python3.11/site-packages/pandas/core/frame.py", line 4113, in __getitem__
    indexer = self.columns.get_loc(key)
              ^^^^^^^^^^^^^^^^^^^^^^^^^
  File "/home/tars/Projects/fpl-oracle/venv311/lib/python3.11/site-packages/pandas/core/indexes/range.py", line 417, in get_loc
    raise KeyError(key)
KeyError: 'time'
The current gameweek is:  0
Traceback (most recent call last):
  File "/home/tars/Projects/fpl-oracle/data_v3.py", line 606, in <module>
    df = join_it_all_together()
         ^^^^^^^^^^^^^^^^^^^^^^
  File "/home/tars/Projects/fpl-oracle/data_v3.py", line 472, in join_it_all_together
    df_understat = get_understat_player_stats()
                   ^^^^^^^^^^^^^^^^^^^^^^^^^^^^
  File "/home/tars/Projects/fpl-oracle/data_v3.py", line 263, in get_understat_player_stats
    df_understat[col] = pd.to_numeric(df_understat[col], errors='coerce')
                                      ~~~~~~~~~~~~^^^^^
  File "/home/tars/Projects/fpl-oracle/venv311/lib/python3.11/site-packages/pandas/core/frame.py", line 4113, in __getitem__
    indexer = self.columns.get_loc(key)
              ^^^^^^^^^^^^^^^^^^^^^^^^^
  File "/home/tars/Projects/fpl-oracle/venv311/lib/python3.11/site-packages/pandas/core/indexes/range.py", line 417, in get_loc
    raise KeyError(key)
KeyError: 'time'
The current gameweek is:  0
Traceback (most recent call last):
  File "/home/tars/Projects/fpl-oracle/data_v3.py", line 606, in <module>
    df = join_it_all_together()
         ^^^^^^^^^^^^^^^^^^^^^^
  File "/home/tars/Projects/fpl-oracle/data_v3.py", line 472, in join_it_all_together
    df_understat = get_understat_player_stats()
                   ^^^^^^^^^^^^^^^^^^^^^^^^^^^^
  File "/home/tars/Projects/fpl-oracle/data_v3.py", line 263, in get_understat_player_stats
    df_understat[col] = pd.to_numeric(df_understat[col], errors='coerce')
                                      ~~~~~~~~~~~~^^^^^
  File "/home/tars/Projects/fpl-oracle/venv311/lib/python3.11/site-packages/pandas/core/frame.py", line 4113, in __getitem__
    indexer = self.columns.get_loc(key)
              ^^^^^^^^^^^^^^^^^^^^^^^^^
  File "/home/tars/Projects/fpl-oracle/venv311/lib/python3.11/site-packages/pandas/core/indexes/range.py", line 417, in get_loc
    raise KeyError(key)
KeyError: 'time'
The current gameweek is:  0
Traceback (most recent call last):
  File "/home/tars/Projects/fpl-oracle/data_v3.py", line 606, in <module>
    df = join_it_all_together()
         ^^^^^^^^^^^^^^^^^^^^^^
  File "/home/tars/Projects/fpl-oracle/data_v3.py", line 472, in join_it_all_together
    df_understat = get_understat_player_stats()
                   ^^^^^^^^^^^^^^^^^^^^^^^^^^^^
  File "/home/tars/Projects/fpl-oracle/data_v3.py", line 263, in get_understat_player_stats
    df_understat[col] = pd.to_numeric(df_understat[col], errors='coerce')
                                      ~~~~~~~~~~~~^^^^^
  File "/home/tars/Projects/fpl-oracle/venv311/lib/python3.11/site-packages/pandas/core/frame.py", line 4113, in __getitem__
    indexer = self.columns.get_loc(key)
              ^^^^^^^^^^^^^^^^^^^^^^^^^
  File "/home/tars/Projects/fpl-oracle/venv311/lib/python3.11/site-packages/pandas/core/indexes/range.py", line 417, in get_loc
    raise KeyError(key)
KeyError: 'time'
The current gameweek is:  0
Traceback (most recent call last):
  File "/home/tars/Projects/fpl-oracle/data_v3.py", line 606, in <module>
    df = join_it_all_together()
         ^^^^^^^^^^^^^^^^^^^^^^
  File "/home/tars/Projects/fpl-oracle/data_v3.py", line 472, in join_it_all_together
    df_understat = get_understat_player_stats()
                   ^^^^^^^^^^^^^^^^^^^^^^^^^^^^
  File "/home/tars/Projects/fpl-oracle/data_v3.py", line 263, in get_understat_player_stats
    df_understat[col] = pd.to_numeric(df_understat[col], errors='coerce')
                                      ~~~~~~~~~~~~^^^^^
  File "/home/tars/Projects/fpl-oracle/venv311/lib/python3.11/site-packages/pandas/core/frame.py", line 4113, in __getitem__
    indexer = self.columns.get_loc(key)
              ^^^^^^^^^^^^^^^^^^^^^^^^^
  File "/home/tars/Projects/fpl-oracle/venv311/lib/python3.11/site-packages/pandas/core/indexes/range.py", line 417, in get_loc
    raise KeyError(key)
KeyError: 'time'
The current gameweek is:  0
Traceback (most recent call last):
  File "/home/tars/Projects/fpl-oracle/data_v3.py", line 606, in <module>
    df = join_it_all_together()
         ^^^^^^^^^^^^^^^^^^^^^^
  File "/home/tars/Projects/fpl-oracle/data_v3.py", line 472, in join_it_all_together
    df_understat = get_understat_player_stats()
                   ^^^^^^^^^^^^^^^^^^^^^^^^^^^^
  File "/home/tars/Projects/fpl-oracle/data_v3.py", line 263, in get_understat_player_stats
    df_understat[col] = pd.to_numeric(df_understat[col], errors='coerce')
                                      ~~~~~~~~~~~~^^^^^
  File "/home/tars/Projects/fpl-oracle/venv311/lib/python3.11/site-packages/pandas/core/frame.py", line 4113, in __getitem__
    indexer = self.columns.get_loc(key)
              ^^^^^^^^^^^^^^^^^^^^^^^^^
  File "/home/tars/Projects/fpl-oracle/venv311/lib/python3.11/site-packages/pandas/core/indexes/range.py", line 417, in get_loc
    raise KeyError(key)
KeyError: 'time'
The current gameweek is:  0
Traceback (most recent call last):
  File "/home/tars/Projects/fpl-oracle/data_v3.py", line 606, in <module>
    df = join_it_all_together()
         ^^^^^^^^^^^^^^^^^^^^^^
  File "/home/tars/Projects/fpl-oracle/data_v3.py", line 472, in join_it_all_together
    df_understat = get_understat_player_stats()
                   ^^^^^^^^^^^^^^^^^^^^^^^^^^^^
  File "/home/tars/Projects/fpl-oracle/data_v3.py", line 263, in get_understat_player_stats
    df_understat[col] = pd.to_numeric(df_understat[col], errors='coerce')
                                      ~~~~~~~~~~~~^^^^^
  File "/home/tars/Projects/fpl-oracle/venv311/lib/python3.11/site-packages/pandas/core/frame.py", line 4113, in __getitem__
    indexer = self.columns.get_loc(key)
              ^^^^^^^^^^^^^^^^^^^^^^^^^
  File "/home/tars/Projects/fpl-oracle/venv311/lib/python3.11/site-packages/pandas/core/indexes/range.py", line 417, in get_loc
    raise KeyError(key)
KeyError: 'time'
The current gameweek is:  0
Traceback (most recent call last):
  File "/home/tars/Projects/fpl-oracle/data_v3.py", line 606, in <module>
    df = join_it_all_together()
         ^^^^^^^^^^^^^^^^^^^^^^
  File "/home/tars/Projects/fpl-oracle/data_v3.py", line 472, in join_it_all_together
    df_understat = get_understat_player_stats()
                   ^^^^^^^^^^^^^^^^^^^^^^^^^^^^
  File "/home/tars/Projects/fpl-oracle/data_v3.py", line 263, in get_understat_player_stats
    df_understat[col] = pd.to_numeric(df_understat[col], errors='coerce')
                                      ~~~~~~~~~~~~^^^^^
  File "/home/tars/Projects/fpl-oracle/venv311/lib/python3.11/site-packages/pandas/core/frame.py", line 4113, in __getitem__
    indexer = self.columns.get_loc(key)
              ^^^^^^^^^^^^^^^^^^^^^^^^^
  File "/home/tars/Projects/fpl-oracle/venv311/lib/python3.11/site-packages/pandas/core/indexes/range.py", line 417, in get_loc
    raise KeyError(key)
KeyError: 'time'
Traceback (most recent call last):
  File "/home/tars/Projects/fpl-oracle/model.py", line 358, in <module>
    gw = int(sys.argv[1])
         ^^^^^^^^^^^^^^^^
ValueError: invalid literal for int() with base 10: '--'
The current gameweek is:  0
Traceback (most recent call last):
  File "/home/tars/Projects/fpl-oracle/data_v3.py", line 606, in <module>
    df = join_it_all_together()
         ^^^^^^^^^^^^^^^^^^^^^^
  File "/home/tars/Projects/fpl-oracle/data_v3.py", line 472, in join_it_all_together
    df_understat = get_understat_player_stats()
                   ^^^^^^^^^^^^^^^^^^^^^^^^^^^^
  File "/home/tars/Projects/fpl-oracle/data_v3.py", line 263, in get_understat_player_stats
    df_understat[col] = pd.to_numeric(df_understat[col], errors='coerce')
                                      ~~~~~~~~~~~~^^^^^
  File "/home/tars/Projects/fpl-oracle/venv311/lib/python3.11/site-packages/pandas/core/frame.py", line 4113, in __getitem__
    indexer = self.columns.get_loc(key)
              ^^^^^^^^^^^^^^^^^^^^^^^^^
  File "/home/tars/Projects/fpl-oracle/venv311/lib/python3.11/site-packages/pandas/core/indexes/range.py", line 417, in get_loc
    raise KeyError(key)
KeyError: 'time'
The current gameweek is:  0
Traceback (most recent call last):
  File "/home/tars/Projects/fpl-oracle/data_v3.py", line 606, in <module>
    df = join_it_all_together()
         ^^^^^^^^^^^^^^^^^^^^^^
  File "/home/tars/Projects/fpl-oracle/data_v3.py", line 472, in join_it_all_together
    df_understat = get_understat_player_stats()
                   ^^^^^^^^^^^^^^^^^^^^^^^^^^^^
  File "/home/tars/Projects/fpl-oracle/data_v3.py", line 263, in get_understat_player_stats
    df_understat[col] = pd.to_numeric(df_understat[col], errors='coerce')
                                      ~~~~~~~~~~~~^^^^^
  File "/home/tars/Projects/fpl-oracle/venv311/lib/python3.11/site-packages/pandas/core/frame.py", line 4113, in __getitem__
    indexer = self.columns.get_loc(key)
              ^^^^^^^^^^^^^^^^^^^^^^^^^
  File "/home/tars/Projects/fpl-oracle/venv311/lib/python3.11/site-packages/pandas/core/indexes/range.py", line 417, in get_loc
    raise KeyError(key)
KeyError: 'time'
The current gameweek is:  0
Traceback (most recent call last):
  File "/home/tars/Projects/fpl-oracle/data_v3.py", line 606, in <module>
    df = join_it_all_together()
         ^^^^^^^^^^^^^^^^^^^^^^
  File "/home/tars/Projects/fpl-oracle/data_v3.py", line 472, in join_it_all_together
    df_understat = get_understat_player_stats()
                   ^^^^^^^^^^^^^^^^^^^^^^^^^^^^
  File "/home/tars/Projects/fpl-oracle/data_v3.py", line 263, in get_understat_player_stats
    df_understat[col] = pd.to_numeric(df_understat[col], errors='coerce')
                                      ~~~~~~~~~~~~^^^^^
  File "/home/tars/Projects/fpl-oracle/venv311/lib/python3.11/site-packages/pandas/core/frame.py", line 4113, in __getitem__
    indexer = self.columns.get_loc(key)
              ^^^^^^^^^^^^^^^^^^^^^^^^^
  File "/home/tars/Projects/fpl-oracle/venv311/lib/python3.11/site-packages/pandas/core/indexes/range.py", line 417, in get_loc
    raise KeyError(key)
KeyError: 'time'
The current gameweek is:  0
Traceback (most recent call last):
  File "/home/tars/Projects/fpl-oracle/data_v3.py", line 606, in <module>
    df = join_it_all_together()
         ^^^^^^^^^^^^^^^^^^^^^^
  File "/home/tars/Projects/fpl-oracle/data_v3.py", line 472, in join_it_all_together
    df_understat = get_understat_player_stats()
                   ^^^^^^^^^^^^^^^^^^^^^^^^^^^^
  File "/home/tars/Projects/fpl-oracle/data_v3.py", line 263, in get_understat_player_stats
    df_understat[col] = pd.to_numeric(df_understat[col], errors='coerce')
                                      ~~~~~~~~~~~~^^^^^
  File "/home/tars/Projects/fpl-oracle/venv311/lib/python3.11/site-packages/pandas/core/frame.py", line 4113, in __getitem__
    indexer = self.columns.get_loc(key)
              ^^^^^^^^^^^^^^^^^^^^^^^^^
  File "/home/tars/Projects/fpl-oracle/venv311/lib/python3.11/site-packages/pandas/core/indexes/range.py", line 417, in get_loc
    raise KeyError(key)
KeyError: 'time'
The current gameweek is:  0
Traceback (most recent call last):
  File "/home/tars/Projects/fpl-oracle/data_v3.py", line 606, in <module>
    df = join_it_all_together()
         ^^^^^^^^^^^^^^^^^^^^^^
  File "/home/tars/Projects/fpl-oracle/data_v3.py", line 472, in join_it_all_together
    df_understat = get_understat_player_stats()
                   ^^^^^^^^^^^^^^^^^^^^^^^^^^^^
  File "/home/tars/Projects/fpl-oracle/data_v3.py", line 263, in get_understat_player_stats
    df_understat[col] = pd.to_numeric(df_understat[col], errors='coerce')
                                      ~~~~~~~~~~~~^^^^^
  File "/home/tars/Projects/fpl-oracle/venv311/lib/python3.11/site-packages/pandas/core/frame.py", line 4113, in __getitem__
    indexer = self.columns.get_loc(key)
              ^^^^^^^^^^^^^^^^^^^^^^^^^
  File "/home/tars/Projects/fpl-oracle/venv311/lib/python3.11/site-packages/pandas/core/indexes/range.py", line 417, in get_loc
    raise KeyError(key)
KeyError: 'time'
The current gameweek is:  0
Traceback (most recent call last):
  File "/home/tars/Projects/fpl-oracle/data_v3.py", line 606, in <module>
    df = join_it_all_together()
         ^^^^^^^^^^^^^^^^^^^^^^
  File "/home/tars/Projects/fpl-oracle/data_v3.py", line 472, in join_it_all_together
    df_understat = get_understat_player_stats()
                   ^^^^^^^^^^^^^^^^^^^^^^^^^^^^
  File "/home/tars/Projects/fpl-oracle/data_v3.py", line 263, in get_understat_player_stats
    df_understat[col] = pd.to_numeric(df_understat[col], errors='coerce')
                                      ~~~~~~~~~~~~^^^^^
  File "/home/tars/Projects/fpl-oracle/venv311/lib/python3.11/site-packages/pandas/core/frame.py", line 4113, in __getitem__
    indexer = self.columns.get_loc(key)
              ^^^^^^^^^^^^^^^^^^^^^^^^^
  File "/home/tars/Projects/fpl-oracle/venv311/lib/python3.11/site-packages/pandas/core/indexes/range.py", line 417, in get_loc
    raise KeyError(key)
KeyError: 'time'
The current gameweek is:  0
Traceback (most recent call last):
  File "/home/tars/Projects/fpl-oracle/data_v3.py", line 606, in <module>
    df = join_it_all_together()
         ^^^^^^^^^^^^^^^^^^^^^^
  File "/home/tars/Projects/fpl-oracle/data_v3.py", line 472, in join_it_all_together
    df_understat = get_understat_player_stats()
                   ^^^^^^^^^^^^^^^^^^^^^^^^^^^^
  File "/home/tars/Projects/fpl-oracle/data_v3.py", line 263, in get_understat_player_stats
    df_understat[col] = pd.to_numeric(df_understat[col], errors='coerce')
                                      ~~~~~~~~~~~~^^^^^
  File "/home/tars/Projects/fpl-oracle/venv311/lib/python3.11/site-packages/pandas/core/frame.py", line 4113, in __getitem__
    indexer = self.columns.get_loc(key)
              ^^^^^^^^^^^^^^^^^^^^^^^^^
  File "/home/tars/Projects/fpl-oracle/venv311/lib/python3.11/site-packages/pandas/core/indexes/range.py", line 417, in get_loc
    raise KeyError(key)
KeyError: 'time'
The current gameweek is:  0
Traceback (most recent call last):
  File "/home/tars/Projects/fpl-oracle/data_v3.py", line 606, in <module>
    df = join_it_all_together()
         ^^^^^^^^^^^^^^^^^^^^^^
  File "/home/tars/Projects/fpl-oracle/data_v3.py", line 472, in join_it_all_together
    df_understat = get_understat_player_stats()
                   ^^^^^^^^^^^^^^^^^^^^^^^^^^^^
  File "/home/tars/Projects/fpl-oracle/data_v3.py", line 263, in get_understat_player_stats
    df_understat[col] = pd.to_numeric(df_understat[col], errors='coerce')
                                      ~~~~~~~~~~~~^^^^^
  File "/home/tars/Projects/fpl-oracle/venv311/lib/python3.11/site-packages/pandas/core/frame.py", line 4113, in __getitem__
    indexer = self.columns.get_loc(key)
              ^^^^^^^^^^^^^^^^^^^^^^^^^
  File "/home/tars/Projects/fpl-oracle/venv311/lib/python3.11/site-packages/pandas/core/indexes/range.py", line 417, in get_loc
    raise KeyError(key)
KeyError: 'time'
The current gameweek is:  0
Traceback (most recent call last):
  File "/home/tars/Projects/fpl-oracle/data_v3.py", line 606, in <module>
    df = join_it_all_together()
         ^^^^^^^^^^^^^^^^^^^^^^
  File "/home/tars/Projects/fpl-oracle/data_v3.py", line 472, in join_it_all_together
    df_understat = get_understat_player_stats()
                   ^^^^^^^^^^^^^^^^^^^^^^^^^^^^
  File "/home/tars/Projects/fpl-oracle/data_v3.py", line 263, in get_understat_player_stats
    df_understat[col] = pd.to_numeric(df_understat[col], errors='coerce')
                                      ~~~~~~~~~~~~^^^^^
  File "/home/tars/Projects/fpl-oracle/venv311/lib/python3.11/site-packages/pandas/core/frame.py", line 4113, in __getitem__
    indexer = self.columns.get_loc(key)
              ^^^^^^^^^^^^^^^^^^^^^^^^^
  File "/home/tars/Projects/fpl-oracle/venv311/lib/python3.11/site-packages/pandas/core/indexes/range.py", line 417, in get_loc
    raise KeyError(key)
KeyError: 'time'
The current gameweek is:  0
Traceback (most recent call last):
  File "/home/tars/Projects/fpl-oracle/data_v3.py", line 606, in <module>
    df = join_it_all_together()
         ^^^^^^^^^^^^^^^^^^^^^^
  File "/home/tars/Projects/fpl-oracle/data_v3.py", line 472, in join_it_all_together
    df_understat = get_understat_player_stats()
                   ^^^^^^^^^^^^^^^^^^^^^^^^^^^^
  File "/home/tars/Projects/fpl-oracle/data_v3.py", line 263, in get_understat_player_stats
    df_understat[col] = pd.to_numeric(df_understat[col], errors='coerce')
                                      ~~~~~~~~~~~~^^^^^
  File "/home/tars/Projects/fpl-oracle/venv311/lib/python3.11/site-packages/pandas/core/frame.py", line 4113, in __getitem__
    indexer = self.columns.get_loc(key)
              ^^^^^^^^^^^^^^^^^^^^^^^^^
  File "/home/tars/Projects/fpl-oracle/venv311/lib/python3.11/site-packages/pandas/core/indexes/range.py", line 417, in get_loc
    raise KeyError(key)
KeyError: 'time'
The current gameweek is:  0
Traceback (most recent call last):
  File "/home/tars/Projects/fpl-oracle/data_v3.py", line 606, in <module>
    df = join_it_all_together()
         ^^^^^^^^^^^^^^^^^^^^^^
  File "/home/tars/Projects/fpl-oracle/data_v3.py", line 472, in join_it_all_together
    df_understat = get_understat_player_stats()
                   ^^^^^^^^^^^^^^^^^^^^^^^^^^^^
  File "/home/tars/Projects/fpl-oracle/data_v3.py", line 263, in get_understat_player_stats
    df_understat[col] = pd.to_numeric(df_understat[col], errors='coerce')
                                      ~~~~~~~~~~~~^^^^^
  File "/home/tars/Projects/fpl-oracle/venv311/lib/python3.11/site-packages/pandas/core/frame.py", line 4113, in __getitem__
    indexer = self.columns.get_loc(key)
              ^^^^^^^^^^^^^^^^^^^^^^^^^
  File "/home/tars/Projects/fpl-oracle/venv311/lib/python3.11/site-packages/pandas/core/indexes/range.py", line 417, in get_loc
    raise KeyError(key)
KeyError: 'time'
Traceback (most recent call last):
  File "/home/tars/Projects/fpl-oracle/model.py", line 358, in <module>
    gw = int(sys.argv[1])
         ^^^^^^^^^^^^^^^^
ValueError: invalid literal for int() with base 10: '--'
The current gameweek is:  0
Traceback (most recent call last):
  File "/home/tars/Projects/fpl-oracle/data_v3.py", line 606, in <module>
    df = join_it_all_together()
         ^^^^^^^^^^^^^^^^^^^^^^
  File "/home/tars/Projects/fpl-oracle/data_v3.py", line 472, in join_it_all_together
    df_understat = get_understat_player_stats()
                   ^^^^^^^^^^^^^^^^^^^^^^^^^^^^
  File "/home/tars/Projects/fpl-oracle/data_v3.py", line 263, in get_understat_player_stats
    df_understat[col] = pd.to_numeric(df_understat[col], errors='coerce')
                                      ~~~~~~~~~~~~^^^^^
  File "/home/tars/Projects/fpl-oracle/venv311/lib/python3.11/site-packages/pandas/core/frame.py", line 4113, in __getitem__
    indexer = self.columns.get_loc(key)
              ^^^^^^^^^^^^^^^^^^^^^^^^^
  File "/home/tars/Projects/fpl-oracle/venv311/lib/python3.11/site-packages/pandas/core/indexes/range.py", line 417, in get_loc
    raise KeyError(key)
KeyError: 'time'
The current gameweek is:  0
Traceback (most recent call last):
  File "/home/tars/Projects/fpl-oracle/data_v3.py", line 606, in <module>
    df = join_it_all_together()
         ^^^^^^^^^^^^^^^^^^^^^^
  File "/home/tars/Projects/fpl-oracle/data_v3.py", line 472, in join_it_all_together
    df_understat = get_understat_player_stats()
                   ^^^^^^^^^^^^^^^^^^^^^^^^^^^^
  File "/home/tars/Projects/fpl-oracle/data_v3.py", line 263, in get_understat_player_stats
    df_understat[col] = pd.to_numeric(df_understat[col], errors='coerce')
                                      ~~~~~~~~~~~~^^^^^
  File "/home/tars/Projects/fpl-oracle/venv311/lib/python3.11/site-packages/pandas/core/frame.py", line 4113, in __getitem__
    indexer = self.columns.get_loc(key)
              ^^^^^^^^^^^^^^^^^^^^^^^^^
  File "/home/tars/Projects/fpl-oracle/venv311/lib/python3.11/site-packages/pandas/core/indexes/range.py", line 417, in get_loc
    raise KeyError(key)
KeyError: 'time'
The current gameweek is:  0
Traceback (most recent call last):
  File "/home/tars/Projects/fpl-oracle/data_v3.py", line 606, in <module>
    df = join_it_all_together()
         ^^^^^^^^^^^^^^^^^^^^^^
  File "/home/tars/Projects/fpl-oracle/data_v3.py", line 472, in join_it_all_together
    df_understat = get_understat_player_stats()
                   ^^^^^^^^^^^^^^^^^^^^^^^^^^^^
  File "/home/tars/Projects/fpl-oracle/data_v3.py", line 263, in get_understat_player_stats
    df_understat[col] = pd.to_numeric(df_understat[col], errors='coerce')
                                      ~~~~~~~~~~~~^^^^^
  File "/home/tars/Projects/fpl-oracle/venv311/lib/python3.11/site-packages/pandas/core/frame.py", line 4113, in __getitem__
    indexer = self.columns.get_loc(key)
              ^^^^^^^^^^^^^^^^^^^^^^^^^
  File "/home/tars/Projects/fpl-oracle/venv311/lib/python3.11/site-packages/pandas/core/indexes/range.py", line 417, in get_loc
    raise KeyError(key)
KeyError: 'time'
The current gameweek is:  0
Traceback (most recent call last):
  File "/home/tars/Projects/fpl-oracle/data_v3.py", line 606, in <module>
    df = join_it_all_together()
         ^^^^^^^^^^^^^^^^^^^^^^
  File "/home/tars/Projects/fpl-oracle/data_v3.py", line 472, in join_it_all_together
    df_understat = get_understat_player_stats()
                   ^^^^^^^^^^^^^^^^^^^^^^^^^^^^
  File "/home/tars/Projects/fpl-oracle/data_v3.py", line 263, in get_understat_player_stats
    df_understat[col] = pd.to_numeric(df_understat[col], errors='coerce')
                                      ~~~~~~~~~~~~^^^^^
  File "/home/tars/Projects/fpl-oracle/venv311/lib/python3.11/site-packages/pandas/core/frame.py", line 4113, in __getitem__
    indexer = self.columns.get_loc(key)
              ^^^^^^^^^^^^^^^^^^^^^^^^^
  File "/home/tars/Projects/fpl-oracle/venv311/lib/python3.11/site-packages/pandas/core/indexes/range.py", line 417, in get_loc
    raise KeyError(key)
KeyError: 'time'
The current gameweek is:  0
Traceback (most recent call last):
  File "/home/tars/Projects/fpl-oracle/data_v3.py", line 606, in <module>
    df = join_it_all_together()
         ^^^^^^^^^^^^^^^^^^^^^^
  File "/home/tars/Projects/fpl-oracle/data_v3.py", line 472, in join_it_all_together
    df_understat = get_understat_player_stats()
                   ^^^^^^^^^^^^^^^^^^^^^^^^^^^^
  File "/home/tars/Projects/fpl-oracle/data_v3.py", line 263, in get_understat_player_stats
    df_understat[col] = pd.to_numeric(df_understat[col], errors='coerce')
                                      ~~~~~~~~~~~~^^^^^
  File "/home/tars/Projects/fpl-oracle/venv311/lib/python3.11/site-packages/pandas/core/frame.py", line 4113, in __getitem__
    indexer = self.columns.get_loc(key)
              ^^^^^^^^^^^^^^^^^^^^^^^^^
  File "/home/tars/Projects/fpl-oracle/venv311/lib/python3.11/site-packages/pandas/core/indexes/range.py", line 417, in get_loc
    raise KeyError(key)
KeyError: 'time'
The current gameweek is:  0
Traceback (most recent call last):
  File "/home/tars/Projects/fpl-oracle/data_v3.py", line 606, in <module>
    df = join_it_all_together()
         ^^^^^^^^^^^^^^^^^^^^^^
  File "/home/tars/Projects/fpl-oracle/data_v3.py", line 472, in join_it_all_together
    df_understat = get_understat_player_stats()
                   ^^^^^^^^^^^^^^^^^^^^^^^^^^^^
  File "/home/tars/Projects/fpl-oracle/data_v3.py", line 263, in get_understat_player_stats
    df_understat[col] = pd.to_numeric(df_understat[col], errors='coerce')
                                      ~~~~~~~~~~~~^^^^^
  File "/home/tars/Projects/fpl-oracle/venv311/lib/python3.11/site-packages/pandas/core/frame.py", line 4113, in __getitem__
    indexer = self.columns.get_loc(key)
              ^^^^^^^^^^^^^^^^^^^^^^^^^
  File "/home/tars/Projects/fpl-oracle/venv311/lib/python3.11/site-packages/pandas/core/indexes/range.py", line 417, in get_loc
    raise KeyError(key)
KeyError: 'time'
The current gameweek is:  0
Traceback (most recent call last):
  File "/home/tars/Projects/fpl-oracle/data_v3.py", line 606, in <module>
    df = join_it_all_together()
         ^^^^^^^^^^^^^^^^^^^^^^
  File "/home/tars/Projects/fpl-oracle/data_v3.py", line 472, in join_it_all_together
    df_understat = get_understat_player_stats()
                   ^^^^^^^^^^^^^^^^^^^^^^^^^^^^
  File "/home/tars/Projects/fpl-oracle/data_v3.py", line 263, in get_understat_player_stats
    df_understat[col] = pd.to_numeric(df_understat[col], errors='coerce')
                                      ~~~~~~~~~~~~^^^^^
  File "/home/tars/Projects/fpl-oracle/venv311/lib/python3.11/site-packages/pandas/core/frame.py", line 4113, in __getitem__
    indexer = self.columns.get_loc(key)
              ^^^^^^^^^^^^^^^^^^^^^^^^^
  File "/home/tars/Projects/fpl-oracle/venv311/lib/python3.11/site-packages/pandas/core/indexes/range.py", line 417, in get_loc
    raise KeyError(key)
KeyError: 'time'
The current gameweek is:  0
Traceback (most recent call last):
  File "/home/tars/Projects/fpl-oracle/data_v3.py", line 606, in <module>
    df = join_it_all_together()
         ^^^^^^^^^^^^^^^^^^^^^^
  File "/home/tars/Projects/fpl-oracle/data_v3.py", line 472, in join_it_all_together
    df_understat = get_understat_player_stats()
                   ^^^^^^^^^^^^^^^^^^^^^^^^^^^^
  File "/home/tars/Projects/fpl-oracle/data_v3.py", line 263, in get_understat_player_stats
    df_understat[col] = pd.to_numeric(df_understat[col], errors='coerce')
                                      ~~~~~~~~~~~~^^^^^
  File "/home/tars/Projects/fpl-oracle/venv311/lib/python3.11/site-packages/pandas/core/frame.py", line 4113, in __getitem__
    indexer = self.columns.get_loc(key)
              ^^^^^^^^^^^^^^^^^^^^^^^^^
  File "/home/tars/Projects/fpl-oracle/venv311/lib/python3.11/site-packages/pandas/core/indexes/range.py", line 417, in get_loc
    raise KeyError(key)
KeyError: 'time'
The current gameweek is:  0
Traceback (most recent call last):
  File "/home/tars/Projects/fpl-oracle/data_v3.py", line 606, in <module>
    df = join_it_all_together()
         ^^^^^^^^^^^^^^^^^^^^^^
  File "/home/tars/Projects/fpl-oracle/data_v3.py", line 472, in join_it_all_together
    df_understat = get_understat_player_stats()
                   ^^^^^^^^^^^^^^^^^^^^^^^^^^^^
  File "/home/tars/Projects/fpl-oracle/data_v3.py", line 263, in get_understat_player_stats
    df_understat[col] = pd.to_numeric(df_understat[col], errors='coerce')
                                      ~~~~~~~~~~~~^^^^^
  File "/home/tars/Projects/fpl-oracle/venv311/lib/python3.11/site-packages/pandas/core/frame.py", line 4113, in __getitem__
    indexer = self.columns.get_loc(key)
              ^^^^^^^^^^^^^^^^^^^^^^^^^
  File "/home/tars/Projects/fpl-oracle/venv311/lib/python3.11/site-packages/pandas/core/indexes/range.py", line 417, in get_loc
    raise KeyError(key)
KeyError: 'time'
The current gameweek is:  0
Traceback (most recent call last):
  File "/home/tars/Projects/fpl-oracle/data_v3.py", line 606, in <module>
    df = join_it_all_together()
         ^^^^^^^^^^^^^^^^^^^^^^
  File "/home/tars/Projects/fpl-oracle/data_v3.py", line 472, in join_it_all_together
    df_understat = get_understat_player_stats()
                   ^^^^^^^^^^^^^^^^^^^^^^^^^^^^
  File "/home/tars/Projects/fpl-oracle/data_v3.py", line 263, in get_understat_player_stats
    df_understat[col] = pd.to_numeric(df_understat[col], errors='coerce')
                                      ~~~~~~~~~~~~^^^^^
  File "/home/tars/Projects/fpl-oracle/venv311/lib/python3.11/site-packages/pandas/core/frame.py", line 4113, in __getitem__
    indexer = self.columns.get_loc(key)
              ^^^^^^^^^^^^^^^^^^^^^^^^^
  File "/home/tars/Projects/fpl-oracle/venv311/lib/python3.11/site-packages/pandas/core/indexes/range.py", line 417, in get_loc
    raise KeyError(key)
KeyError: 'time'
The current gameweek is:  0
Traceback (most recent call last):
  File "/home/tars/Projects/fpl-oracle/data_v3.py", line 606, in <module>
    df = join_it_all_together()
         ^^^^^^^^^^^^^^^^^^^^^^
  File "/home/tars/Projects/fpl-oracle/data_v3.py", line 472, in join_it_all_together
    df_understat = get_understat_player_stats()
                   ^^^^^^^^^^^^^^^^^^^^^^^^^^^^
  File "/home/tars/Projects/fpl-oracle/data_v3.py", line 263, in get_understat_player_stats
    df_understat[col] = pd.to_numeric(df_understat[col], errors='coerce')
                                      ~~~~~~~~~~~~^^^^^
  File "/home/tars/Projects/fpl-oracle/venv311/lib/python3.11/site-packages/pandas/core/frame.py", line 4113, in __getitem__
    indexer = self.columns.get_loc(key)
              ^^^^^^^^^^^^^^^^^^^^^^^^^
  File "/home/tars/Projects/fpl-oracle/venv311/lib/python3.11/site-packages/pandas/core/indexes/range.py", line 417, in get_loc
    raise KeyError(key)
KeyError: 'time'
Traceback (most recent call last):
  File "/home/tars/Projects/fpl-oracle/model.py", line 358, in <module>
    gw = int(sys.argv[1])
         ^^^^^^^^^^^^^^^^
ValueError: invalid literal for int() with base 10: '--'
The current gameweek is:  0
Traceback (most recent call last):
  File "/home/tars/Projects/fpl-oracle/data_v3.py", line 606, in <module>
    df = join_it_all_together()
         ^^^^^^^^^^^^^^^^^^^^^^
  File "/home/tars/Projects/fpl-oracle/data_v3.py", line 472, in join_it_all_together
    df_understat = get_understat_player_stats()
                   ^^^^^^^^^^^^^^^^^^^^^^^^^^^^
  File "/home/tars/Projects/fpl-oracle/data_v3.py", line 263, in get_understat_player_stats
    df_understat[col] = pd.to_numeric(df_understat[col], errors='coerce')
                                      ~~~~~~~~~~~~^^^^^
  File "/home/tars/Projects/fpl-oracle/venv311/lib/python3.11/site-packages/pandas/core/frame.py", line 4113, in __getitem__
    indexer = self.columns.get_loc(key)
              ^^^^^^^^^^^^^^^^^^^^^^^^^
  File "/home/tars/Projects/fpl-oracle/venv311/lib/python3.11/site-packages/pandas/core/indexes/range.py", line 417, in get_loc
    raise KeyError(key)
KeyError: 'time'
The current gameweek is:  0
Traceback (most recent call last):
  File "/home/tars/Projects/fpl-oracle/data_v3.py", line 606, in <module>
    df = join_it_all_together()
         ^^^^^^^^^^^^^^^^^^^^^^
  File "/home/tars/Projects/fpl-oracle/data_v3.py", line 472, in join_it_all_together
    df_understat = get_understat_player_stats()
                   ^^^^^^^^^^^^^^^^^^^^^^^^^^^^
  File "/home/tars/Projects/fpl-oracle/data_v3.py", line 263, in get_understat_player_stats
    df_understat[col] = pd.to_numeric(df_understat[col], errors='coerce')
                                      ~~~~~~~~~~~~^^^^^
  File "/home/tars/Projects/fpl-oracle/venv311/lib/python3.11/site-packages/pandas/core/frame.py", line 4113, in __getitem__
    indexer = self.columns.get_loc(key)
              ^^^^^^^^^^^^^^^^^^^^^^^^^
  File "/home/tars/Projects/fpl-oracle/venv311/lib/python3.11/site-packages/pandas/core/indexes/range.py", line 417, in get_loc
    raise KeyError(key)
KeyError: 'time'
The current gameweek is:  0
Traceback (most recent call last):
  File "/home/tars/Projects/fpl-oracle/data_v3.py", line 606, in <module>
    df = join_it_all_together()
         ^^^^^^^^^^^^^^^^^^^^^^
  File "/home/tars/Projects/fpl-oracle/data_v3.py", line 472, in join_it_all_together
    df_understat = get_understat_player_stats()
                   ^^^^^^^^^^^^^^^^^^^^^^^^^^^^
  File "/home/tars/Projects/fpl-oracle/data_v3.py", line 263, in get_understat_player_stats
    df_understat[col] = pd.to_numeric(df_understat[col], errors='coerce')
                                      ~~~~~~~~~~~~^^^^^
  File "/home/tars/Projects/fpl-oracle/venv311/lib/python3.11/site-packages/pandas/core/frame.py", line 4113, in __getitem__
    indexer = self.columns.get_loc(key)
              ^^^^^^^^^^^^^^^^^^^^^^^^^
  File "/home/tars/Projects/fpl-oracle/venv311/lib/python3.11/site-packages/pandas/core/indexes/range.py", line 417, in get_loc
    raise KeyError(key)
KeyError: 'time'
The current gameweek is:  0
Traceback (most recent call last):
  File "/home/tars/Projects/fpl-oracle/data_v3.py", line 606, in <module>
    df = join_it_all_together()
         ^^^^^^^^^^^^^^^^^^^^^^
  File "/home/tars/Projects/fpl-oracle/data_v3.py", line 472, in join_it_all_together
    df_understat = get_understat_player_stats()
                   ^^^^^^^^^^^^^^^^^^^^^^^^^^^^
  File "/home/tars/Projects/fpl-oracle/data_v3.py", line 263, in get_understat_player_stats
    df_understat[col] = pd.to_numeric(df_understat[col], errors='coerce')
                                      ~~~~~~~~~~~~^^^^^
  File "/home/tars/Projects/fpl-oracle/venv311/lib/python3.11/site-packages/pandas/core/frame.py", line 4113, in __getitem__
    indexer = self.columns.get_loc(key)
              ^^^^^^^^^^^^^^^^^^^^^^^^^
  File "/home/tars/Projects/fpl-oracle/venv311/lib/python3.11/site-packages/pandas/core/indexes/range.py", line 417, in get_loc
    raise KeyError(key)
KeyError: 'time'
The current gameweek is:  0
Traceback (most recent call last):
  File "/home/tars/Projects/fpl-oracle/data_v3.py", line 606, in <module>
    df = join_it_all_together()
         ^^^^^^^^^^^^^^^^^^^^^^
  File "/home/tars/Projects/fpl-oracle/data_v3.py", line 472, in join_it_all_together
    df_understat = get_understat_player_stats()
                   ^^^^^^^^^^^^^^^^^^^^^^^^^^^^
  File "/home/tars/Projects/fpl-oracle/data_v3.py", line 263, in get_understat_player_stats
    df_understat[col] = pd.to_numeric(df_understat[col], errors='coerce')
                                      ~~~~~~~~~~~~^^^^^
  File "/home/tars/Projects/fpl-oracle/venv311/lib/python3.11/site-packages/pandas/core/frame.py", line 4113, in __getitem__
    indexer = self.columns.get_loc(key)
              ^^^^^^^^^^^^^^^^^^^^^^^^^
  File "/home/tars/Projects/fpl-oracle/venv311/lib/python3.11/site-packages/pandas/core/indexes/range.py", line 417, in get_loc
    raise KeyError(key)
KeyError: 'time'
The current gameweek is:  0
Traceback (most recent call last):
  File "/home/tars/Projects/fpl-oracle/data_v3.py", line 606, in <module>
    df = join_it_all_together()
         ^^^^^^^^^^^^^^^^^^^^^^
  File "/home/tars/Projects/fpl-oracle/data_v3.py", line 472, in join_it_all_together
    df_understat = get_understat_player_stats()
                   ^^^^^^^^^^^^^^^^^^^^^^^^^^^^
  File "/home/tars/Projects/fpl-oracle/data_v3.py", line 263, in get_understat_player_stats
    df_understat[col] = pd.to_numeric(df_understat[col], errors='coerce')
                                      ~~~~~~~~~~~~^^^^^
  File "/home/tars/Projects/fpl-oracle/venv311/lib/python3.11/site-packages/pandas/core/frame.py", line 4113, in __getitem__
    indexer = self.columns.get_loc(key)
              ^^^^^^^^^^^^^^^^^^^^^^^^^
  File "/home/tars/Projects/fpl-oracle/venv311/lib/python3.11/site-packages/pandas/core/indexes/range.py", line 417, in get_loc
    raise KeyError(key)
KeyError: 'time'
The current gameweek is:  0
Traceback (most recent call last):
  File "/home/tars/Projects/fpl-oracle/data_v3.py", line 606, in <module>
    df = join_it_all_together()
         ^^^^^^^^^^^^^^^^^^^^^^
  File "/home/tars/Projects/fpl-oracle/data_v3.py", line 472, in join_it_all_together
    df_understat = get_understat_player_stats()
                   ^^^^^^^^^^^^^^^^^^^^^^^^^^^^
  File "/home/tars/Projects/fpl-oracle/data_v3.py", line 263, in get_understat_player_stats
    df_understat[col] = pd.to_numeric(df_understat[col], errors='coerce')
                                      ~~~~~~~~~~~~^^^^^
  File "/home/tars/Projects/fpl-oracle/venv311/lib/python3.11/site-packages/pandas/core/frame.py", line 4113, in __getitem__
    indexer = self.columns.get_loc(key)
              ^^^^^^^^^^^^^^^^^^^^^^^^^
  File "/home/tars/Projects/fpl-oracle/venv311/lib/python3.11/site-packages/pandas/core/indexes/range.py", line 417, in get_loc
    raise KeyError(key)
KeyError: 'time'
The current gameweek is:  0
Traceback (most recent call last):
  File "/home/tars/Projects/fpl-oracle/data_v3.py", line 606, in <module>
    df = join_it_all_together()
         ^^^^^^^^^^^^^^^^^^^^^^
  File "/home/tars/Projects/fpl-oracle/data_v3.py", line 472, in join_it_all_together
    df_understat = get_understat_player_stats()
                   ^^^^^^^^^^^^^^^^^^^^^^^^^^^^
  File "/home/tars/Projects/fpl-oracle/data_v3.py", line 263, in get_understat_player_stats
    df_understat[col] = pd.to_numeric(df_understat[col], errors='coerce')
                                      ~~~~~~~~~~~~^^^^^
  File "/home/tars/Projects/fpl-oracle/venv311/lib/python3.11/site-packages/pandas/core/frame.py", line 4113, in __getitem__
    indexer = self.columns.get_loc(key)
              ^^^^^^^^^^^^^^^^^^^^^^^^^
  File "/home/tars/Projects/fpl-oracle/venv311/lib/python3.11/site-packages/pandas/core/indexes/range.py", line 417, in get_loc
    raise KeyError(key)
KeyError: 'time'
The current gameweek is:  0
Traceback (most recent call last):
  File "/home/tars/Projects/fpl-oracle/data_v3.py", line 606, in <module>
    df = join_it_all_together()
         ^^^^^^^^^^^^^^^^^^^^^^
  File "/home/tars/Projects/fpl-oracle/data_v3.py", line 472, in join_it_all_together
    df_understat = get_understat_player_stats()
                   ^^^^^^^^^^^^^^^^^^^^^^^^^^^^
  File "/home/tars/Projects/fpl-oracle/data_v3.py", line 263, in get_understat_player_stats
    df_understat[col] = pd.to_numeric(df_understat[col], errors='coerce')
                                      ~~~~~~~~~~~~^^^^^
  File "/home/tars/Projects/fpl-oracle/venv311/lib/python3.11/site-packages/pandas/core/frame.py", line 4113, in __getitem__
    indexer = self.columns.get_loc(key)
              ^^^^^^^^^^^^^^^^^^^^^^^^^
  File "/home/tars/Projects/fpl-oracle/venv311/lib/python3.11/site-packages/pandas/core/indexes/range.py", line 417, in get_loc
    raise KeyError(key)
KeyError: 'time'
The current gameweek is:  0
Traceback (most recent call last):
  File "/home/tars/Projects/fpl-oracle/data_v3.py", line 606, in <module>
    df = join_it_all_together()
         ^^^^^^^^^^^^^^^^^^^^^^
  File "/home/tars/Projects/fpl-oracle/data_v3.py", line 472, in join_it_all_together
    df_understat = get_understat_player_stats()
                   ^^^^^^^^^^^^^^^^^^^^^^^^^^^^
  File "/home/tars/Projects/fpl-oracle/data_v3.py", line 263, in get_understat_player_stats
    df_understat[col] = pd.to_numeric(df_understat[col], errors='coerce')
                                      ~~~~~~~~~~~~^^^^^
  File "/home/tars/Projects/fpl-oracle/venv311/lib/python3.11/site-packages/pandas/core/frame.py", line 4113, in __getitem__
    indexer = self.columns.get_loc(key)
              ^^^^^^^^^^^^^^^^^^^^^^^^^
  File "/home/tars/Projects/fpl-oracle/venv311/lib/python3.11/site-packages/pandas/core/indexes/range.py", line 417, in get_loc
    raise KeyError(key)
KeyError: 'time'
The current gameweek is:  0
Traceback (most recent call last):
  File "/home/tars/Projects/fpl-oracle/data_v3.py", line 606, in <module>
    df = join_it_all_together()
         ^^^^^^^^^^^^^^^^^^^^^^
  File "/home/tars/Projects/fpl-oracle/data_v3.py", line 472, in join_it_all_together
    df_understat = get_understat_player_stats()
                   ^^^^^^^^^^^^^^^^^^^^^^^^^^^^
  File "/home/tars/Projects/fpl-oracle/data_v3.py", line 263, in get_understat_player_stats
    df_understat[col] = pd.to_numeric(df_understat[col], errors='coerce')
                                      ~~~~~~~~~~~~^^^^^
  File "/home/tars/Projects/fpl-oracle/venv311/lib/python3.11/site-packages/pandas/core/frame.py", line 4113, in __getitem__
    indexer = self.columns.get_loc(key)
              ^^^^^^^^^^^^^^^^^^^^^^^^^
  File "/home/tars/Projects/fpl-oracle/venv311/lib/python3.11/site-packages/pandas/core/indexes/range.py", line 417, in get_loc
    raise KeyError(key)
KeyError: 'time'
Traceback (most recent call last):
  File "/home/tars/Projects/fpl-oracle/model.py", line 358, in <module>
    gw = int(sys.argv[1])
         ^^^^^^^^^^^^^^^^
ValueError: invalid literal for int() with base 10: '--'
The current gameweek is:  0
Traceback (most recent call last):
  File "/home/tars/Projects/fpl-oracle/data_v3.py", line 606, in <module>
    df = join_it_all_together()
         ^^^^^^^^^^^^^^^^^^^^^^
  File "/home/tars/Projects/fpl-oracle/data_v3.py", line 472, in join_it_all_together
    df_understat = get_understat_player_stats()
                   ^^^^^^^^^^^^^^^^^^^^^^^^^^^^
  File "/home/tars/Projects/fpl-oracle/data_v3.py", line 263, in get_understat_player_stats
    df_understat[col] = pd.to_numeric(df_understat[col], errors='coerce')
                                      ~~~~~~~~~~~~^^^^^
  File "/home/tars/Projects/fpl-oracle/venv311/lib/python3.11/site-packages/pandas/core/frame.py", line 4113, in __getitem__
    indexer = self.columns.get_loc(key)
              ^^^^^^^^^^^^^^^^^^^^^^^^^
  File "/home/tars/Projects/fpl-oracle/venv311/lib/python3.11/site-packages/pandas/core/indexes/range.py", line 417, in get_loc
    raise KeyError(key)
KeyError: 'time'
The current gameweek is:  0
Traceback (most recent call last):
  File "/home/tars/Projects/fpl-oracle/data_v3.py", line 606, in <module>
    df = join_it_all_together()
         ^^^^^^^^^^^^^^^^^^^^^^
  File "/home/tars/Projects/fpl-oracle/data_v3.py", line 472, in join_it_all_together
    df_understat = get_understat_player_stats()
                   ^^^^^^^^^^^^^^^^^^^^^^^^^^^^
  File "/home/tars/Projects/fpl-oracle/data_v3.py", line 263, in get_understat_player_stats
    df_understat[col] = pd.to_numeric(df_understat[col], errors='coerce')
                                      ~~~~~~~~~~~~^^^^^
  File "/home/tars/Projects/fpl-oracle/venv311/lib/python3.11/site-packages/pandas/core/frame.py", line 4113, in __getitem__
    indexer = self.columns.get_loc(key)
              ^^^^^^^^^^^^^^^^^^^^^^^^^
  File "/home/tars/Projects/fpl-oracle/venv311/lib/python3.11/site-packages/pandas/core/indexes/range.py", line 417, in get_loc
    raise KeyError(key)
KeyError: 'time'
The current gameweek is:  0
Traceback (most recent call last):
  File "/home/tars/Projects/fpl-oracle/data_v3.py", line 606, in <module>
    df = join_it_all_together()
         ^^^^^^^^^^^^^^^^^^^^^^
  File "/home/tars/Projects/fpl-oracle/data_v3.py", line 472, in join_it_all_together
    df_understat = get_understat_player_stats()
                   ^^^^^^^^^^^^^^^^^^^^^^^^^^^^
  File "/home/tars/Projects/fpl-oracle/data_v3.py", line 263, in get_understat_player_stats
    df_understat[col] = pd.to_numeric(df_understat[col], errors='coerce')
                                      ~~~~~~~~~~~~^^^^^
  File "/home/tars/Projects/fpl-oracle/venv311/lib/python3.11/site-packages/pandas/core/frame.py", line 4113, in __getitem__
    indexer = self.columns.get_loc(key)
              ^^^^^^^^^^^^^^^^^^^^^^^^^
  File "/home/tars/Projects/fpl-oracle/venv311/lib/python3.11/site-packages/pandas/core/indexes/range.py", line 417, in get_loc
    raise KeyError(key)
KeyError: 'time'
The current gameweek is:  0
Traceback (most recent call last):
  File "/home/tars/Projects/fpl-oracle/data_v3.py", line 606, in <module>
    df = join_it_all_together()
         ^^^^^^^^^^^^^^^^^^^^^^
  File "/home/tars/Projects/fpl-oracle/data_v3.py", line 472, in join_it_all_together
    df_understat = get_understat_player_stats()
                   ^^^^^^^^^^^^^^^^^^^^^^^^^^^^
  File "/home/tars/Projects/fpl-oracle/data_v3.py", line 263, in get_understat_player_stats
    df_understat[col] = pd.to_numeric(df_understat[col], errors='coerce')
                                      ~~~~~~~~~~~~^^^^^
  File "/home/tars/Projects/fpl-oracle/venv311/lib/python3.11/site-packages/pandas/core/frame.py", line 4113, in __getitem__
    indexer = self.columns.get_loc(key)
              ^^^^^^^^^^^^^^^^^^^^^^^^^
  File "/home/tars/Projects/fpl-oracle/venv311/lib/python3.11/site-packages/pandas/core/indexes/range.py", line 417, in get_loc
    raise KeyError(key)
KeyError: 'time'
The current gameweek is:  0
Traceback (most recent call last):
  File "/home/tars/Projects/fpl-oracle/data_v3.py", line 606, in <module>
    df = join_it_all_together()
         ^^^^^^^^^^^^^^^^^^^^^^
  File "/home/tars/Projects/fpl-oracle/data_v3.py", line 472, in join_it_all_together
    df_understat = get_understat_player_stats()
                   ^^^^^^^^^^^^^^^^^^^^^^^^^^^^
  File "/home/tars/Projects/fpl-oracle/data_v3.py", line 263, in get_understat_player_stats
    df_understat[col] = pd.to_numeric(df_understat[col], errors='coerce')
                                      ~~~~~~~~~~~~^^^^^
  File "/home/tars/Projects/fpl-oracle/venv311/lib/python3.11/site-packages/pandas/core/frame.py", line 4113, in __getitem__
    indexer = self.columns.get_loc(key)
              ^^^^^^^^^^^^^^^^^^^^^^^^^
  File "/home/tars/Projects/fpl-oracle/venv311/lib/python3.11/site-packages/pandas/core/indexes/range.py", line 417, in get_loc
    raise KeyError(key)
KeyError: 'time'
The current gameweek is:  0
Traceback (most recent call last):
  File "/home/tars/Projects/fpl-oracle/data_v3.py", line 606, in <module>
    df = join_it_all_together()
         ^^^^^^^^^^^^^^^^^^^^^^
  File "/home/tars/Projects/fpl-oracle/data_v3.py", line 472, in join_it_all_together
    df_understat = get_understat_player_stats()
                   ^^^^^^^^^^^^^^^^^^^^^^^^^^^^
  File "/home/tars/Projects/fpl-oracle/data_v3.py", line 263, in get_understat_player_stats
    df_understat[col] = pd.to_numeric(df_understat[col], errors='coerce')
                                      ~~~~~~~~~~~~^^^^^
  File "/home/tars/Projects/fpl-oracle/venv311/lib/python3.11/site-packages/pandas/core/frame.py", line 4113, in __getitem__
    indexer = self.columns.get_loc(key)
              ^^^^^^^^^^^^^^^^^^^^^^^^^
  File "/home/tars/Projects/fpl-oracle/venv311/lib/python3.11/site-packages/pandas/core/indexes/range.py", line 417, in get_loc
    raise KeyError(key)
KeyError: 'time'
The current gameweek is:  0
Traceback (most recent call last):
  File "/home/tars/Projects/fpl-oracle/data_v3.py", line 606, in <module>
    df = join_it_all_together()
         ^^^^^^^^^^^^^^^^^^^^^^
  File "/home/tars/Projects/fpl-oracle/data_v3.py", line 472, in join_it_all_together
    df_understat = get_understat_player_stats()
                   ^^^^^^^^^^^^^^^^^^^^^^^^^^^^
  File "/home/tars/Projects/fpl-oracle/data_v3.py", line 263, in get_understat_player_stats
    df_understat[col] = pd.to_numeric(df_understat[col], errors='coerce')
                                      ~~~~~~~~~~~~^^^^^
  File "/home/tars/Projects/fpl-oracle/venv311/lib/python3.11/site-packages/pandas/core/frame.py", line 4113, in __getitem__
    indexer = self.columns.get_loc(key)
              ^^^^^^^^^^^^^^^^^^^^^^^^^
  File "/home/tars/Projects/fpl-oracle/venv311/lib/python3.11/site-packages/pandas/core/indexes/range.py", line 417, in get_loc
    raise KeyError(key)
KeyError: 'time'
The current gameweek is:  0
Traceback (most recent call last):
  File "/home/tars/Projects/fpl-oracle/data_v3.py", line 606, in <module>
    df = join_it_all_together()
         ^^^^^^^^^^^^^^^^^^^^^^
  File "/home/tars/Projects/fpl-oracle/data_v3.py", line 472, in join_it_all_together
    df_understat = get_understat_player_stats()
                   ^^^^^^^^^^^^^^^^^^^^^^^^^^^^
  File "/home/tars/Projects/fpl-oracle/data_v3.py", line 263, in get_understat_player_stats
    df_understat[col] = pd.to_numeric(df_understat[col], errors='coerce')
                                      ~~~~~~~~~~~~^^^^^
  File "/home/tars/Projects/fpl-oracle/venv311/lib/python3.11/site-packages/pandas/core/frame.py", line 4113, in __getitem__
    indexer = self.columns.get_loc(key)
              ^^^^^^^^^^^^^^^^^^^^^^^^^
  File "/home/tars/Projects/fpl-oracle/venv311/lib/python3.11/site-packages/pandas/core/indexes/range.py", line 417, in get_loc
    raise KeyError(key)
KeyError: 'time'
The current gameweek is:  0
Traceback (most recent call last):
  File "/home/tars/Projects/fpl-oracle/data_v3.py", line 606, in <module>
    df = join_it_all_together()
         ^^^^^^^^^^^^^^^^^^^^^^
  File "/home/tars/Projects/fpl-oracle/data_v3.py", line 472, in join_it_all_together
    df_understat = get_understat_player_stats()
                   ^^^^^^^^^^^^^^^^^^^^^^^^^^^^
  File "/home/tars/Projects/fpl-oracle/data_v3.py", line 263, in get_understat_player_stats
    df_understat[col] = pd.to_numeric(df_understat[col], errors='coerce')
                                      ~~~~~~~~~~~~^^^^^
  File "/home/tars/Projects/fpl-oracle/venv311/lib/python3.11/site-packages/pandas/core/frame.py", line 4113, in __getitem__
    indexer = self.columns.get_loc(key)
              ^^^^^^^^^^^^^^^^^^^^^^^^^
  File "/home/tars/Projects/fpl-oracle/venv311/lib/python3.11/site-packages/pandas/core/indexes/range.py", line 417, in get_loc
    raise KeyError(key)
KeyError: 'time'
The current gameweek is:  0
Traceback (most recent call last):
  File "/home/tars/Projects/fpl-oracle/data_v3.py", line 606, in <module>
    df = join_it_all_together()
         ^^^^^^^^^^^^^^^^^^^^^^
  File "/home/tars/Projects/fpl-oracle/data_v3.py", line 472, in join_it_all_together
    df_understat = get_understat_player_stats()
                   ^^^^^^^^^^^^^^^^^^^^^^^^^^^^
  File "/home/tars/Projects/fpl-oracle/data_v3.py", line 263, in get_understat_player_stats
    df_understat[col] = pd.to_numeric(df_understat[col], errors='coerce')
                                      ~~~~~~~~~~~~^^^^^
  File "/home/tars/Projects/fpl-oracle/venv311/lib/python3.11/site-packages/pandas/core/frame.py", line 4113, in __getitem__
    indexer = self.columns.get_loc(key)
              ^^^^^^^^^^^^^^^^^^^^^^^^^
  File "/home/tars/Projects/fpl-oracle/venv311/lib/python3.11/site-packages/pandas/core/indexes/range.py", line 417, in get_loc
    raise KeyError(key)
KeyError: 'time'
The current gameweek is:  0
Traceback (most recent call last):
  File "/home/tars/Projects/fpl-oracle/data_v3.py", line 606, in <module>
    df = join_it_all_together()
         ^^^^^^^^^^^^^^^^^^^^^^
  File "/home/tars/Projects/fpl-oracle/data_v3.py", line 472, in join_it_all_together
    df_understat = get_understat_player_stats()
                   ^^^^^^^^^^^^^^^^^^^^^^^^^^^^
  File "/home/tars/Projects/fpl-oracle/data_v3.py", line 263, in get_understat_player_stats
    df_understat[col] = pd.to_numeric(df_understat[col], errors='coerce')
                                      ~~~~~~~~~~~~^^^^^
  File "/home/tars/Projects/fpl-oracle/venv311/lib/python3.11/site-packages/pandas/core/frame.py", line 4113, in __getitem__
    indexer = self.columns.get_loc(key)
              ^^^^^^^^^^^^^^^^^^^^^^^^^
  File "/home/tars/Projects/fpl-oracle/venv311/lib/python3.11/site-packages/pandas/core/indexes/range.py", line 417, in get_loc
    raise KeyError(key)
KeyError: 'time'
Traceback (most recent call last):
  File "/home/tars/Projects/fpl-oracle/model.py", line 358, in <module>
    gw = int(sys.argv[1])
         ^^^^^^^^^^^^^^^^
ValueError: invalid literal for int() with base 10: '--'
The current gameweek is:  0
Traceback (most recent call last):
  File "/home/tars/Projects/fpl-oracle/data_v3.py", line 606, in <module>
    df = join_it_all_together()
         ^^^^^^^^^^^^^^^^^^^^^^
  File "/home/tars/Projects/fpl-oracle/data_v3.py", line 472, in join_it_all_together
    df_understat = get_understat_player_stats()
                   ^^^^^^^^^^^^^^^^^^^^^^^^^^^^
  File "/home/tars/Projects/fpl-oracle/data_v3.py", line 263, in get_understat_player_stats
    df_understat[col] = pd.to_numeric(df_understat[col], errors='coerce')
                                      ~~~~~~~~~~~~^^^^^
  File "/home/tars/Projects/fpl-oracle/venv311/lib/python3.11/site-packages/pandas/core/frame.py", line 4113, in __getitem__
    indexer = self.columns.get_loc(key)
              ^^^^^^^^^^^^^^^^^^^^^^^^^
  File "/home/tars/Projects/fpl-oracle/venv311/lib/python3.11/site-packages/pandas/core/indexes/range.py", line 417, in get_loc
    raise KeyError(key)
KeyError: 'time'
The current gameweek is:  0
Traceback (most recent call last):
  File "/home/tars/Projects/fpl-oracle/data_v3.py", line 606, in <module>
    df = join_it_all_together()
         ^^^^^^^^^^^^^^^^^^^^^^
  File "/home/tars/Projects/fpl-oracle/data_v3.py", line 472, in join_it_all_together
    df_understat = get_understat_player_stats()
                   ^^^^^^^^^^^^^^^^^^^^^^^^^^^^
  File "/home/tars/Projects/fpl-oracle/data_v3.py", line 263, in get_understat_player_stats
    df_understat[col] = pd.to_numeric(df_understat[col], errors='coerce')
                                      ~~~~~~~~~~~~^^^^^
  File "/home/tars/Projects/fpl-oracle/venv311/lib/python3.11/site-packages/pandas/core/frame.py", line 4113, in __getitem__
    indexer = self.columns.get_loc(key)
              ^^^^^^^^^^^^^^^^^^^^^^^^^
  File "/home/tars/Projects/fpl-oracle/venv311/lib/python3.11/site-packages/pandas/core/indexes/range.py", line 417, in get_loc
    raise KeyError(key)
KeyError: 'time'
The current gameweek is:  0
Traceback (most recent call last):
  File "/home/tars/Projects/fpl-oracle/data_v3.py", line 606, in <module>
    df = join_it_all_together()
         ^^^^^^^^^^^^^^^^^^^^^^
  File "/home/tars/Projects/fpl-oracle/data_v3.py", line 472, in join_it_all_together
    df_understat = get_understat_player_stats()
                   ^^^^^^^^^^^^^^^^^^^^^^^^^^^^
  File "/home/tars/Projects/fpl-oracle/data_v3.py", line 263, in get_understat_player_stats
    df_understat[col] = pd.to_numeric(df_understat[col], errors='coerce')
                                      ~~~~~~~~~~~~^^^^^
  File "/home/tars/Projects/fpl-oracle/venv311/lib/python3.11/site-packages/pandas/core/frame.py", line 4113, in __getitem__
    indexer = self.columns.get_loc(key)
              ^^^^^^^^^^^^^^^^^^^^^^^^^
  File "/home/tars/Projects/fpl-oracle/venv311/lib/python3.11/site-packages/pandas/core/indexes/range.py", line 417, in get_loc
    raise KeyError(key)
KeyError: 'time'
The current gameweek is:  0
Traceback (most recent call last):
  File "/home/tars/Projects/fpl-oracle/data_v3.py", line 606, in <module>
    df = join_it_all_together()
         ^^^^^^^^^^^^^^^^^^^^^^
  File "/home/tars/Projects/fpl-oracle/data_v3.py", line 472, in join_it_all_together
    df_understat = get_understat_player_stats()
                   ^^^^^^^^^^^^^^^^^^^^^^^^^^^^
  File "/home/tars/Projects/fpl-oracle/data_v3.py", line 263, in get_understat_player_stats
    df_understat[col] = pd.to_numeric(df_understat[col], errors='coerce')
                                      ~~~~~~~~~~~~^^^^^
  File "/home/tars/Projects/fpl-oracle/venv311/lib/python3.11/site-packages/pandas/core/frame.py", line 4113, in __getitem__
    indexer = self.columns.get_loc(key)
              ^^^^^^^^^^^^^^^^^^^^^^^^^
  File "/home/tars/Projects/fpl-oracle/venv311/lib/python3.11/site-packages/pandas/core/indexes/range.py", line 417, in get_loc
    raise KeyError(key)
KeyError: 'time'
The current gameweek is:  0
Traceback (most recent call last):
  File "/home/tars/Projects/fpl-oracle/data_v3.py", line 606, in <module>
    df = join_it_all_together()
         ^^^^^^^^^^^^^^^^^^^^^^
  File "/home/tars/Projects/fpl-oracle/data_v3.py", line 472, in join_it_all_together
    df_understat = get_understat_player_stats()
                   ^^^^^^^^^^^^^^^^^^^^^^^^^^^^
  File "/home/tars/Projects/fpl-oracle/data_v3.py", line 263, in get_understat_player_stats
    df_understat[col] = pd.to_numeric(df_understat[col], errors='coerce')
                                      ~~~~~~~~~~~~^^^^^
  File "/home/tars/Projects/fpl-oracle/venv311/lib/python3.11/site-packages/pandas/core/frame.py", line 4113, in __getitem__
    indexer = self.columns.get_loc(key)
              ^^^^^^^^^^^^^^^^^^^^^^^^^
  File "/home/tars/Projects/fpl-oracle/venv311/lib/python3.11/site-packages/pandas/core/indexes/range.py", line 417, in get_loc
    raise KeyError(key)
KeyError: 'time'
The current gameweek is:  0
Traceback (most recent call last):
  File "/home/tars/Projects/fpl-oracle/data_v3.py", line 606, in <module>
    df = join_it_all_together()
         ^^^^^^^^^^^^^^^^^^^^^^
  File "/home/tars/Projects/fpl-oracle/data_v3.py", line 472, in join_it_all_together
    df_understat = get_understat_player_stats()
                   ^^^^^^^^^^^^^^^^^^^^^^^^^^^^
  File "/home/tars/Projects/fpl-oracle/data_v3.py", line 263, in get_understat_player_stats
    df_understat[col] = pd.to_numeric(df_understat[col], errors='coerce')
                                      ~~~~~~~~~~~~^^^^^
  File "/home/tars/Projects/fpl-oracle/venv311/lib/python3.11/site-packages/pandas/core/frame.py", line 4113, in __getitem__
    indexer = self.columns.get_loc(key)
              ^^^^^^^^^^^^^^^^^^^^^^^^^
  File "/home/tars/Projects/fpl-oracle/venv311/lib/python3.11/site-packages/pandas/core/indexes/range.py", line 417, in get_loc
    raise KeyError(key)
KeyError: 'time'
The current gameweek is:  0
Traceback (most recent call last):
  File "/home/tars/Projects/fpl-oracle/data_v3.py", line 606, in <module>
    df = join_it_all_together()
         ^^^^^^^^^^^^^^^^^^^^^^
  File "/home/tars/Projects/fpl-oracle/data_v3.py", line 472, in join_it_all_together
    df_understat = get_understat_player_stats()
                   ^^^^^^^^^^^^^^^^^^^^^^^^^^^^
  File "/home/tars/Projects/fpl-oracle/data_v3.py", line 263, in get_understat_player_stats
    df_understat[col] = pd.to_numeric(df_understat[col], errors='coerce')
                                      ~~~~~~~~~~~~^^^^^
  File "/home/tars/Projects/fpl-oracle/venv311/lib/python3.11/site-packages/pandas/core/frame.py", line 4113, in __getitem__
    indexer = self.columns.get_loc(key)
              ^^^^^^^^^^^^^^^^^^^^^^^^^
  File "/home/tars/Projects/fpl-oracle/venv311/lib/python3.11/site-packages/pandas/core/indexes/range.py", line 417, in get_loc
    raise KeyError(key)
KeyError: 'time'
The current gameweek is:  0
Traceback (most recent call last):
  File "/home/tars/Projects/fpl-oracle/data_v3.py", line 606, in <module>
    df = join_it_all_together()
         ^^^^^^^^^^^^^^^^^^^^^^
  File "/home/tars/Projects/fpl-oracle/data_v3.py", line 472, in join_it_all_together
    df_understat = get_understat_player_stats()
                   ^^^^^^^^^^^^^^^^^^^^^^^^^^^^
  File "/home/tars/Projects/fpl-oracle/data_v3.py", line 263, in get_understat_player_stats
    df_understat[col] = pd.to_numeric(df_understat[col], errors='coerce')
                                      ~~~~~~~~~~~~^^^^^
  File "/home/tars/Projects/fpl-oracle/venv311/lib/python3.11/site-packages/pandas/core/frame.py", line 4113, in __getitem__
    indexer = self.columns.get_loc(key)
              ^^^^^^^^^^^^^^^^^^^^^^^^^
  File "/home/tars/Projects/fpl-oracle/venv311/lib/python3.11/site-packages/pandas/core/indexes/range.py", line 417, in get_loc
    raise KeyError(key)
KeyError: 'time'
The current gameweek is:  0
Traceback (most recent call last):
  File "/home/tars/Projects/fpl-oracle/data_v3.py", line 606, in <module>
    df = join_it_all_together()
         ^^^^^^^^^^^^^^^^^^^^^^
  File "/home/tars/Projects/fpl-oracle/data_v3.py", line 472, in join_it_all_together
    df_understat = get_understat_player_stats()
                   ^^^^^^^^^^^^^^^^^^^^^^^^^^^^
  File "/home/tars/Projects/fpl-oracle/data_v3.py", line 263, in get_understat_player_stats
    df_understat[col] = pd.to_numeric(df_understat[col], errors='coerce')
                                      ~~~~~~~~~~~~^^^^^
  File "/home/tars/Projects/fpl-oracle/venv311/lib/python3.11/site-packages/pandas/core/frame.py", line 4113, in __getitem__
    indexer = self.columns.get_loc(key)
              ^^^^^^^^^^^^^^^^^^^^^^^^^
  File "/home/tars/Projects/fpl-oracle/venv311/lib/python3.11/site-packages/pandas/core/indexes/range.py", line 417, in get_loc
    raise KeyError(key)
KeyError: 'time'
The current gameweek is:  0
Traceback (most recent call last):
  File "/home/tars/Projects/fpl-oracle/data_v3.py", line 606, in <module>
    df = join_it_all_together()
         ^^^^^^^^^^^^^^^^^^^^^^
  File "/home/tars/Projects/fpl-oracle/data_v3.py", line 472, in join_it_all_together
    df_understat = get_understat_player_stats()
                   ^^^^^^^^^^^^^^^^^^^^^^^^^^^^
  File "/home/tars/Projects/fpl-oracle/data_v3.py", line 263, in get_understat_player_stats
    df_understat[col] = pd.to_numeric(df_understat[col], errors='coerce')
                                      ~~~~~~~~~~~~^^^^^
  File "/home/tars/Projects/fpl-oracle/venv311/lib/python3.11/site-packages/pandas/core/frame.py", line 4113, in __getitem__
    indexer = self.columns.get_loc(key)
              ^^^^^^^^^^^^^^^^^^^^^^^^^
  File "/home/tars/Projects/fpl-oracle/venv311/lib/python3.11/site-packages/pandas/core/indexes/range.py", line 417, in get_loc
    raise KeyError(key)
KeyError: 'time'
The current gameweek is:  0
Traceback (most recent call last):
  File "/home/tars/Projects/fpl-oracle/data_v3.py", line 606, in <module>
    df = join_it_all_together()
         ^^^^^^^^^^^^^^^^^^^^^^
  File "/home/tars/Projects/fpl-oracle/data_v3.py", line 472, in join_it_all_together
    df_understat = get_understat_player_stats()
                   ^^^^^^^^^^^^^^^^^^^^^^^^^^^^
  File "/home/tars/Projects/fpl-oracle/data_v3.py", line 263, in get_understat_player_stats
    df_understat[col] = pd.to_numeric(df_understat[col], errors='coerce')
                                      ~~~~~~~~~~~~^^^^^
  File "/home/tars/Projects/fpl-oracle/venv311/lib/python3.11/site-packages/pandas/core/frame.py", line 4113, in __getitem__
    indexer = self.columns.get_loc(key)
              ^^^^^^^^^^^^^^^^^^^^^^^^^
  File "/home/tars/Projects/fpl-oracle/venv311/lib/python3.11/site-packages/pandas/core/indexes/range.py", line 417, in get_loc
    raise KeyError(key)
KeyError: 'time'
Traceback (most recent call last):
  File "/home/tars/Projects/fpl-oracle/model.py", line 358, in <module>
    gw = int(sys.argv[1])
         ^^^^^^^^^^^^^^^^
ValueError: invalid literal for int() with base 10: '--'
The current gameweek is:  0
Traceback (most recent call last):
  File "/home/tars/Projects/fpl-oracle/data_v3.py", line 606, in <module>
    df = join_it_all_together()
         ^^^^^^^^^^^^^^^^^^^^^^
  File "/home/tars/Projects/fpl-oracle/data_v3.py", line 472, in join_it_all_together
    df_understat = get_understat_player_stats()
                   ^^^^^^^^^^^^^^^^^^^^^^^^^^^^
  File "/home/tars/Projects/fpl-oracle/data_v3.py", line 263, in get_understat_player_stats
    df_understat[col] = pd.to_numeric(df_understat[col], errors='coerce')
                                      ~~~~~~~~~~~~^^^^^
  File "/home/tars/Projects/fpl-oracle/venv311/lib/python3.11/site-packages/pandas/core/frame.py", line 4113, in __getitem__
    indexer = self.columns.get_loc(key)
              ^^^^^^^^^^^^^^^^^^^^^^^^^
  File "/home/tars/Projects/fpl-oracle/venv311/lib/python3.11/site-packages/pandas/core/indexes/range.py", line 417, in get_loc
    raise KeyError(key)
KeyError: 'time'
The current gameweek is:  0
Traceback (most recent call last):
  File "/home/tars/Projects/fpl-oracle/data_v3.py", line 606, in <module>
    df = join_it_all_together()
         ^^^^^^^^^^^^^^^^^^^^^^
  File "/home/tars/Projects/fpl-oracle/data_v3.py", line 472, in join_it_all_together
    df_understat = get_understat_player_stats()
                   ^^^^^^^^^^^^^^^^^^^^^^^^^^^^
  File "/home/tars/Projects/fpl-oracle/data_v3.py", line 263, in get_understat_player_stats
    df_understat[col] = pd.to_numeric(df_understat[col], errors='coerce')
                                      ~~~~~~~~~~~~^^^^^
  File "/home/tars/Projects/fpl-oracle/venv311/lib/python3.11/site-packages/pandas/core/frame.py", line 4113, in __getitem__
    indexer = self.columns.get_loc(key)
              ^^^^^^^^^^^^^^^^^^^^^^^^^
  File "/home/tars/Projects/fpl-oracle/venv311/lib/python3.11/site-packages/pandas/core/indexes/range.py", line 417, in get_loc
    raise KeyError(key)
KeyError: 'time'
The current gameweek is:  0
Traceback (most recent call last):
  File "/home/tars/Projects/fpl-oracle/data_v3.py", line 606, in <module>
    df = join_it_all_together()
         ^^^^^^^^^^^^^^^^^^^^^^
  File "/home/tars/Projects/fpl-oracle/data_v3.py", line 472, in join_it_all_together
    df_understat = get_understat_player_stats()
                   ^^^^^^^^^^^^^^^^^^^^^^^^^^^^
  File "/home/tars/Projects/fpl-oracle/data_v3.py", line 263, in get_understat_player_stats
    df_understat[col] = pd.to_numeric(df_understat[col], errors='coerce')
                                      ~~~~~~~~~~~~^^^^^
  File "/home/tars/Projects/fpl-oracle/venv311/lib/python3.11/site-packages/pandas/core/frame.py", line 4113, in __getitem__
    indexer = self.columns.get_loc(key)
              ^^^^^^^^^^^^^^^^^^^^^^^^^
  File "/home/tars/Projects/fpl-oracle/venv311/lib/python3.11/site-packages/pandas/core/indexes/range.py", line 417, in get_loc
    raise KeyError(key)
KeyError: 'time'
The current gameweek is:  0
Traceback (most recent call last):
  File "/home/tars/Projects/fpl-oracle/data_v3.py", line 606, in <module>
    df = join_it_all_together()
         ^^^^^^^^^^^^^^^^^^^^^^
  File "/home/tars/Projects/fpl-oracle/data_v3.py", line 472, in join_it_all_together
    df_understat = get_understat_player_stats()
                   ^^^^^^^^^^^^^^^^^^^^^^^^^^^^
  File "/home/tars/Projects/fpl-oracle/data_v3.py", line 263, in get_understat_player_stats
    df_understat[col] = pd.to_numeric(df_understat[col], errors='coerce')
                                      ~~~~~~~~~~~~^^^^^
  File "/home/tars/Projects/fpl-oracle/venv311/lib/python3.11/site-packages/pandas/core/frame.py", line 4113, in __getitem__
    indexer = self.columns.get_loc(key)
              ^^^^^^^^^^^^^^^^^^^^^^^^^
  File "/home/tars/Projects/fpl-oracle/venv311/lib/python3.11/site-packages/pandas/core/indexes/range.py", line 417, in get_loc
    raise KeyError(key)
KeyError: 'time'
The current gameweek is:  0
Traceback (most recent call last):
  File "/home/tars/Projects/fpl-oracle/data_v3.py", line 606, in <module>
    df = join_it_all_together()
         ^^^^^^^^^^^^^^^^^^^^^^
  File "/home/tars/Projects/fpl-oracle/data_v3.py", line 472, in join_it_all_together
    df_understat = get_understat_player_stats()
                   ^^^^^^^^^^^^^^^^^^^^^^^^^^^^
  File "/home/tars/Projects/fpl-oracle/data_v3.py", line 263, in get_understat_player_stats
    df_understat[col] = pd.to_numeric(df_understat[col], errors='coerce')
                                      ~~~~~~~~~~~~^^^^^
  File "/home/tars/Projects/fpl-oracle/venv311/lib/python3.11/site-packages/pandas/core/frame.py", line 4113, in __getitem__
    indexer = self.columns.get_loc(key)
              ^^^^^^^^^^^^^^^^^^^^^^^^^
  File "/home/tars/Projects/fpl-oracle/venv311/lib/python3.11/site-packages/pandas/core/indexes/range.py", line 417, in get_loc
    raise KeyError(key)
KeyError: 'time'
The current gameweek is:  0
Traceback (most recent call last):
  File "/home/tars/Projects/fpl-oracle/data_v3.py", line 606, in <module>
    df = join_it_all_together()
         ^^^^^^^^^^^^^^^^^^^^^^
  File "/home/tars/Projects/fpl-oracle/data_v3.py", line 472, in join_it_all_together
    df_understat = get_understat_player_stats()
                   ^^^^^^^^^^^^^^^^^^^^^^^^^^^^
  File "/home/tars/Projects/fpl-oracle/data_v3.py", line 263, in get_understat_player_stats
    df_understat[col] = pd.to_numeric(df_understat[col], errors='coerce')
                                      ~~~~~~~~~~~~^^^^^
  File "/home/tars/Projects/fpl-oracle/venv311/lib/python3.11/site-packages/pandas/core/frame.py", line 4113, in __getitem__
    indexer = self.columns.get_loc(key)
              ^^^^^^^^^^^^^^^^^^^^^^^^^
  File "/home/tars/Projects/fpl-oracle/venv311/lib/python3.11/site-packages/pandas/core/indexes/range.py", line 417, in get_loc
    raise KeyError(key)
KeyError: 'time'
The current gameweek is:  0
Traceback (most recent call last):
  File "/home/tars/Projects/fpl-oracle/data_v3.py", line 606, in <module>
    df = join_it_all_together()
         ^^^^^^^^^^^^^^^^^^^^^^
  File "/home/tars/Projects/fpl-oracle/data_v3.py", line 472, in join_it_all_together
    df_understat = get_understat_player_stats()
                   ^^^^^^^^^^^^^^^^^^^^^^^^^^^^
  File "/home/tars/Projects/fpl-oracle/data_v3.py", line 263, in get_understat_player_stats
    df_understat[col] = pd.to_numeric(df_understat[col], errors='coerce')
                                      ~~~~~~~~~~~~^^^^^
  File "/home/tars/Projects/fpl-oracle/venv311/lib/python3.11/site-packages/pandas/core/frame.py", line 4113, in __getitem__
    indexer = self.columns.get_loc(key)
              ^^^^^^^^^^^^^^^^^^^^^^^^^
  File "/home/tars/Projects/fpl-oracle/venv311/lib/python3.11/site-packages/pandas/core/indexes/range.py", line 417, in get_loc
    raise KeyError(key)
KeyError: 'time'
The current gameweek is:  0
Traceback (most recent call last):
  File "/home/tars/Projects/fpl-oracle/data_v3.py", line 606, in <module>
    df = join_it_all_together()
         ^^^^^^^^^^^^^^^^^^^^^^
  File "/home/tars/Projects/fpl-oracle/data_v3.py", line 472, in join_it_all_together
    df_understat = get_understat_player_stats()
                   ^^^^^^^^^^^^^^^^^^^^^^^^^^^^
  File "/home/tars/Projects/fpl-oracle/data_v3.py", line 263, in get_understat_player_stats
    df_understat[col] = pd.to_numeric(df_understat[col], errors='coerce')
                                      ~~~~~~~~~~~~^^^^^
  File "/home/tars/Projects/fpl-oracle/venv311/lib/python3.11/site-packages/pandas/core/frame.py", line 4113, in __getitem__
    indexer = self.columns.get_loc(key)
              ^^^^^^^^^^^^^^^^^^^^^^^^^
  File "/home/tars/Projects/fpl-oracle/venv311/lib/python3.11/site-packages/pandas/core/indexes/range.py", line 417, in get_loc
    raise KeyError(key)
KeyError: 'time'
The current gameweek is:  0
Traceback (most recent call last):
  File "/home/tars/Projects/fpl-oracle/data_v3.py", line 606, in <module>
    df = join_it_all_together()
         ^^^^^^^^^^^^^^^^^^^^^^
  File "/home/tars/Projects/fpl-oracle/data_v3.py", line 472, in join_it_all_together
    df_understat = get_understat_player_stats()
                   ^^^^^^^^^^^^^^^^^^^^^^^^^^^^
  File "/home/tars/Projects/fpl-oracle/data_v3.py", line 263, in get_understat_player_stats
    df_understat[col] = pd.to_numeric(df_understat[col], errors='coerce')
                                      ~~~~~~~~~~~~^^^^^
  File "/home/tars/Projects/fpl-oracle/venv311/lib/python3.11/site-packages/pandas/core/frame.py", line 4113, in __getitem__
    indexer = self.columns.get_loc(key)
              ^^^^^^^^^^^^^^^^^^^^^^^^^
  File "/home/tars/Projects/fpl-oracle/venv311/lib/python3.11/site-packages/pandas/core/indexes/range.py", line 417, in get_loc
    raise KeyError(key)
KeyError: 'time'
The current gameweek is:  0
Traceback (most recent call last):
  File "/home/tars/Projects/fpl-oracle/data_v3.py", line 606, in <module>
    df = join_it_all_together()
         ^^^^^^^^^^^^^^^^^^^^^^
  File "/home/tars/Projects/fpl-oracle/data_v3.py", line 472, in join_it_all_together
    df_understat = get_understat_player_stats()
                   ^^^^^^^^^^^^^^^^^^^^^^^^^^^^
  File "/home/tars/Projects/fpl-oracle/data_v3.py", line 263, in get_understat_player_stats
    df_understat[col] = pd.to_numeric(df_understat[col], errors='coerce')
                                      ~~~~~~~~~~~~^^^^^
  File "/home/tars/Projects/fpl-oracle/venv311/lib/python3.11/site-packages/pandas/core/frame.py", line 4113, in __getitem__
    indexer = self.columns.get_loc(key)
              ^^^^^^^^^^^^^^^^^^^^^^^^^
  File "/home/tars/Projects/fpl-oracle/venv311/lib/python3.11/site-packages/pandas/core/indexes/range.py", line 417, in get_loc
    raise KeyError(key)
KeyError: 'time'
The current gameweek is:  0
Traceback (most recent call last):
  File "/home/tars/Projects/fpl-oracle/data_v3.py", line 606, in <module>
    df = join_it_all_together()
         ^^^^^^^^^^^^^^^^^^^^^^
  File "/home/tars/Projects/fpl-oracle/data_v3.py", line 472, in join_it_all_together
    df_understat = get_understat_player_stats()
                   ^^^^^^^^^^^^^^^^^^^^^^^^^^^^
  File "/home/tars/Projects/fpl-oracle/data_v3.py", line 263, in get_understat_player_stats
    df_understat[col] = pd.to_numeric(df_understat[col], errors='coerce')
                                      ~~~~~~~~~~~~^^^^^
  File "/home/tars/Projects/fpl-oracle/venv311/lib/python3.11/site-packages/pandas/core/frame.py", line 4113, in __getitem__
    indexer = self.columns.get_loc(key)
              ^^^^^^^^^^^^^^^^^^^^^^^^^
  File "/home/tars/Projects/fpl-oracle/venv311/lib/python3.11/site-packages/pandas/core/indexes/range.py", line 417, in get_loc
    raise KeyError(key)
KeyError: 'time'
Traceback (most recent call last):
  File "/home/tars/Projects/fpl-oracle/model.py", line 358, in <module>
    gw = int(sys.argv[1])
         ^^^^^^^^^^^^^^^^
ValueError: invalid literal for int() with base 10: '--'
The current gameweek is:  0
Traceback (most recent call last):
  File "/home/tars/Projects/fpl-oracle/data_v3.py", line 606, in <module>
    df = join_it_all_together()
         ^^^^^^^^^^^^^^^^^^^^^^
  File "/home/tars/Projects/fpl-oracle/data_v3.py", line 472, in join_it_all_together
    df_understat = get_understat_player_stats()
                   ^^^^^^^^^^^^^^^^^^^^^^^^^^^^
  File "/home/tars/Projects/fpl-oracle/data_v3.py", line 263, in get_understat_player_stats
    df_understat[col] = pd.to_numeric(df_understat[col], errors='coerce')
                                      ~~~~~~~~~~~~^^^^^
  File "/home/tars/Projects/fpl-oracle/venv311/lib/python3.11/site-packages/pandas/core/frame.py", line 4113, in __getitem__
    indexer = self.columns.get_loc(key)
              ^^^^^^^^^^^^^^^^^^^^^^^^^
  File "/home/tars/Projects/fpl-oracle/venv311/lib/python3.11/site-packages/pandas/core/indexes/range.py", line 417, in get_loc
    raise KeyError(key)
KeyError: 'time'
The current gameweek is:  0
Traceback (most recent call last):
  File "/home/tars/Projects/fpl-oracle/data_v3.py", line 606, in <module>
    df = join_it_all_together()
         ^^^^^^^^^^^^^^^^^^^^^^
  File "/home/tars/Projects/fpl-oracle/data_v3.py", line 472, in join_it_all_together
    df_understat = get_understat_player_stats()
                   ^^^^^^^^^^^^^^^^^^^^^^^^^^^^
  File "/home/tars/Projects/fpl-oracle/data_v3.py", line 263, in get_understat_player_stats
    df_understat[col] = pd.to_numeric(df_understat[col], errors='coerce')
                                      ~~~~~~~~~~~~^^^^^
  File "/home/tars/Projects/fpl-oracle/venv311/lib/python3.11/site-packages/pandas/core/frame.py", line 4113, in __getitem__
    indexer = self.columns.get_loc(key)
              ^^^^^^^^^^^^^^^^^^^^^^^^^
  File "/home/tars/Projects/fpl-oracle/venv311/lib/python3.11/site-packages/pandas/core/indexes/range.py", line 417, in get_loc
    raise KeyError(key)
KeyError: 'time'
The current gameweek is:  0
Traceback (most recent call last):
  File "/home/tars/Projects/fpl-oracle/data_v3.py", line 606, in <module>
    df = join_it_all_together()
         ^^^^^^^^^^^^^^^^^^^^^^
  File "/home/tars/Projects/fpl-oracle/data_v3.py", line 472, in join_it_all_together
    df_understat = get_understat_player_stats()
                   ^^^^^^^^^^^^^^^^^^^^^^^^^^^^
  File "/home/tars/Projects/fpl-oracle/data_v3.py", line 263, in get_understat_player_stats
    df_understat[col] = pd.to_numeric(df_understat[col], errors='coerce')
                                      ~~~~~~~~~~~~^^^^^
  File "/home/tars/Projects/fpl-oracle/venv311/lib/python3.11/site-packages/pandas/core/frame.py", line 4113, in __getitem__
    indexer = self.columns.get_loc(key)
              ^^^^^^^^^^^^^^^^^^^^^^^^^
  File "/home/tars/Projects/fpl-oracle/venv311/lib/python3.11/site-packages/pandas/core/indexes/range.py", line 417, in get_loc
    raise KeyError(key)
KeyError: 'time'
The current gameweek is:  0
Traceback (most recent call last):
  File "/home/tars/Projects/fpl-oracle/data_v3.py", line 606, in <module>
    df = join_it_all_together()
         ^^^^^^^^^^^^^^^^^^^^^^
  File "/home/tars/Projects/fpl-oracle/data_v3.py", line 472, in join_it_all_together
    df_understat = get_understat_player_stats()
                   ^^^^^^^^^^^^^^^^^^^^^^^^^^^^
  File "/home/tars/Projects/fpl-oracle/data_v3.py", line 263, in get_understat_player_stats
    df_understat[col] = pd.to_numeric(df_understat[col], errors='coerce')
                                      ~~~~~~~~~~~~^^^^^
  File "/home/tars/Projects/fpl-oracle/venv311/lib/python3.11/site-packages/pandas/core/frame.py", line 4113, in __getitem__
    indexer = self.columns.get_loc(key)
              ^^^^^^^^^^^^^^^^^^^^^^^^^
  File "/home/tars/Projects/fpl-oracle/venv311/lib/python3.11/site-packages/pandas/core/indexes/range.py", line 417, in get_loc
    raise KeyError(key)
KeyError: 'time'
The current gameweek is:  0
Traceback (most recent call last):
  File "/home/tars/Projects/fpl-oracle/data_v3.py", line 606, in <module>
    df = join_it_all_together()
         ^^^^^^^^^^^^^^^^^^^^^^
  File "/home/tars/Projects/fpl-oracle/data_v3.py", line 472, in join_it_all_together
    df_understat = get_understat_player_stats()
                   ^^^^^^^^^^^^^^^^^^^^^^^^^^^^
  File "/home/tars/Projects/fpl-oracle/data_v3.py", line 263, in get_understat_player_stats
    df_understat[col] = pd.to_numeric(df_understat[col], errors='coerce')
                                      ~~~~~~~~~~~~^^^^^
  File "/home/tars/Projects/fpl-oracle/venv311/lib/python3.11/site-packages/pandas/core/frame.py", line 4113, in __getitem__
    indexer = self.columns.get_loc(key)
              ^^^^^^^^^^^^^^^^^^^^^^^^^
  File "/home/tars/Projects/fpl-oracle/venv311/lib/python3.11/site-packages/pandas/core/indexes/range.py", line 417, in get_loc
    raise KeyError(key)
KeyError: 'time'
The current gameweek is:  0
Traceback (most recent call last):
  File "/home/tars/Projects/fpl-oracle/data_v3.py", line 606, in <module>
    df = join_it_all_together()
         ^^^^^^^^^^^^^^^^^^^^^^
  File "/home/tars/Projects/fpl-oracle/data_v3.py", line 472, in join_it_all_together
    df_understat = get_understat_player_stats()
                   ^^^^^^^^^^^^^^^^^^^^^^^^^^^^
  File "/home/tars/Projects/fpl-oracle/data_v3.py", line 263, in get_understat_player_stats
    df_understat[col] = pd.to_numeric(df_understat[col], errors='coerce')
                                      ~~~~~~~~~~~~^^^^^
  File "/home/tars/Projects/fpl-oracle/venv311/lib/python3.11/site-packages/pandas/core/frame.py", line 4113, in __getitem__
    indexer = self.columns.get_loc(key)
              ^^^^^^^^^^^^^^^^^^^^^^^^^
  File "/home/tars/Projects/fpl-oracle/venv311/lib/python3.11/site-packages/pandas/core/indexes/range.py", line 417, in get_loc
    raise KeyError(key)
KeyError: 'time'
The current gameweek is:  0
Traceback (most recent call last):
  File "/home/tars/Projects/fpl-oracle/data_v3.py", line 606, in <module>
    df = join_it_all_together()
         ^^^^^^^^^^^^^^^^^^^^^^
  File "/home/tars/Projects/fpl-oracle/data_v3.py", line 472, in join_it_all_together
    df_understat = get_understat_player_stats()
                   ^^^^^^^^^^^^^^^^^^^^^^^^^^^^
  File "/home/tars/Projects/fpl-oracle/data_v3.py", line 263, in get_understat_player_stats
    df_understat[col] = pd.to_numeric(df_understat[col], errors='coerce')
                                      ~~~~~~~~~~~~^^^^^
  File "/home/tars/Projects/fpl-oracle/venv311/lib/python3.11/site-packages/pandas/core/frame.py", line 4113, in __getitem__
    indexer = self.columns.get_loc(key)
              ^^^^^^^^^^^^^^^^^^^^^^^^^
  File "/home/tars/Projects/fpl-oracle/venv311/lib/python3.11/site-packages/pandas/core/indexes/range.py", line 417, in get_loc
    raise KeyError(key)
KeyError: 'time'
The current gameweek is:  0
Traceback (most recent call last):
  File "/home/tars/Projects/fpl-oracle/data_v3.py", line 606, in <module>
    df = join_it_all_together()
         ^^^^^^^^^^^^^^^^^^^^^^
  File "/home/tars/Projects/fpl-oracle/data_v3.py", line 472, in join_it_all_together
    df_understat = get_understat_player_stats()
                   ^^^^^^^^^^^^^^^^^^^^^^^^^^^^
  File "/home/tars/Projects/fpl-oracle/data_v3.py", line 263, in get_understat_player_stats
    df_understat[col] = pd.to_numeric(df_understat[col], errors='coerce')
                                      ~~~~~~~~~~~~^^^^^
  File "/home/tars/Projects/fpl-oracle/venv311/lib/python3.11/site-packages/pandas/core/frame.py", line 4113, in __getitem__
    indexer = self.columns.get_loc(key)
              ^^^^^^^^^^^^^^^^^^^^^^^^^
  File "/home/tars/Projects/fpl-oracle/venv311/lib/python3.11/site-packages/pandas/core/indexes/range.py", line 417, in get_loc
    raise KeyError(key)
KeyError: 'time'
The current gameweek is:  0
Traceback (most recent call last):
  File "/home/tars/Projects/fpl-oracle/data_v3.py", line 606, in <module>
    df = join_it_all_together()
         ^^^^^^^^^^^^^^^^^^^^^^
  File "/home/tars/Projects/fpl-oracle/data_v3.py", line 472, in join_it_all_together
    df_understat = get_understat_player_stats()
                   ^^^^^^^^^^^^^^^^^^^^^^^^^^^^
  File "/home/tars/Projects/fpl-oracle/data_v3.py", line 263, in get_understat_player_stats
    df_understat[col] = pd.to_numeric(df_understat[col], errors='coerce')
                                      ~~~~~~~~~~~~^^^^^
  File "/home/tars/Projects/fpl-oracle/venv311/lib/python3.11/site-packages/pandas/core/frame.py", line 4113, in __getitem__
    indexer = self.columns.get_loc(key)
              ^^^^^^^^^^^^^^^^^^^^^^^^^
  File "/home/tars/Projects/fpl-oracle/venv311/lib/python3.11/site-packages/pandas/core/indexes/range.py", line 417, in get_loc
    raise KeyError(key)
KeyError: 'time'
The current gameweek is:  0
Traceback (most recent call last):
  File "/home/tars/Projects/fpl-oracle/data_v3.py", line 606, in <module>
    df = join_it_all_together()
         ^^^^^^^^^^^^^^^^^^^^^^
  File "/home/tars/Projects/fpl-oracle/data_v3.py", line 472, in join_it_all_together
    df_understat = get_understat_player_stats()
                   ^^^^^^^^^^^^^^^^^^^^^^^^^^^^
  File "/home/tars/Projects/fpl-oracle/data_v3.py", line 263, in get_understat_player_stats
    df_understat[col] = pd.to_numeric(df_understat[col], errors='coerce')
                                      ~~~~~~~~~~~~^^^^^
  File "/home/tars/Projects/fpl-oracle/venv311/lib/python3.11/site-packages/pandas/core/frame.py", line 4113, in __getitem__
    indexer = self.columns.get_loc(key)
              ^^^^^^^^^^^^^^^^^^^^^^^^^
  File "/home/tars/Projects/fpl-oracle/venv311/lib/python3.11/site-packages/pandas/core/indexes/range.py", line 417, in get_loc
    raise KeyError(key)
KeyError: 'time'
The current gameweek is:  0
Traceback (most recent call last):
  File "/home/tars/Projects/fpl-oracle/data_v3.py", line 606, in <module>
    df = join_it_all_together()
         ^^^^^^^^^^^^^^^^^^^^^^
  File "/home/tars/Projects/fpl-oracle/data_v3.py", line 472, in join_it_all_together
    df_understat = get_understat_player_stats()
                   ^^^^^^^^^^^^^^^^^^^^^^^^^^^^
  File "/home/tars/Projects/fpl-oracle/data_v3.py", line 263, in get_understat_player_stats
    df_understat[col] = pd.to_numeric(df_understat[col], errors='coerce')
                                      ~~~~~~~~~~~~^^^^^
  File "/home/tars/Projects/fpl-oracle/venv311/lib/python3.11/site-packages/pandas/core/frame.py", line 4113, in __getitem__
    indexer = self.columns.get_loc(key)
              ^^^^^^^^^^^^^^^^^^^^^^^^^
  File "/home/tars/Projects/fpl-oracle/venv311/lib/python3.11/site-packages/pandas/core/indexes/range.py", line 417, in get_loc
    raise KeyError(key)
KeyError: 'time'
Traceback (most recent call last):
  File "/home/tars/Projects/fpl-oracle/model.py", line 371, in <module>
    gw = int(sys.argv[1])
         ^^^^^^^^^^^^^^^^
ValueError: invalid literal for int() with base 10: '--'
The current gameweek is:  0
Traceback (most recent call last):
  File "/home/tars/Projects/fpl-oracle/data_v3.py", line 606, in <module>
    df = join_it_all_together()
         ^^^^^^^^^^^^^^^^^^^^^^
  File "/home/tars/Projects/fpl-oracle/data_v3.py", line 472, in join_it_all_together
    df_understat = get_understat_player_stats()
                   ^^^^^^^^^^^^^^^^^^^^^^^^^^^^
  File "/home/tars/Projects/fpl-oracle/data_v3.py", line 263, in get_understat_player_stats
    df_understat[col] = pd.to_numeric(df_understat[col], errors='coerce')
                                      ~~~~~~~~~~~~^^^^^
  File "/home/tars/Projects/fpl-oracle/venv311/lib/python3.11/site-packages/pandas/core/frame.py", line 4113, in __getitem__
    indexer = self.columns.get_loc(key)
              ^^^^^^^^^^^^^^^^^^^^^^^^^
  File "/home/tars/Projects/fpl-oracle/venv311/lib/python3.11/site-packages/pandas/core/indexes/range.py", line 417, in get_loc
    raise KeyError(key)
KeyError: 'time'
The current gameweek is:  0
Traceback (most recent call last):
  File "/home/tars/Projects/fpl-oracle/data_v3.py", line 606, in <module>
    df = join_it_all_together()
         ^^^^^^^^^^^^^^^^^^^^^^
  File "/home/tars/Projects/fpl-oracle/data_v3.py", line 472, in join_it_all_together
    df_understat = get_understat_player_stats()
                   ^^^^^^^^^^^^^^^^^^^^^^^^^^^^
  File "/home/tars/Projects/fpl-oracle/data_v3.py", line 263, in get_understat_player_stats
    df_understat[col] = pd.to_numeric(df_understat[col], errors='coerce')
                                      ~~~~~~~~~~~~^^^^^
  File "/home/tars/Projects/fpl-oracle/venv311/lib/python3.11/site-packages/pandas/core/frame.py", line 4113, in __getitem__
    indexer = self.columns.get_loc(key)
              ^^^^^^^^^^^^^^^^^^^^^^^^^
  File "/home/tars/Projects/fpl-oracle/venv311/lib/python3.11/site-packages/pandas/core/indexes/range.py", line 417, in get_loc
    raise KeyError(key)
KeyError: 'time'
The current gameweek is:  0
Traceback (most recent call last):
  File "/home/tars/Projects/fpl-oracle/data_v3.py", line 606, in <module>
    df = join_it_all_together()
         ^^^^^^^^^^^^^^^^^^^^^^
  File "/home/tars/Projects/fpl-oracle/data_v3.py", line 472, in join_it_all_together
    df_understat = get_understat_player_stats()
                   ^^^^^^^^^^^^^^^^^^^^^^^^^^^^
  File "/home/tars/Projects/fpl-oracle/data_v3.py", line 263, in get_understat_player_stats
    df_understat[col] = pd.to_numeric(df_understat[col], errors='coerce')
                                      ~~~~~~~~~~~~^^^^^
  File "/home/tars/Projects/fpl-oracle/venv311/lib/python3.11/site-packages/pandas/core/frame.py", line 4113, in __getitem__
    indexer = self.columns.get_loc(key)
              ^^^^^^^^^^^^^^^^^^^^^^^^^
  File "/home/tars/Projects/fpl-oracle/venv311/lib/python3.11/site-packages/pandas/core/indexes/range.py", line 417, in get_loc
    raise KeyError(key)
KeyError: 'time'
The current gameweek is:  0
Traceback (most recent call last):
  File "/home/tars/Projects/fpl-oracle/data_v3.py", line 606, in <module>
    df = join_it_all_together()
         ^^^^^^^^^^^^^^^^^^^^^^
  File "/home/tars/Projects/fpl-oracle/data_v3.py", line 472, in join_it_all_together
    df_understat = get_understat_player_stats()
                   ^^^^^^^^^^^^^^^^^^^^^^^^^^^^
  File "/home/tars/Projects/fpl-oracle/data_v3.py", line 263, in get_understat_player_stats
    df_understat[col] = pd.to_numeric(df_understat[col], errors='coerce')
                                      ~~~~~~~~~~~~^^^^^
  File "/home/tars/Projects/fpl-oracle/venv311/lib/python3.11/site-packages/pandas/core/frame.py", line 4113, in __getitem__
    indexer = self.columns.get_loc(key)
              ^^^^^^^^^^^^^^^^^^^^^^^^^
  File "/home/tars/Projects/fpl-oracle/venv311/lib/python3.11/site-packages/pandas/core/indexes/range.py", line 417, in get_loc
    raise KeyError(key)
KeyError: 'time'
The current gameweek is:  0
Traceback (most recent call last):
  File "/home/tars/Projects/fpl-oracle/data_v3.py", line 606, in <module>
    df = join_it_all_together()
         ^^^^^^^^^^^^^^^^^^^^^^
  File "/home/tars/Projects/fpl-oracle/data_v3.py", line 472, in join_it_all_together
    df_understat = get_understat_player_stats()
                   ^^^^^^^^^^^^^^^^^^^^^^^^^^^^
  File "/home/tars/Projects/fpl-oracle/data_v3.py", line 263, in get_understat_player_stats
    df_understat[col] = pd.to_numeric(df_understat[col], errors='coerce')
                                      ~~~~~~~~~~~~^^^^^
  File "/home/tars/Projects/fpl-oracle/venv311/lib/python3.11/site-packages/pandas/core/frame.py", line 4113, in __getitem__
    indexer = self.columns.get_loc(key)
              ^^^^^^^^^^^^^^^^^^^^^^^^^
  File "/home/tars/Projects/fpl-oracle/venv311/lib/python3.11/site-packages/pandas/core/indexes/range.py", line 417, in get_loc
    raise KeyError(key)
KeyError: 'time'
The current gameweek is:  0
Traceback (most recent call last):
  File "/home/tars/Projects/fpl-oracle/data_v3.py", line 606, in <module>
    df = join_it_all_together()
         ^^^^^^^^^^^^^^^^^^^^^^
  File "/home/tars/Projects/fpl-oracle/data_v3.py", line 472, in join_it_all_together
    df_understat = get_understat_player_stats()
                   ^^^^^^^^^^^^^^^^^^^^^^^^^^^^
  File "/home/tars/Projects/fpl-oracle/data_v3.py", line 263, in get_understat_player_stats
    df_understat[col] = pd.to_numeric(df_understat[col], errors='coerce')
                                      ~~~~~~~~~~~~^^^^^
  File "/home/tars/Projects/fpl-oracle/venv311/lib/python3.11/site-packages/pandas/core/frame.py", line 4113, in __getitem__
    indexer = self.columns.get_loc(key)
              ^^^^^^^^^^^^^^^^^^^^^^^^^
  File "/home/tars/Projects/fpl-oracle/venv311/lib/python3.11/site-packages/pandas/core/indexes/range.py", line 417, in get_loc
    raise KeyError(key)
KeyError: 'time'
The current gameweek is:  0
Traceback (most recent call last):
  File "/home/tars/Projects/fpl-oracle/data_v3.py", line 606, in <module>
    df = join_it_all_together()
         ^^^^^^^^^^^^^^^^^^^^^^
  File "/home/tars/Projects/fpl-oracle/data_v3.py", line 472, in join_it_all_together
    df_understat = get_understat_player_stats()
                   ^^^^^^^^^^^^^^^^^^^^^^^^^^^^
  File "/home/tars/Projects/fpl-oracle/data_v3.py", line 263, in get_understat_player_stats
    df_understat[col] = pd.to_numeric(df_understat[col], errors='coerce')
                                      ~~~~~~~~~~~~^^^^^
  File "/home/tars/Projects/fpl-oracle/venv311/lib/python3.11/site-packages/pandas/core/frame.py", line 4113, in __getitem__
    indexer = self.columns.get_loc(key)
              ^^^^^^^^^^^^^^^^^^^^^^^^^
  File "/home/tars/Projects/fpl-oracle/venv311/lib/python3.11/site-packages/pandas/core/indexes/range.py", line 417, in get_loc
    raise KeyError(key)
KeyError: 'time'
The current gameweek is:  0
Traceback (most recent call last):
  File "/home/tars/Projects/fpl-oracle/data_v3.py", line 606, in <module>
    df = join_it_all_together()
         ^^^^^^^^^^^^^^^^^^^^^^
  File "/home/tars/Projects/fpl-oracle/data_v3.py", line 472, in join_it_all_together
    df_understat = get_understat_player_stats()
                   ^^^^^^^^^^^^^^^^^^^^^^^^^^^^
  File "/home/tars/Projects/fpl-oracle/data_v3.py", line 263, in get_understat_player_stats
    df_understat[col] = pd.to_numeric(df_understat[col], errors='coerce')
                                      ~~~~~~~~~~~~^^^^^
  File "/home/tars/Projects/fpl-oracle/venv311/lib/python3.11/site-packages/pandas/core/frame.py", line 4113, in __getitem__
    indexer = self.columns.get_loc(key)
              ^^^^^^^^^^^^^^^^^^^^^^^^^
  File "/home/tars/Projects/fpl-oracle/venv311/lib/python3.11/site-packages/pandas/core/indexes/range.py", line 417, in get_loc
    raise KeyError(key)
KeyError: 'time'
The current gameweek is:  0
Traceback (most recent call last):
  File "/home/tars/Projects/fpl-oracle/data_v3.py", line 606, in <module>
    df = join_it_all_together()
         ^^^^^^^^^^^^^^^^^^^^^^
  File "/home/tars/Projects/fpl-oracle/data_v3.py", line 472, in join_it_all_together
    df_understat = get_understat_player_stats()
                   ^^^^^^^^^^^^^^^^^^^^^^^^^^^^
  File "/home/tars/Projects/fpl-oracle/data_v3.py", line 263, in get_understat_player_stats
    df_understat[col] = pd.to_numeric(df_understat[col], errors='coerce')
                                      ~~~~~~~~~~~~^^^^^
  File "/home/tars/Projects/fpl-oracle/venv311/lib/python3.11/site-packages/pandas/core/frame.py", line 4113, in __getitem__
    indexer = self.columns.get_loc(key)
              ^^^^^^^^^^^^^^^^^^^^^^^^^
  File "/home/tars/Projects/fpl-oracle/venv311/lib/python3.11/site-packages/pandas/core/indexes/range.py", line 417, in get_loc
    raise KeyError(key)
KeyError: 'time'
The current gameweek is:  0
Traceback (most recent call last):
  File "/home/tars/Projects/fpl-oracle/data_v3.py", line 606, in <module>
    df = join_it_all_together()
         ^^^^^^^^^^^^^^^^^^^^^^
  File "/home/tars/Projects/fpl-oracle/data_v3.py", line 472, in join_it_all_together
    df_understat = get_understat_player_stats()
                   ^^^^^^^^^^^^^^^^^^^^^^^^^^^^
  File "/home/tars/Projects/fpl-oracle/data_v3.py", line 263, in get_understat_player_stats
    df_understat[col] = pd.to_numeric(df_understat[col], errors='coerce')
                                      ~~~~~~~~~~~~^^^^^
  File "/home/tars/Projects/fpl-oracle/venv311/lib/python3.11/site-packages/pandas/core/frame.py", line 4113, in __getitem__
    indexer = self.columns.get_loc(key)
              ^^^^^^^^^^^^^^^^^^^^^^^^^
  File "/home/tars/Projects/fpl-oracle/venv311/lib/python3.11/site-packages/pandas/core/indexes/range.py", line 417, in get_loc
    raise KeyError(key)
KeyError: 'time'
The current gameweek is:  0
Traceback (most recent call last):
  File "/home/tars/Projects/fpl-oracle/data_v3.py", line 606, in <module>
    df = join_it_all_together()
         ^^^^^^^^^^^^^^^^^^^^^^
  File "/home/tars/Projects/fpl-oracle/data_v3.py", line 472, in join_it_all_together
    df_understat = get_understat_player_stats()
                   ^^^^^^^^^^^^^^^^^^^^^^^^^^^^
  File "/home/tars/Projects/fpl-oracle/data_v3.py", line 263, in get_understat_player_stats
    df_understat[col] = pd.to_numeric(df_understat[col], errors='coerce')
                                      ~~~~~~~~~~~~^^^^^
  File "/home/tars/Projects/fpl-oracle/venv311/lib/python3.11/site-packages/pandas/core/frame.py", line 4113, in __getitem__
    indexer = self.columns.get_loc(key)
              ^^^^^^^^^^^^^^^^^^^^^^^^^
  File "/home/tars/Projects/fpl-oracle/venv311/lib/python3.11/site-packages/pandas/core/indexes/range.py", line 417, in get_loc
    raise KeyError(key)
KeyError: 'time'
Traceback (most recent call last):
  File "/home/tars/Projects/fpl-oracle/model.py", line 371, in <module>
    gw = int(sys.argv[1])
         ^^^^^^^^^^^^^^^^
ValueError: invalid literal for int() with base 10: '--'
The current gameweek is:  0
Traceback (most recent call last):
  File "/home/tars/Projects/fpl-oracle/data_v3.py", line 606, in <module>
    df = join_it_all_together()
         ^^^^^^^^^^^^^^^^^^^^^^
  File "/home/tars/Projects/fpl-oracle/data_v3.py", line 472, in join_it_all_together
    df_understat = get_understat_player_stats()
                   ^^^^^^^^^^^^^^^^^^^^^^^^^^^^
  File "/home/tars/Projects/fpl-oracle/data_v3.py", line 263, in get_understat_player_stats
    df_understat[col] = pd.to_numeric(df_understat[col], errors='coerce')
                                      ~~~~~~~~~~~~^^^^^
  File "/home/tars/Projects/fpl-oracle/venv311/lib/python3.11/site-packages/pandas/core/frame.py", line 4113, in __getitem__
    indexer = self.columns.get_loc(key)
              ^^^^^^^^^^^^^^^^^^^^^^^^^
  File "/home/tars/Projects/fpl-oracle/venv311/lib/python3.11/site-packages/pandas/core/indexes/range.py", line 417, in get_loc
    raise KeyError(key)
KeyError: 'time'
The current gameweek is:  0
Traceback (most recent call last):
  File "/home/tars/Projects/fpl-oracle/data_v3.py", line 606, in <module>
    df = join_it_all_together()
         ^^^^^^^^^^^^^^^^^^^^^^
  File "/home/tars/Projects/fpl-oracle/data_v3.py", line 472, in join_it_all_together
    df_understat = get_understat_player_stats()
                   ^^^^^^^^^^^^^^^^^^^^^^^^^^^^
  File "/home/tars/Projects/fpl-oracle/data_v3.py", line 263, in get_understat_player_stats
    df_understat[col] = pd.to_numeric(df_understat[col], errors='coerce')
                                      ~~~~~~~~~~~~^^^^^
  File "/home/tars/Projects/fpl-oracle/venv311/lib/python3.11/site-packages/pandas/core/frame.py", line 4113, in __getitem__
    indexer = self.columns.get_loc(key)
              ^^^^^^^^^^^^^^^^^^^^^^^^^
  File "/home/tars/Projects/fpl-oracle/venv311/lib/python3.11/site-packages/pandas/core/indexes/range.py", line 417, in get_loc
    raise KeyError(key)
KeyError: 'time'
The current gameweek is:  0
Traceback (most recent call last):
  File "/home/tars/Projects/fpl-oracle/data_v3.py", line 606, in <module>
    df = join_it_all_together()
         ^^^^^^^^^^^^^^^^^^^^^^
  File "/home/tars/Projects/fpl-oracle/data_v3.py", line 472, in join_it_all_together
    df_understat = get_understat_player_stats()
                   ^^^^^^^^^^^^^^^^^^^^^^^^^^^^
  File "/home/tars/Projects/fpl-oracle/data_v3.py", line 263, in get_understat_player_stats
    df_understat[col] = pd.to_numeric(df_understat[col], errors='coerce')
                                      ~~~~~~~~~~~~^^^^^
  File "/home/tars/Projects/fpl-oracle/venv311/lib/python3.11/site-packages/pandas/core/frame.py", line 4113, in __getitem__
    indexer = self.columns.get_loc(key)
              ^^^^^^^^^^^^^^^^^^^^^^^^^
  File "/home/tars/Projects/fpl-oracle/venv311/lib/python3.11/site-packages/pandas/core/indexes/range.py", line 417, in get_loc
    raise KeyError(key)
KeyError: 'time'
The current gameweek is:  0
Traceback (most recent call last):
  File "/home/tars/Projects/fpl-oracle/data_v3.py", line 606, in <module>
    df = join_it_all_together()
         ^^^^^^^^^^^^^^^^^^^^^^
  File "/home/tars/Projects/fpl-oracle/data_v3.py", line 472, in join_it_all_together
    df_understat = get_understat_player_stats()
                   ^^^^^^^^^^^^^^^^^^^^^^^^^^^^
  File "/home/tars/Projects/fpl-oracle/data_v3.py", line 263, in get_understat_player_stats
    df_understat[col] = pd.to_numeric(df_understat[col], errors='coerce')
                                      ~~~~~~~~~~~~^^^^^
  File "/home/tars/Projects/fpl-oracle/venv311/lib/python3.11/site-packages/pandas/core/frame.py", line 4113, in __getitem__
    indexer = self.columns.get_loc(key)
              ^^^^^^^^^^^^^^^^^^^^^^^^^
  File "/home/tars/Projects/fpl-oracle/venv311/lib/python3.11/site-packages/pandas/core/indexes/range.py", line 417, in get_loc
    raise KeyError(key)
KeyError: 'time'
The current gameweek is:  0
Traceback (most recent call last):
  File "/home/tars/Projects/fpl-oracle/data_v3.py", line 606, in <module>
    df = join_it_all_together()
         ^^^^^^^^^^^^^^^^^^^^^^
  File "/home/tars/Projects/fpl-oracle/data_v3.py", line 472, in join_it_all_together
    df_understat = get_understat_player_stats()
                   ^^^^^^^^^^^^^^^^^^^^^^^^^^^^
  File "/home/tars/Projects/fpl-oracle/data_v3.py", line 263, in get_understat_player_stats
    df_understat[col] = pd.to_numeric(df_understat[col], errors='coerce')
                                      ~~~~~~~~~~~~^^^^^
  File "/home/tars/Projects/fpl-oracle/venv311/lib/python3.11/site-packages/pandas/core/frame.py", line 4113, in __getitem__
    indexer = self.columns.get_loc(key)
              ^^^^^^^^^^^^^^^^^^^^^^^^^
  File "/home/tars/Projects/fpl-oracle/venv311/lib/python3.11/site-packages/pandas/core/indexes/range.py", line 417, in get_loc
    raise KeyError(key)
KeyError: 'time'
The current gameweek is:  0
Traceback (most recent call last):
  File "/home/tars/Projects/fpl-oracle/data_v3.py", line 606, in <module>
    df = join_it_all_together()
         ^^^^^^^^^^^^^^^^^^^^^^
  File "/home/tars/Projects/fpl-oracle/data_v3.py", line 472, in join_it_all_together
    df_understat = get_understat_player_stats()
                   ^^^^^^^^^^^^^^^^^^^^^^^^^^^^
  File "/home/tars/Projects/fpl-oracle/data_v3.py", line 263, in get_understat_player_stats
    df_understat[col] = pd.to_numeric(df_understat[col], errors='coerce')
                                      ~~~~~~~~~~~~^^^^^
  File "/home/tars/Projects/fpl-oracle/venv311/lib/python3.11/site-packages/pandas/core/frame.py", line 4113, in __getitem__
    indexer = self.columns.get_loc(key)
              ^^^^^^^^^^^^^^^^^^^^^^^^^
  File "/home/tars/Projects/fpl-oracle/venv311/lib/python3.11/site-packages/pandas/core/indexes/range.py", line 417, in get_loc
    raise KeyError(key)
KeyError: 'time'
The current gameweek is:  0
Traceback (most recent call last):
  File "/home/tars/Projects/fpl-oracle/data_v3.py", line 606, in <module>
    df = join_it_all_together()
         ^^^^^^^^^^^^^^^^^^^^^^
  File "/home/tars/Projects/fpl-oracle/data_v3.py", line 472, in join_it_all_together
    df_understat = get_understat_player_stats()
                   ^^^^^^^^^^^^^^^^^^^^^^^^^^^^
  File "/home/tars/Projects/fpl-oracle/data_v3.py", line 263, in get_understat_player_stats
    df_understat[col] = pd.to_numeric(df_understat[col], errors='coerce')
                                      ~~~~~~~~~~~~^^^^^
  File "/home/tars/Projects/fpl-oracle/venv311/lib/python3.11/site-packages/pandas/core/frame.py", line 4113, in __getitem__
    indexer = self.columns.get_loc(key)
              ^^^^^^^^^^^^^^^^^^^^^^^^^
  File "/home/tars/Projects/fpl-oracle/venv311/lib/python3.11/site-packages/pandas/core/indexes/range.py", line 417, in get_loc
    raise KeyError(key)
KeyError: 'time'
The current gameweek is:  0
Traceback (most recent call last):
  File "/home/tars/Projects/fpl-oracle/data_v3.py", line 606, in <module>
    df = join_it_all_together()
         ^^^^^^^^^^^^^^^^^^^^^^
  File "/home/tars/Projects/fpl-oracle/data_v3.py", line 472, in join_it_all_together
    df_understat = get_understat_player_stats()
                   ^^^^^^^^^^^^^^^^^^^^^^^^^^^^
  File "/home/tars/Projects/fpl-oracle/data_v3.py", line 263, in get_understat_player_stats
    df_understat[col] = pd.to_numeric(df_understat[col], errors='coerce')
                                      ~~~~~~~~~~~~^^^^^
  File "/home/tars/Projects/fpl-oracle/venv311/lib/python3.11/site-packages/pandas/core/frame.py", line 4113, in __getitem__
    indexer = self.columns.get_loc(key)
              ^^^^^^^^^^^^^^^^^^^^^^^^^
  File "/home/tars/Projects/fpl-oracle/venv311/lib/python3.11/site-packages/pandas/core/indexes/range.py", line 417, in get_loc
    raise KeyError(key)
KeyError: 'time'
The current gameweek is:  0
Traceback (most recent call last):
  File "/home/tars/Projects/fpl-oracle/data_v3.py", line 606, in <module>
    df = join_it_all_together()
         ^^^^^^^^^^^^^^^^^^^^^^
  File "/home/tars/Projects/fpl-oracle/data_v3.py", line 472, in join_it_all_together
    df_understat = get_understat_player_stats()
                   ^^^^^^^^^^^^^^^^^^^^^^^^^^^^
  File "/home/tars/Projects/fpl-oracle/data_v3.py", line 263, in get_understat_player_stats
    df_understat[col] = pd.to_numeric(df_understat[col], errors='coerce')
                                      ~~~~~~~~~~~~^^^^^
  File "/home/tars/Projects/fpl-oracle/venv311/lib/python3.11/site-packages/pandas/core/frame.py", line 4113, in __getitem__
    indexer = self.columns.get_loc(key)
              ^^^^^^^^^^^^^^^^^^^^^^^^^
  File "/home/tars/Projects/fpl-oracle/venv311/lib/python3.11/site-packages/pandas/core/indexes/range.py", line 417, in get_loc
    raise KeyError(key)
KeyError: 'time'
The current gameweek is:  0
Traceback (most recent call last):
  File "/home/tars/Projects/fpl-oracle/data_v3.py", line 606, in <module>
    df = join_it_all_together()
         ^^^^^^^^^^^^^^^^^^^^^^
  File "/home/tars/Projects/fpl-oracle/data_v3.py", line 472, in join_it_all_together
    df_understat = get_understat_player_stats()
                   ^^^^^^^^^^^^^^^^^^^^^^^^^^^^
  File "/home/tars/Projects/fpl-oracle/data_v3.py", line 263, in get_understat_player_stats
    df_understat[col] = pd.to_numeric(df_understat[col], errors='coerce')
                                      ~~~~~~~~~~~~^^^^^
  File "/home/tars/Projects/fpl-oracle/venv311/lib/python3.11/site-packages/pandas/core/frame.py", line 4113, in __getitem__
    indexer = self.columns.get_loc(key)
              ^^^^^^^^^^^^^^^^^^^^^^^^^
  File "/home/tars/Projects/fpl-oracle/venv311/lib/python3.11/site-packages/pandas/core/indexes/range.py", line 417, in get_loc
    raise KeyError(key)
KeyError: 'time'
The current gameweek is:  0
Traceback (most recent call last):
  File "/home/tars/Projects/fpl-oracle/data_v3.py", line 606, in <module>
    df = join_it_all_together()
         ^^^^^^^^^^^^^^^^^^^^^^
  File "/home/tars/Projects/fpl-oracle/data_v3.py", line 472, in join_it_all_together
    df_understat = get_understat_player_stats()
                   ^^^^^^^^^^^^^^^^^^^^^^^^^^^^
  File "/home/tars/Projects/fpl-oracle/data_v3.py", line 263, in get_understat_player_stats
    df_understat[col] = pd.to_numeric(df_understat[col], errors='coerce')
                                      ~~~~~~~~~~~~^^^^^
  File "/home/tars/Projects/fpl-oracle/venv311/lib/python3.11/site-packages/pandas/core/frame.py", line 4113, in __getitem__
    indexer = self.columns.get_loc(key)
              ^^^^^^^^^^^^^^^^^^^^^^^^^
  File "/home/tars/Projects/fpl-oracle/venv311/lib/python3.11/site-packages/pandas/core/indexes/range.py", line 417, in get_loc
    raise KeyError(key)
KeyError: 'time'
Traceback (most recent call last):
  File "/home/tars/Projects/fpl-oracle/model.py", line 371, in <module>
    gw = int(sys.argv[1])
         ^^^^^^^^^^^^^^^^
ValueError: invalid literal for int() with base 10: '--'
The current gameweek is:  0
Traceback (most recent call last):
  File "/home/tars/Projects/fpl-oracle/data_v3.py", line 606, in <module>
    df = join_it_all_together()
         ^^^^^^^^^^^^^^^^^^^^^^
  File "/home/tars/Projects/fpl-oracle/data_v3.py", line 472, in join_it_all_together
    df_understat = get_understat_player_stats()
                   ^^^^^^^^^^^^^^^^^^^^^^^^^^^^
  File "/home/tars/Projects/fpl-oracle/data_v3.py", line 263, in get_understat_player_stats
    df_understat[col] = pd.to_numeric(df_understat[col], errors='coerce')
                                      ~~~~~~~~~~~~^^^^^
  File "/home/tars/Projects/fpl-oracle/venv311/lib/python3.11/site-packages/pandas/core/frame.py", line 4113, in __getitem__
    indexer = self.columns.get_loc(key)
              ^^^^^^^^^^^^^^^^^^^^^^^^^
  File "/home/tars/Projects/fpl-oracle/venv311/lib/python3.11/site-packages/pandas/core/indexes/range.py", line 417, in get_loc
    raise KeyError(key)
KeyError: 'time'
The current gameweek is:  0
Traceback (most recent call last):
  File "/home/tars/Projects/fpl-oracle/data_v3.py", line 606, in <module>
    df = join_it_all_together()
         ^^^^^^^^^^^^^^^^^^^^^^
  File "/home/tars/Projects/fpl-oracle/data_v3.py", line 472, in join_it_all_together
    df_understat = get_understat_player_stats()
                   ^^^^^^^^^^^^^^^^^^^^^^^^^^^^
  File "/home/tars/Projects/fpl-oracle/data_v3.py", line 263, in get_understat_player_stats
    df_understat[col] = pd.to_numeric(df_understat[col], errors='coerce')
                                      ~~~~~~~~~~~~^^^^^
  File "/home/tars/Projects/fpl-oracle/venv311/lib/python3.11/site-packages/pandas/core/frame.py", line 4113, in __getitem__
    indexer = self.columns.get_loc(key)
              ^^^^^^^^^^^^^^^^^^^^^^^^^
  File "/home/tars/Projects/fpl-oracle/venv311/lib/python3.11/site-packages/pandas/core/indexes/range.py", line 417, in get_loc
    raise KeyError(key)
KeyError: 'time'
The current gameweek is:  0
Traceback (most recent call last):
  File "/home/tars/Projects/fpl-oracle/data_v3.py", line 606, in <module>
    df = join_it_all_together()
         ^^^^^^^^^^^^^^^^^^^^^^
  File "/home/tars/Projects/fpl-oracle/data_v3.py", line 472, in join_it_all_together
    df_understat = get_understat_player_stats()
                   ^^^^^^^^^^^^^^^^^^^^^^^^^^^^
  File "/home/tars/Projects/fpl-oracle/data_v3.py", line 263, in get_understat_player_stats
    df_understat[col] = pd.to_numeric(df_understat[col], errors='coerce')
                                      ~~~~~~~~~~~~^^^^^
  File "/home/tars/Projects/fpl-oracle/venv311/lib/python3.11/site-packages/pandas/core/frame.py", line 4113, in __getitem__
    indexer = self.columns.get_loc(key)
              ^^^^^^^^^^^^^^^^^^^^^^^^^
  File "/home/tars/Projects/fpl-oracle/venv311/lib/python3.11/site-packages/pandas/core/indexes/range.py", line 417, in get_loc
    raise KeyError(key)
KeyError: 'time'
The current gameweek is:  0
Traceback (most recent call last):
  File "/home/tars/Projects/fpl-oracle/data_v3.py", line 606, in <module>
    df = join_it_all_together()
         ^^^^^^^^^^^^^^^^^^^^^^
  File "/home/tars/Projects/fpl-oracle/data_v3.py", line 472, in join_it_all_together
    df_understat = get_understat_player_stats()
                   ^^^^^^^^^^^^^^^^^^^^^^^^^^^^
  File "/home/tars/Projects/fpl-oracle/data_v3.py", line 263, in get_understat_player_stats
    df_understat[col] = pd.to_numeric(df_understat[col], errors='coerce')
                                      ~~~~~~~~~~~~^^^^^
  File "/home/tars/Projects/fpl-oracle/venv311/lib/python3.11/site-packages/pandas/core/frame.py", line 4113, in __getitem__
    indexer = self.columns.get_loc(key)
              ^^^^^^^^^^^^^^^^^^^^^^^^^
  File "/home/tars/Projects/fpl-oracle/venv311/lib/python3.11/site-packages/pandas/core/indexes/range.py", line 417, in get_loc
    raise KeyError(key)
KeyError: 'time'
The current gameweek is:  0
Traceback (most recent call last):
  File "/home/tars/Projects/fpl-oracle/data_v3.py", line 606, in <module>
    df = join_it_all_together()
         ^^^^^^^^^^^^^^^^^^^^^^
  File "/home/tars/Projects/fpl-oracle/data_v3.py", line 472, in join_it_all_together
    df_understat = get_understat_player_stats()
                   ^^^^^^^^^^^^^^^^^^^^^^^^^^^^
  File "/home/tars/Projects/fpl-oracle/data_v3.py", line 263, in get_understat_player_stats
    df_understat[col] = pd.to_numeric(df_understat[col], errors='coerce')
                                      ~~~~~~~~~~~~^^^^^
  File "/home/tars/Projects/fpl-oracle/venv311/lib/python3.11/site-packages/pandas/core/frame.py", line 4113, in __getitem__
    indexer = self.columns.get_loc(key)
              ^^^^^^^^^^^^^^^^^^^^^^^^^
  File "/home/tars/Projects/fpl-oracle/venv311/lib/python3.11/site-packages/pandas/core/indexes/range.py", line 417, in get_loc
    raise KeyError(key)
KeyError: 'time'
The current gameweek is:  0
Traceback (most recent call last):
  File "/home/tars/Projects/fpl-oracle/data_v3.py", line 606, in <module>
    df = join_it_all_together()
         ^^^^^^^^^^^^^^^^^^^^^^
  File "/home/tars/Projects/fpl-oracle/data_v3.py", line 472, in join_it_all_together
    df_understat = get_understat_player_stats()
                   ^^^^^^^^^^^^^^^^^^^^^^^^^^^^
  File "/home/tars/Projects/fpl-oracle/data_v3.py", line 263, in get_understat_player_stats
    df_understat[col] = pd.to_numeric(df_understat[col], errors='coerce')
                                      ~~~~~~~~~~~~^^^^^
  File "/home/tars/Projects/fpl-oracle/venv311/lib/python3.11/site-packages/pandas/core/frame.py", line 4113, in __getitem__
    indexer = self.columns.get_loc(key)
              ^^^^^^^^^^^^^^^^^^^^^^^^^
  File "/home/tars/Projects/fpl-oracle/venv311/lib/python3.11/site-packages/pandas/core/indexes/range.py", line 417, in get_loc
    raise KeyError(key)
KeyError: 'time'
The current gameweek is:  0
Traceback (most recent call last):
  File "/home/tars/Projects/fpl-oracle/data_v3.py", line 606, in <module>
    df = join_it_all_together()
         ^^^^^^^^^^^^^^^^^^^^^^
  File "/home/tars/Projects/fpl-oracle/data_v3.py", line 472, in join_it_all_together
    df_understat = get_understat_player_stats()
                   ^^^^^^^^^^^^^^^^^^^^^^^^^^^^
  File "/home/tars/Projects/fpl-oracle/data_v3.py", line 263, in get_understat_player_stats
    df_understat[col] = pd.to_numeric(df_understat[col], errors='coerce')
                                      ~~~~~~~~~~~~^^^^^
  File "/home/tars/Projects/fpl-oracle/venv311/lib/python3.11/site-packages/pandas/core/frame.py", line 4113, in __getitem__
    indexer = self.columns.get_loc(key)
              ^^^^^^^^^^^^^^^^^^^^^^^^^
  File "/home/tars/Projects/fpl-oracle/venv311/lib/python3.11/site-packages/pandas/core/indexes/range.py", line 417, in get_loc
    raise KeyError(key)
KeyError: 'time'
The current gameweek is:  0
Traceback (most recent call last):
  File "/home/tars/Projects/fpl-oracle/data_v3.py", line 606, in <module>
    df = join_it_all_together()
         ^^^^^^^^^^^^^^^^^^^^^^
  File "/home/tars/Projects/fpl-oracle/data_v3.py", line 472, in join_it_all_together
    df_understat = get_understat_player_stats()
                   ^^^^^^^^^^^^^^^^^^^^^^^^^^^^
  File "/home/tars/Projects/fpl-oracle/data_v3.py", line 263, in get_understat_player_stats
    df_understat[col] = pd.to_numeric(df_understat[col], errors='coerce')
                                      ~~~~~~~~~~~~^^^^^
  File "/home/tars/Projects/fpl-oracle/venv311/lib/python3.11/site-packages/pandas/core/frame.py", line 4113, in __getitem__
    indexer = self.columns.get_loc(key)
              ^^^^^^^^^^^^^^^^^^^^^^^^^
  File "/home/tars/Projects/fpl-oracle/venv311/lib/python3.11/site-packages/pandas/core/indexes/range.py", line 417, in get_loc
    raise KeyError(key)
KeyError: 'time'
The current gameweek is:  0
Traceback (most recent call last):
  File "/home/tars/Projects/fpl-oracle/data_v3.py", line 606, in <module>
    df = join_it_all_together()
         ^^^^^^^^^^^^^^^^^^^^^^
  File "/home/tars/Projects/fpl-oracle/data_v3.py", line 472, in join_it_all_together
    df_understat = get_understat_player_stats()
                   ^^^^^^^^^^^^^^^^^^^^^^^^^^^^
  File "/home/tars/Projects/fpl-oracle/data_v3.py", line 263, in get_understat_player_stats
    df_understat[col] = pd.to_numeric(df_understat[col], errors='coerce')
                                      ~~~~~~~~~~~~^^^^^
  File "/home/tars/Projects/fpl-oracle/venv311/lib/python3.11/site-packages/pandas/core/frame.py", line 4113, in __getitem__
    indexer = self.columns.get_loc(key)
              ^^^^^^^^^^^^^^^^^^^^^^^^^
  File "/home/tars/Projects/fpl-oracle/venv311/lib/python3.11/site-packages/pandas/core/indexes/range.py", line 417, in get_loc
    raise KeyError(key)
KeyError: 'time'
The current gameweek is:  0
Traceback (most recent call last):
  File "/home/tars/Projects/fpl-oracle/data_v3.py", line 606, in <module>
    df = join_it_all_together()
         ^^^^^^^^^^^^^^^^^^^^^^
  File "/home/tars/Projects/fpl-oracle/data_v3.py", line 472, in join_it_all_together
    df_understat = get_understat_player_stats()
                   ^^^^^^^^^^^^^^^^^^^^^^^^^^^^
  File "/home/tars/Projects/fpl-oracle/data_v3.py", line 263, in get_understat_player_stats
    df_understat[col] = pd.to_numeric(df_understat[col], errors='coerce')
                                      ~~~~~~~~~~~~^^^^^
  File "/home/tars/Projects/fpl-oracle/venv311/lib/python3.11/site-packages/pandas/core/frame.py", line 4113, in __getitem__
    indexer = self.columns.get_loc(key)
              ^^^^^^^^^^^^^^^^^^^^^^^^^
  File "/home/tars/Projects/fpl-oracle/venv311/lib/python3.11/site-packages/pandas/core/indexes/range.py", line 417, in get_loc
    raise KeyError(key)
KeyError: 'time'
The current gameweek is:  0
Traceback (most recent call last):
  File "/home/tars/Projects/fpl-oracle/data_v3.py", line 606, in <module>
    df = join_it_all_together()
         ^^^^^^^^^^^^^^^^^^^^^^
  File "/home/tars/Projects/fpl-oracle/data_v3.py", line 472, in join_it_all_together
    df_understat = get_understat_player_stats()
                   ^^^^^^^^^^^^^^^^^^^^^^^^^^^^
  File "/home/tars/Projects/fpl-oracle/data_v3.py", line 263, in get_understat_player_stats
    df_understat[col] = pd.to_numeric(df_understat[col], errors='coerce')
                                      ~~~~~~~~~~~~^^^^^
  File "/home/tars/Projects/fpl-oracle/venv311/lib/python3.11/site-packages/pandas/core/frame.py", line 4113, in __getitem__
    indexer = self.columns.get_loc(key)
              ^^^^^^^^^^^^^^^^^^^^^^^^^
  File "/home/tars/Projects/fpl-oracle/venv311/lib/python3.11/site-packages/pandas/core/indexes/range.py", line 417, in get_loc
    raise KeyError(key)
KeyError: 'time'
Traceback (most recent call last):
  File "/home/tars/Projects/fpl-oracle/model.py", line 371, in <module>
    gw = int(sys.argv[1])
         ^^^^^^^^^^^^^^^^
ValueError: invalid literal for int() with base 10: '--'
The current gameweek is:  0
Traceback (most recent call last):
  File "/home/tars/Projects/fpl-oracle/data_v3.py", line 606, in <module>
    df = join_it_all_together()
         ^^^^^^^^^^^^^^^^^^^^^^
  File "/home/tars/Projects/fpl-oracle/data_v3.py", line 472, in join_it_all_together
    df_understat = get_understat_player_stats()
                   ^^^^^^^^^^^^^^^^^^^^^^^^^^^^
  File "/home/tars/Projects/fpl-oracle/data_v3.py", line 263, in get_understat_player_stats
    df_understat[col] = pd.to_numeric(df_understat[col], errors='coerce')
                                      ~~~~~~~~~~~~^^^^^
  File "/home/tars/Projects/fpl-oracle/venv311/lib/python3.11/site-packages/pandas/core/frame.py", line 4113, in __getitem__
    indexer = self.columns.get_loc(key)
              ^^^^^^^^^^^^^^^^^^^^^^^^^
  File "/home/tars/Projects/fpl-oracle/venv311/lib/python3.11/site-packages/pandas/core/indexes/range.py", line 417, in get_loc
    raise KeyError(key)
KeyError: 'time'
The current gameweek is:  0
Traceback (most recent call last):
  File "/home/tars/Projects/fpl-oracle/data_v3.py", line 606, in <module>
    df = join_it_all_together()
         ^^^^^^^^^^^^^^^^^^^^^^
  File "/home/tars/Projects/fpl-oracle/data_v3.py", line 472, in join_it_all_together
    df_understat = get_understat_player_stats()
                   ^^^^^^^^^^^^^^^^^^^^^^^^^^^^
  File "/home/tars/Projects/fpl-oracle/data_v3.py", line 263, in get_understat_player_stats
    df_understat[col] = pd.to_numeric(df_understat[col], errors='coerce')
                                      ~~~~~~~~~~~~^^^^^
  File "/home/tars/Projects/fpl-oracle/venv311/lib/python3.11/site-packages/pandas/core/frame.py", line 4113, in __getitem__
    indexer = self.columns.get_loc(key)
              ^^^^^^^^^^^^^^^^^^^^^^^^^
  File "/home/tars/Projects/fpl-oracle/venv311/lib/python3.11/site-packages/pandas/core/indexes/range.py", line 417, in get_loc
    raise KeyError(key)
KeyError: 'time'
The current gameweek is:  0
Traceback (most recent call last):
  File "/home/tars/Projects/fpl-oracle/data_v3.py", line 606, in <module>
    df = join_it_all_together()
         ^^^^^^^^^^^^^^^^^^^^^^
  File "/home/tars/Projects/fpl-oracle/data_v3.py", line 472, in join_it_all_together
    df_understat = get_understat_player_stats()
                   ^^^^^^^^^^^^^^^^^^^^^^^^^^^^
  File "/home/tars/Projects/fpl-oracle/data_v3.py", line 263, in get_understat_player_stats
    df_understat[col] = pd.to_numeric(df_understat[col], errors='coerce')
                                      ~~~~~~~~~~~~^^^^^
  File "/home/tars/Projects/fpl-oracle/venv311/lib/python3.11/site-packages/pandas/core/frame.py", line 4113, in __getitem__
    indexer = self.columns.get_loc(key)
              ^^^^^^^^^^^^^^^^^^^^^^^^^
  File "/home/tars/Projects/fpl-oracle/venv311/lib/python3.11/site-packages/pandas/core/indexes/range.py", line 417, in get_loc
    raise KeyError(key)
KeyError: 'time'
The current gameweek is:  0
Traceback (most recent call last):
  File "/home/tars/Projects/fpl-oracle/data_v3.py", line 606, in <module>
    df = join_it_all_together()
         ^^^^^^^^^^^^^^^^^^^^^^
  File "/home/tars/Projects/fpl-oracle/data_v3.py", line 472, in join_it_all_together
    df_understat = get_understat_player_stats()
                   ^^^^^^^^^^^^^^^^^^^^^^^^^^^^
  File "/home/tars/Projects/fpl-oracle/data_v3.py", line 263, in get_understat_player_stats
    df_understat[col] = pd.to_numeric(df_understat[col], errors='coerce')
                                      ~~~~~~~~~~~~^^^^^
  File "/home/tars/Projects/fpl-oracle/venv311/lib/python3.11/site-packages/pandas/core/frame.py", line 4113, in __getitem__
    indexer = self.columns.get_loc(key)
              ^^^^^^^^^^^^^^^^^^^^^^^^^
  File "/home/tars/Projects/fpl-oracle/venv311/lib/python3.11/site-packages/pandas/core/indexes/range.py", line 417, in get_loc
    raise KeyError(key)
KeyError: 'time'
The current gameweek is:  0
Traceback (most recent call last):
  File "/home/tars/Projects/fpl-oracle/data_v3.py", line 606, in <module>
    df = join_it_all_together()
         ^^^^^^^^^^^^^^^^^^^^^^
  File "/home/tars/Projects/fpl-oracle/data_v3.py", line 472, in join_it_all_together
    df_understat = get_understat_player_stats()
                   ^^^^^^^^^^^^^^^^^^^^^^^^^^^^
  File "/home/tars/Projects/fpl-oracle/data_v3.py", line 263, in get_understat_player_stats
    df_understat[col] = pd.to_numeric(df_understat[col], errors='coerce')
                                      ~~~~~~~~~~~~^^^^^
  File "/home/tars/Projects/fpl-oracle/venv311/lib/python3.11/site-packages/pandas/core/frame.py", line 4113, in __getitem__
    indexer = self.columns.get_loc(key)
              ^^^^^^^^^^^^^^^^^^^^^^^^^
  File "/home/tars/Projects/fpl-oracle/venv311/lib/python3.11/site-packages/pandas/core/indexes/range.py", line 417, in get_loc
    raise KeyError(key)
KeyError: 'time'
The current gameweek is:  0
Traceback (most recent call last):
  File "/home/tars/Projects/fpl-oracle/data_v3.py", line 606, in <module>
    df = join_it_all_together()
         ^^^^^^^^^^^^^^^^^^^^^^
  File "/home/tars/Projects/fpl-oracle/data_v3.py", line 472, in join_it_all_together
    df_understat = get_understat_player_stats()
                   ^^^^^^^^^^^^^^^^^^^^^^^^^^^^
  File "/home/tars/Projects/fpl-oracle/data_v3.py", line 263, in get_understat_player_stats
    df_understat[col] = pd.to_numeric(df_understat[col], errors='coerce')
                                      ~~~~~~~~~~~~^^^^^
  File "/home/tars/Projects/fpl-oracle/venv311/lib/python3.11/site-packages/pandas/core/frame.py", line 4113, in __getitem__
    indexer = self.columns.get_loc(key)
              ^^^^^^^^^^^^^^^^^^^^^^^^^
  File "/home/tars/Projects/fpl-oracle/venv311/lib/python3.11/site-packages/pandas/core/indexes/range.py", line 417, in get_loc
    raise KeyError(key)
KeyError: 'time'
The current gameweek is:  0
Traceback (most recent call last):
  File "/home/tars/Projects/fpl-oracle/data_v3.py", line 606, in <module>
    df = join_it_all_together()
         ^^^^^^^^^^^^^^^^^^^^^^
  File "/home/tars/Projects/fpl-oracle/data_v3.py", line 472, in join_it_all_together
    df_understat = get_understat_player_stats()
                   ^^^^^^^^^^^^^^^^^^^^^^^^^^^^
  File "/home/tars/Projects/fpl-oracle/data_v3.py", line 263, in get_understat_player_stats
    df_understat[col] = pd.to_numeric(df_understat[col], errors='coerce')
                                      ~~~~~~~~~~~~^^^^^
  File "/home/tars/Projects/fpl-oracle/venv311/lib/python3.11/site-packages/pandas/core/frame.py", line 4113, in __getitem__
    indexer = self.columns.get_loc(key)
              ^^^^^^^^^^^^^^^^^^^^^^^^^
  File "/home/tars/Projects/fpl-oracle/venv311/lib/python3.11/site-packages/pandas/core/indexes/range.py", line 417, in get_loc
    raise KeyError(key)
KeyError: 'time'
The current gameweek is:  0
Traceback (most recent call last):
  File "/home/tars/Projects/fpl-oracle/data_v3.py", line 606, in <module>
    df = join_it_all_together()
         ^^^^^^^^^^^^^^^^^^^^^^
  File "/home/tars/Projects/fpl-oracle/data_v3.py", line 472, in join_it_all_together
    df_understat = get_understat_player_stats()
                   ^^^^^^^^^^^^^^^^^^^^^^^^^^^^
  File "/home/tars/Projects/fpl-oracle/data_v3.py", line 263, in get_understat_player_stats
    df_understat[col] = pd.to_numeric(df_understat[col], errors='coerce')
                                      ~~~~~~~~~~~~^^^^^
  File "/home/tars/Projects/fpl-oracle/venv311/lib/python3.11/site-packages/pandas/core/frame.py", line 4113, in __getitem__
    indexer = self.columns.get_loc(key)
              ^^^^^^^^^^^^^^^^^^^^^^^^^
  File "/home/tars/Projects/fpl-oracle/venv311/lib/python3.11/site-packages/pandas/core/indexes/range.py", line 417, in get_loc
    raise KeyError(key)
KeyError: 'time'
The current gameweek is:  0
Traceback (most recent call last):
  File "/home/tars/Projects/fpl-oracle/data_v3.py", line 606, in <module>
    df = join_it_all_together()
         ^^^^^^^^^^^^^^^^^^^^^^
  File "/home/tars/Projects/fpl-oracle/data_v3.py", line 472, in join_it_all_together
    df_understat = get_understat_player_stats()
                   ^^^^^^^^^^^^^^^^^^^^^^^^^^^^
  File "/home/tars/Projects/fpl-oracle/data_v3.py", line 263, in get_understat_player_stats
    df_understat[col] = pd.to_numeric(df_understat[col], errors='coerce')
                                      ~~~~~~~~~~~~^^^^^
  File "/home/tars/Projects/fpl-oracle/venv311/lib/python3.11/site-packages/pandas/core/frame.py", line 4113, in __getitem__
    indexer = self.columns.get_loc(key)
              ^^^^^^^^^^^^^^^^^^^^^^^^^
  File "/home/tars/Projects/fpl-oracle/venv311/lib/python3.11/site-packages/pandas/core/indexes/range.py", line 417, in get_loc
    raise KeyError(key)
KeyError: 'time'
The current gameweek is:  0
Traceback (most recent call last):
  File "/home/tars/Projects/fpl-oracle/data_v3.py", line 606, in <module>
    df = join_it_all_together()
         ^^^^^^^^^^^^^^^^^^^^^^
  File "/home/tars/Projects/fpl-oracle/data_v3.py", line 472, in join_it_all_together
    df_understat = get_understat_player_stats()
                   ^^^^^^^^^^^^^^^^^^^^^^^^^^^^
  File "/home/tars/Projects/fpl-oracle/data_v3.py", line 263, in get_understat_player_stats
    df_understat[col] = pd.to_numeric(df_understat[col], errors='coerce')
                                      ~~~~~~~~~~~~^^^^^
  File "/home/tars/Projects/fpl-oracle/venv311/lib/python3.11/site-packages/pandas/core/frame.py", line 4113, in __getitem__
    indexer = self.columns.get_loc(key)
              ^^^^^^^^^^^^^^^^^^^^^^^^^
  File "/home/tars/Projects/fpl-oracle/venv311/lib/python3.11/site-packages/pandas/core/indexes/range.py", line 417, in get_loc
    raise KeyError(key)
KeyError: 'time'
The current gameweek is:  0
Traceback (most recent call last):
  File "/home/tars/Projects/fpl-oracle/data_v3.py", line 606, in <module>
    df = join_it_all_together()
         ^^^^^^^^^^^^^^^^^^^^^^
  File "/home/tars/Projects/fpl-oracle/data_v3.py", line 472, in join_it_all_together
    df_understat = get_understat_player_stats()
                   ^^^^^^^^^^^^^^^^^^^^^^^^^^^^
  File "/home/tars/Projects/fpl-oracle/data_v3.py", line 263, in get_understat_player_stats
    df_understat[col] = pd.to_numeric(df_understat[col], errors='coerce')
                                      ~~~~~~~~~~~~^^^^^
  File "/home/tars/Projects/fpl-oracle/venv311/lib/python3.11/site-packages/pandas/core/frame.py", line 4113, in __getitem__
    indexer = self.columns.get_loc(key)
              ^^^^^^^^^^^^^^^^^^^^^^^^^
  File "/home/tars/Projects/fpl-oracle/venv311/lib/python3.11/site-packages/pandas/core/indexes/range.py", line 417, in get_loc
    raise KeyError(key)
KeyError: 'time'
Traceback (most recent call last):
  File "/home/tars/Projects/fpl-oracle/model.py", line 371, in <module>
    gw = int(sys.argv[1])
         ^^^^^^^^^^^^^^^^
ValueError: invalid literal for int() with base 10: '--'
The current gameweek is:  0
Traceback (most recent call last):
  File "/home/tars/Projects/fpl-oracle/data_v3.py", line 606, in <module>
    df = join_it_all_together()
         ^^^^^^^^^^^^^^^^^^^^^^
  File "/home/tars/Projects/fpl-oracle/data_v3.py", line 472, in join_it_all_together
    df_understat = get_understat_player_stats()
                   ^^^^^^^^^^^^^^^^^^^^^^^^^^^^
  File "/home/tars/Projects/fpl-oracle/data_v3.py", line 263, in get_understat_player_stats
    df_understat[col] = pd.to_numeric(df_understat[col], errors='coerce')
                                      ~~~~~~~~~~~~^^^^^
  File "/home/tars/Projects/fpl-oracle/venv311/lib/python3.11/site-packages/pandas/core/frame.py", line 4113, in __getitem__
    indexer = self.columns.get_loc(key)
              ^^^^^^^^^^^^^^^^^^^^^^^^^
  File "/home/tars/Projects/fpl-oracle/venv311/lib/python3.11/site-packages/pandas/core/indexes/range.py", line 417, in get_loc
    raise KeyError(key)
KeyError: 'time'
The current gameweek is:  0
Traceback (most recent call last):
  File "/home/tars/Projects/fpl-oracle/data_v3.py", line 606, in <module>
    df = join_it_all_together()
         ^^^^^^^^^^^^^^^^^^^^^^
  File "/home/tars/Projects/fpl-oracle/data_v3.py", line 472, in join_it_all_together
    df_understat = get_understat_player_stats()
                   ^^^^^^^^^^^^^^^^^^^^^^^^^^^^
  File "/home/tars/Projects/fpl-oracle/data_v3.py", line 263, in get_understat_player_stats
    df_understat[col] = pd.to_numeric(df_understat[col], errors='coerce')
                                      ~~~~~~~~~~~~^^^^^
  File "/home/tars/Projects/fpl-oracle/venv311/lib/python3.11/site-packages/pandas/core/frame.py", line 4113, in __getitem__
    indexer = self.columns.get_loc(key)
              ^^^^^^^^^^^^^^^^^^^^^^^^^
  File "/home/tars/Projects/fpl-oracle/venv311/lib/python3.11/site-packages/pandas/core/indexes/range.py", line 417, in get_loc
    raise KeyError(key)
KeyError: 'time'
The current gameweek is:  0
Traceback (most recent call last):
  File "/home/tars/Projects/fpl-oracle/data_v3.py", line 606, in <module>
    df = join_it_all_together()
         ^^^^^^^^^^^^^^^^^^^^^^
  File "/home/tars/Projects/fpl-oracle/data_v3.py", line 472, in join_it_all_together
    df_understat = get_understat_player_stats()
                   ^^^^^^^^^^^^^^^^^^^^^^^^^^^^
  File "/home/tars/Projects/fpl-oracle/data_v3.py", line 263, in get_understat_player_stats
    df_understat[col] = pd.to_numeric(df_understat[col], errors='coerce')
                                      ~~~~~~~~~~~~^^^^^
  File "/home/tars/Projects/fpl-oracle/venv311/lib/python3.11/site-packages/pandas/core/frame.py", line 4113, in __getitem__
    indexer = self.columns.get_loc(key)
              ^^^^^^^^^^^^^^^^^^^^^^^^^
  File "/home/tars/Projects/fpl-oracle/venv311/lib/python3.11/site-packages/pandas/core/indexes/range.py", line 417, in get_loc
    raise KeyError(key)
KeyError: 'time'
The current gameweek is:  0
Traceback (most recent call last):
  File "/home/tars/Projects/fpl-oracle/data_v3.py", line 606, in <module>
    df = join_it_all_together()
         ^^^^^^^^^^^^^^^^^^^^^^
  File "/home/tars/Projects/fpl-oracle/data_v3.py", line 472, in join_it_all_together
    df_understat = get_understat_player_stats()
                   ^^^^^^^^^^^^^^^^^^^^^^^^^^^^
  File "/home/tars/Projects/fpl-oracle/data_v3.py", line 263, in get_understat_player_stats
    df_understat[col] = pd.to_numeric(df_understat[col], errors='coerce')
                                      ~~~~~~~~~~~~^^^^^
  File "/home/tars/Projects/fpl-oracle/venv311/lib/python3.11/site-packages/pandas/core/frame.py", line 4113, in __getitem__
    indexer = self.columns.get_loc(key)
              ^^^^^^^^^^^^^^^^^^^^^^^^^
  File "/home/tars/Projects/fpl-oracle/venv311/lib/python3.11/site-packages/pandas/core/indexes/range.py", line 417, in get_loc
    raise KeyError(key)
KeyError: 'time'
The current gameweek is:  0
Traceback (most recent call last):
  File "/home/tars/Projects/fpl-oracle/data_v3.py", line 606, in <module>
    df = join_it_all_together()
         ^^^^^^^^^^^^^^^^^^^^^^
  File "/home/tars/Projects/fpl-oracle/data_v3.py", line 472, in join_it_all_together
    df_understat = get_understat_player_stats()
                   ^^^^^^^^^^^^^^^^^^^^^^^^^^^^
  File "/home/tars/Projects/fpl-oracle/data_v3.py", line 263, in get_understat_player_stats
    df_understat[col] = pd.to_numeric(df_understat[col], errors='coerce')
                                      ~~~~~~~~~~~~^^^^^
  File "/home/tars/Projects/fpl-oracle/venv311/lib/python3.11/site-packages/pandas/core/frame.py", line 4113, in __getitem__
    indexer = self.columns.get_loc(key)
              ^^^^^^^^^^^^^^^^^^^^^^^^^
  File "/home/tars/Projects/fpl-oracle/venv311/lib/python3.11/site-packages/pandas/core/indexes/range.py", line 417, in get_loc
    raise KeyError(key)
KeyError: 'time'
The current gameweek is:  0
Traceback (most recent call last):
  File "/home/tars/Projects/fpl-oracle/data_v3.py", line 606, in <module>
    df = join_it_all_together()
         ^^^^^^^^^^^^^^^^^^^^^^
  File "/home/tars/Projects/fpl-oracle/data_v3.py", line 472, in join_it_all_together
    df_understat = get_understat_player_stats()
                   ^^^^^^^^^^^^^^^^^^^^^^^^^^^^
  File "/home/tars/Projects/fpl-oracle/data_v3.py", line 263, in get_understat_player_stats
    df_understat[col] = pd.to_numeric(df_understat[col], errors='coerce')
                                      ~~~~~~~~~~~~^^^^^
  File "/home/tars/Projects/fpl-oracle/venv311/lib/python3.11/site-packages/pandas/core/frame.py", line 4113, in __getitem__
    indexer = self.columns.get_loc(key)
              ^^^^^^^^^^^^^^^^^^^^^^^^^
  File "/home/tars/Projects/fpl-oracle/venv311/lib/python3.11/site-packages/pandas/core/indexes/range.py", line 417, in get_loc
    raise KeyError(key)
KeyError: 'time'
The current gameweek is:  0
Traceback (most recent call last):
  File "/home/tars/Projects/fpl-oracle/data_v3.py", line 606, in <module>
    df = join_it_all_together()
         ^^^^^^^^^^^^^^^^^^^^^^
  File "/home/tars/Projects/fpl-oracle/data_v3.py", line 472, in join_it_all_together
    df_understat = get_understat_player_stats()
                   ^^^^^^^^^^^^^^^^^^^^^^^^^^^^
  File "/home/tars/Projects/fpl-oracle/data_v3.py", line 263, in get_understat_player_stats
    df_understat[col] = pd.to_numeric(df_understat[col], errors='coerce')
                                      ~~~~~~~~~~~~^^^^^
  File "/home/tars/Projects/fpl-oracle/venv311/lib/python3.11/site-packages/pandas/core/frame.py", line 4113, in __getitem__
    indexer = self.columns.get_loc(key)
              ^^^^^^^^^^^^^^^^^^^^^^^^^
  File "/home/tars/Projects/fpl-oracle/venv311/lib/python3.11/site-packages/pandas/core/indexes/range.py", line 417, in get_loc
    raise KeyError(key)
KeyError: 'time'
The current gameweek is:  0
Traceback (most recent call last):
  File "/home/tars/Projects/fpl-oracle/data_v3.py", line 606, in <module>
    df = join_it_all_together()
         ^^^^^^^^^^^^^^^^^^^^^^
  File "/home/tars/Projects/fpl-oracle/data_v3.py", line 472, in join_it_all_together
    df_understat = get_understat_player_stats()
                   ^^^^^^^^^^^^^^^^^^^^^^^^^^^^
  File "/home/tars/Projects/fpl-oracle/data_v3.py", line 263, in get_understat_player_stats
    df_understat[col] = pd.to_numeric(df_understat[col], errors='coerce')
                                      ~~~~~~~~~~~~^^^^^
  File "/home/tars/Projects/fpl-oracle/venv311/lib/python3.11/site-packages/pandas/core/frame.py", line 4113, in __getitem__
    indexer = self.columns.get_loc(key)
              ^^^^^^^^^^^^^^^^^^^^^^^^^
  File "/home/tars/Projects/fpl-oracle/venv311/lib/python3.11/site-packages/pandas/core/indexes/range.py", line 417, in get_loc
    raise KeyError(key)
KeyError: 'time'
The current gameweek is:  0
Traceback (most recent call last):
  File "/home/tars/Projects/fpl-oracle/data_v3.py", line 606, in <module>
    df = join_it_all_together()
         ^^^^^^^^^^^^^^^^^^^^^^
  File "/home/tars/Projects/fpl-oracle/data_v3.py", line 472, in join_it_all_together
    df_understat = get_understat_player_stats()
                   ^^^^^^^^^^^^^^^^^^^^^^^^^^^^
  File "/home/tars/Projects/fpl-oracle/data_v3.py", line 263, in get_understat_player_stats
    df_understat[col] = pd.to_numeric(df_understat[col], errors='coerce')
                                      ~~~~~~~~~~~~^^^^^
  File "/home/tars/Projects/fpl-oracle/venv311/lib/python3.11/site-packages/pandas/core/frame.py", line 4113, in __getitem__
    indexer = self.columns.get_loc(key)
              ^^^^^^^^^^^^^^^^^^^^^^^^^
  File "/home/tars/Projects/fpl-oracle/venv311/lib/python3.11/site-packages/pandas/core/indexes/range.py", line 417, in get_loc
    raise KeyError(key)
KeyError: 'time'
The current gameweek is:  0
Traceback (most recent call last):
  File "/home/tars/Projects/fpl-oracle/data_v3.py", line 606, in <module>
    df = join_it_all_together()
         ^^^^^^^^^^^^^^^^^^^^^^
  File "/home/tars/Projects/fpl-oracle/data_v3.py", line 472, in join_it_all_together
    df_understat = get_understat_player_stats()
                   ^^^^^^^^^^^^^^^^^^^^^^^^^^^^
  File "/home/tars/Projects/fpl-oracle/data_v3.py", line 263, in get_understat_player_stats
    df_understat[col] = pd.to_numeric(df_understat[col], errors='coerce')
                                      ~~~~~~~~~~~~^^^^^
  File "/home/tars/Projects/fpl-oracle/venv311/lib/python3.11/site-packages/pandas/core/frame.py", line 4113, in __getitem__
    indexer = self.columns.get_loc(key)
              ^^^^^^^^^^^^^^^^^^^^^^^^^
  File "/home/tars/Projects/fpl-oracle/venv311/lib/python3.11/site-packages/pandas/core/indexes/range.py", line 417, in get_loc
    raise KeyError(key)
KeyError: 'time'
The current gameweek is:  0
Traceback (most recent call last):
  File "/home/tars/Projects/fpl-oracle/data_v3.py", line 606, in <module>
    df = join_it_all_together()
         ^^^^^^^^^^^^^^^^^^^^^^
  File "/home/tars/Projects/fpl-oracle/data_v3.py", line 472, in join_it_all_together
    df_understat = get_understat_player_stats()
                   ^^^^^^^^^^^^^^^^^^^^^^^^^^^^
  File "/home/tars/Projects/fpl-oracle/data_v3.py", line 263, in get_understat_player_stats
    df_understat[col] = pd.to_numeric(df_understat[col], errors='coerce')
                                      ~~~~~~~~~~~~^^^^^
  File "/home/tars/Projects/fpl-oracle/venv311/lib/python3.11/site-packages/pandas/core/frame.py", line 4113, in __getitem__
    indexer = self.columns.get_loc(key)
              ^^^^^^^^^^^^^^^^^^^^^^^^^
  File "/home/tars/Projects/fpl-oracle/venv311/lib/python3.11/site-packages/pandas/core/indexes/range.py", line 417, in get_loc
    raise KeyError(key)
KeyError: 'time'
Traceback (most recent call last):
  File "/home/tars/Projects/fpl-oracle/model.py", line 371, in <module>
    gw = int(sys.argv[1])
         ^^^^^^^^^^^^^^^^
ValueError: invalid literal for int() with base 10: '--'
The current gameweek is:  0
Traceback (most recent call last):
  File "/home/tars/Projects/fpl-oracle/data_v3.py", line 606, in <module>
    df = join_it_all_together()
         ^^^^^^^^^^^^^^^^^^^^^^
  File "/home/tars/Projects/fpl-oracle/data_v3.py", line 472, in join_it_all_together
    df_understat = get_understat_player_stats()
                   ^^^^^^^^^^^^^^^^^^^^^^^^^^^^
  File "/home/tars/Projects/fpl-oracle/data_v3.py", line 263, in get_understat_player_stats
    df_understat[col] = pd.to_numeric(df_understat[col], errors='coerce')
                                      ~~~~~~~~~~~~^^^^^
  File "/home/tars/Projects/fpl-oracle/venv311/lib/python3.11/site-packages/pandas/core/frame.py", line 4113, in __getitem__
    indexer = self.columns.get_loc(key)
              ^^^^^^^^^^^^^^^^^^^^^^^^^
  File "/home/tars/Projects/fpl-oracle/venv311/lib/python3.11/site-packages/pandas/core/indexes/range.py", line 417, in get_loc
    raise KeyError(key)
KeyError: 'time'
The current gameweek is:  0
Traceback (most recent call last):
  File "/home/tars/Projects/fpl-oracle/data_v3.py", line 606, in <module>
    df = join_it_all_together()
         ^^^^^^^^^^^^^^^^^^^^^^
  File "/home/tars/Projects/fpl-oracle/data_v3.py", line 472, in join_it_all_together
    df_understat = get_understat_player_stats()
                   ^^^^^^^^^^^^^^^^^^^^^^^^^^^^
  File "/home/tars/Projects/fpl-oracle/data_v3.py", line 263, in get_understat_player_stats
    df_understat[col] = pd.to_numeric(df_understat[col], errors='coerce')
                                      ~~~~~~~~~~~~^^^^^
  File "/home/tars/Projects/fpl-oracle/venv311/lib/python3.11/site-packages/pandas/core/frame.py", line 4113, in __getitem__
    indexer = self.columns.get_loc(key)
              ^^^^^^^^^^^^^^^^^^^^^^^^^
  File "/home/tars/Projects/fpl-oracle/venv311/lib/python3.11/site-packages/pandas/core/indexes/range.py", line 417, in get_loc
    raise KeyError(key)
KeyError: 'time'
The current gameweek is:  0
Traceback (most recent call last):
  File "/home/tars/Projects/fpl-oracle/data_v3.py", line 606, in <module>
    df = join_it_all_together()
         ^^^^^^^^^^^^^^^^^^^^^^
  File "/home/tars/Projects/fpl-oracle/data_v3.py", line 472, in join_it_all_together
    df_understat = get_understat_player_stats()
                   ^^^^^^^^^^^^^^^^^^^^^^^^^^^^
  File "/home/tars/Projects/fpl-oracle/data_v3.py", line 263, in get_understat_player_stats
    df_understat[col] = pd.to_numeric(df_understat[col], errors='coerce')
                                      ~~~~~~~~~~~~^^^^^
  File "/home/tars/Projects/fpl-oracle/venv311/lib/python3.11/site-packages/pandas/core/frame.py", line 4113, in __getitem__
    indexer = self.columns.get_loc(key)
              ^^^^^^^^^^^^^^^^^^^^^^^^^
  File "/home/tars/Projects/fpl-oracle/venv311/lib/python3.11/site-packages/pandas/core/indexes/range.py", line 417, in get_loc
    raise KeyError(key)
KeyError: 'time'
The current gameweek is:  0
Traceback (most recent call last):
  File "/home/tars/Projects/fpl-oracle/data_v3.py", line 606, in <module>
    df = join_it_all_together()
         ^^^^^^^^^^^^^^^^^^^^^^
  File "/home/tars/Projects/fpl-oracle/data_v3.py", line 472, in join_it_all_together
    df_understat = get_understat_player_stats()
                   ^^^^^^^^^^^^^^^^^^^^^^^^^^^^
  File "/home/tars/Projects/fpl-oracle/data_v3.py", line 263, in get_understat_player_stats
    df_understat[col] = pd.to_numeric(df_understat[col], errors='coerce')
                                      ~~~~~~~~~~~~^^^^^
  File "/home/tars/Projects/fpl-oracle/venv311/lib/python3.11/site-packages/pandas/core/frame.py", line 4113, in __getitem__
    indexer = self.columns.get_loc(key)
              ^^^^^^^^^^^^^^^^^^^^^^^^^
  File "/home/tars/Projects/fpl-oracle/venv311/lib/python3.11/site-packages/pandas/core/indexes/range.py", line 417, in get_loc
    raise KeyError(key)
KeyError: 'time'
The current gameweek is:  0
Traceback (most recent call last):
  File "/home/tars/Projects/fpl-oracle/data_v3.py", line 606, in <module>
    df = join_it_all_together()
         ^^^^^^^^^^^^^^^^^^^^^^
  File "/home/tars/Projects/fpl-oracle/data_v3.py", line 472, in join_it_all_together
    df_understat = get_understat_player_stats()
                   ^^^^^^^^^^^^^^^^^^^^^^^^^^^^
  File "/home/tars/Projects/fpl-oracle/data_v3.py", line 263, in get_understat_player_stats
    df_understat[col] = pd.to_numeric(df_understat[col], errors='coerce')
                                      ~~~~~~~~~~~~^^^^^
  File "/home/tars/Projects/fpl-oracle/venv311/lib/python3.11/site-packages/pandas/core/frame.py", line 4113, in __getitem__
    indexer = self.columns.get_loc(key)
              ^^^^^^^^^^^^^^^^^^^^^^^^^
  File "/home/tars/Projects/fpl-oracle/venv311/lib/python3.11/site-packages/pandas/core/indexes/range.py", line 417, in get_loc
    raise KeyError(key)
KeyError: 'time'
The current gameweek is:  0
Traceback (most recent call last):
  File "/home/tars/Projects/fpl-oracle/data_v3.py", line 606, in <module>
    df = join_it_all_together()
         ^^^^^^^^^^^^^^^^^^^^^^
  File "/home/tars/Projects/fpl-oracle/data_v3.py", line 472, in join_it_all_together
    df_understat = get_understat_player_stats()
                   ^^^^^^^^^^^^^^^^^^^^^^^^^^^^
  File "/home/tars/Projects/fpl-oracle/data_v3.py", line 263, in get_understat_player_stats
    df_understat[col] = pd.to_numeric(df_understat[col], errors='coerce')
                                      ~~~~~~~~~~~~^^^^^
  File "/home/tars/Projects/fpl-oracle/venv311/lib/python3.11/site-packages/pandas/core/frame.py", line 4113, in __getitem__
    indexer = self.columns.get_loc(key)
              ^^^^^^^^^^^^^^^^^^^^^^^^^
  File "/home/tars/Projects/fpl-oracle/venv311/lib/python3.11/site-packages/pandas/core/indexes/range.py", line 417, in get_loc
    raise KeyError(key)
KeyError: 'time'
The current gameweek is:  0
Traceback (most recent call last):
  File "/home/tars/Projects/fpl-oracle/data_v3.py", line 606, in <module>
    df = join_it_all_together()
         ^^^^^^^^^^^^^^^^^^^^^^
  File "/home/tars/Projects/fpl-oracle/data_v3.py", line 472, in join_it_all_together
    df_understat = get_understat_player_stats()
                   ^^^^^^^^^^^^^^^^^^^^^^^^^^^^
  File "/home/tars/Projects/fpl-oracle/data_v3.py", line 263, in get_understat_player_stats
    df_understat[col] = pd.to_numeric(df_understat[col], errors='coerce')
                                      ~~~~~~~~~~~~^^^^^
  File "/home/tars/Projects/fpl-oracle/venv311/lib/python3.11/site-packages/pandas/core/frame.py", line 4113, in __getitem__
    indexer = self.columns.get_loc(key)
              ^^^^^^^^^^^^^^^^^^^^^^^^^
  File "/home/tars/Projects/fpl-oracle/venv311/lib/python3.11/site-packages/pandas/core/indexes/range.py", line 417, in get_loc
    raise KeyError(key)
KeyError: 'time'
The current gameweek is:  0
Traceback (most recent call last):
  File "/home/tars/Projects/fpl-oracle/data_v3.py", line 606, in <module>
    df = join_it_all_together()
         ^^^^^^^^^^^^^^^^^^^^^^
  File "/home/tars/Projects/fpl-oracle/data_v3.py", line 472, in join_it_all_together
    df_understat = get_understat_player_stats()
                   ^^^^^^^^^^^^^^^^^^^^^^^^^^^^
  File "/home/tars/Projects/fpl-oracle/data_v3.py", line 263, in get_understat_player_stats
    df_understat[col] = pd.to_numeric(df_understat[col], errors='coerce')
                                      ~~~~~~~~~~~~^^^^^
  File "/home/tars/Projects/fpl-oracle/venv311/lib/python3.11/site-packages/pandas/core/frame.py", line 4113, in __getitem__
    indexer = self.columns.get_loc(key)
              ^^^^^^^^^^^^^^^^^^^^^^^^^
  File "/home/tars/Projects/fpl-oracle/venv311/lib/python3.11/site-packages/pandas/core/indexes/range.py", line 417, in get_loc
    raise KeyError(key)
KeyError: 'time'
The current gameweek is:  0
Traceback (most recent call last):
  File "/home/tars/Projects/fpl-oracle/data_v3.py", line 606, in <module>
    df = join_it_all_together()
         ^^^^^^^^^^^^^^^^^^^^^^
  File "/home/tars/Projects/fpl-oracle/data_v3.py", line 472, in join_it_all_together
    df_understat = get_understat_player_stats()
                   ^^^^^^^^^^^^^^^^^^^^^^^^^^^^
  File "/home/tars/Projects/fpl-oracle/data_v3.py", line 263, in get_understat_player_stats
    df_understat[col] = pd.to_numeric(df_understat[col], errors='coerce')
                                      ~~~~~~~~~~~~^^^^^
  File "/home/tars/Projects/fpl-oracle/venv311/lib/python3.11/site-packages/pandas/core/frame.py", line 4113, in __getitem__
    indexer = self.columns.get_loc(key)
              ^^^^^^^^^^^^^^^^^^^^^^^^^
  File "/home/tars/Projects/fpl-oracle/venv311/lib/python3.11/site-packages/pandas/core/indexes/range.py", line 417, in get_loc
    raise KeyError(key)
KeyError: 'time'
The current gameweek is:  0
Traceback (most recent call last):
  File "/home/tars/Projects/fpl-oracle/data_v3.py", line 606, in <module>
    df = join_it_all_together()
         ^^^^^^^^^^^^^^^^^^^^^^
  File "/home/tars/Projects/fpl-oracle/data_v3.py", line 472, in join_it_all_together
    df_understat = get_understat_player_stats()
                   ^^^^^^^^^^^^^^^^^^^^^^^^^^^^
  File "/home/tars/Projects/fpl-oracle/data_v3.py", line 263, in get_understat_player_stats
    df_understat[col] = pd.to_numeric(df_understat[col], errors='coerce')
                                      ~~~~~~~~~~~~^^^^^
  File "/home/tars/Projects/fpl-oracle/venv311/lib/python3.11/site-packages/pandas/core/frame.py", line 4113, in __getitem__
    indexer = self.columns.get_loc(key)
              ^^^^^^^^^^^^^^^^^^^^^^^^^
  File "/home/tars/Projects/fpl-oracle/venv311/lib/python3.11/site-packages/pandas/core/indexes/range.py", line 417, in get_loc
    raise KeyError(key)
KeyError: 'time'
The current gameweek is:  0
Traceback (most recent call last):
  File "/home/tars/Projects/fpl-oracle/data_v3.py", line 606, in <module>
    df = join_it_all_together()
         ^^^^^^^^^^^^^^^^^^^^^^
  File "/home/tars/Projects/fpl-oracle/data_v3.py", line 472, in join_it_all_together
    df_understat = get_understat_player_stats()
                   ^^^^^^^^^^^^^^^^^^^^^^^^^^^^
  File "/home/tars/Projects/fpl-oracle/data_v3.py", line 263, in get_understat_player_stats
    df_understat[col] = pd.to_numeric(df_understat[col], errors='coerce')
                                      ~~~~~~~~~~~~^^^^^
  File "/home/tars/Projects/fpl-oracle/venv311/lib/python3.11/site-packages/pandas/core/frame.py", line 4113, in __getitem__
    indexer = self.columns.get_loc(key)
              ^^^^^^^^^^^^^^^^^^^^^^^^^
  File "/home/tars/Projects/fpl-oracle/venv311/lib/python3.11/site-packages/pandas/core/indexes/range.py", line 417, in get_loc
    raise KeyError(key)
KeyError: 'time'
Traceback (most recent call last):
  File "/home/tars/Projects/fpl-oracle/model.py", line 371, in <module>
    gw = int(sys.argv[1])
         ^^^^^^^^^^^^^^^^
ValueError: invalid literal for int() with base 10: '--'
The current gameweek is:  0
Traceback (most recent call last):
  File "/home/tars/Projects/fpl-oracle/data_v3.py", line 606, in <module>
    df = join_it_all_together()
         ^^^^^^^^^^^^^^^^^^^^^^
  File "/home/tars/Projects/fpl-oracle/data_v3.py", line 472, in join_it_all_together
    df_understat = get_understat_player_stats()
                   ^^^^^^^^^^^^^^^^^^^^^^^^^^^^
  File "/home/tars/Projects/fpl-oracle/data_v3.py", line 263, in get_understat_player_stats
    df_understat[col] = pd.to_numeric(df_understat[col], errors='coerce')
                                      ~~~~~~~~~~~~^^^^^
  File "/home/tars/Projects/fpl-oracle/venv311/lib/python3.11/site-packages/pandas/core/frame.py", line 4113, in __getitem__
    indexer = self.columns.get_loc(key)
              ^^^^^^^^^^^^^^^^^^^^^^^^^
  File "/home/tars/Projects/fpl-oracle/venv311/lib/python3.11/site-packages/pandas/core/indexes/range.py", line 417, in get_loc
    raise KeyError(key)
KeyError: 'time'
The current gameweek is:  0
Traceback (most recent call last):
  File "/home/tars/Projects/fpl-oracle/data_v3.py", line 606, in <module>
    df = join_it_all_together()
         ^^^^^^^^^^^^^^^^^^^^^^
  File "/home/tars/Projects/fpl-oracle/data_v3.py", line 472, in join_it_all_together
    df_understat = get_understat_player_stats()
                   ^^^^^^^^^^^^^^^^^^^^^^^^^^^^
  File "/home/tars/Projects/fpl-oracle/data_v3.py", line 263, in get_understat_player_stats
    df_understat[col] = pd.to_numeric(df_understat[col], errors='coerce')
                                      ~~~~~~~~~~~~^^^^^
  File "/home/tars/Projects/fpl-oracle/venv311/lib/python3.11/site-packages/pandas/core/frame.py", line 4113, in __getitem__
    indexer = self.columns.get_loc(key)
              ^^^^^^^^^^^^^^^^^^^^^^^^^
  File "/home/tars/Projects/fpl-oracle/venv311/lib/python3.11/site-packages/pandas/core/indexes/range.py", line 417, in get_loc
    raise KeyError(key)
KeyError: 'time'
The current gameweek is:  0
Traceback (most recent call last):
  File "/home/tars/Projects/fpl-oracle/data_v3.py", line 606, in <module>
    df = join_it_all_together()
         ^^^^^^^^^^^^^^^^^^^^^^
  File "/home/tars/Projects/fpl-oracle/data_v3.py", line 472, in join_it_all_together
    df_understat = get_understat_player_stats()
                   ^^^^^^^^^^^^^^^^^^^^^^^^^^^^
  File "/home/tars/Projects/fpl-oracle/data_v3.py", line 263, in get_understat_player_stats
    df_understat[col] = pd.to_numeric(df_understat[col], errors='coerce')
                                      ~~~~~~~~~~~~^^^^^
  File "/home/tars/Projects/fpl-oracle/venv311/lib/python3.11/site-packages/pandas/core/frame.py", line 4113, in __getitem__
    indexer = self.columns.get_loc(key)
              ^^^^^^^^^^^^^^^^^^^^^^^^^
  File "/home/tars/Projects/fpl-oracle/venv311/lib/python3.11/site-packages/pandas/core/indexes/range.py", line 417, in get_loc
    raise KeyError(key)
KeyError: 'time'
The current gameweek is:  0
Traceback (most recent call last):
  File "/home/tars/Projects/fpl-oracle/data_v3.py", line 606, in <module>
    df = join_it_all_together()
         ^^^^^^^^^^^^^^^^^^^^^^
  File "/home/tars/Projects/fpl-oracle/data_v3.py", line 472, in join_it_all_together
    df_understat = get_understat_player_stats()
                   ^^^^^^^^^^^^^^^^^^^^^^^^^^^^
  File "/home/tars/Projects/fpl-oracle/data_v3.py", line 263, in get_understat_player_stats
    df_understat[col] = pd.to_numeric(df_understat[col], errors='coerce')
                                      ~~~~~~~~~~~~^^^^^
  File "/home/tars/Projects/fpl-oracle/venv311/lib/python3.11/site-packages/pandas/core/frame.py", line 4113, in __getitem__
    indexer = self.columns.get_loc(key)
              ^^^^^^^^^^^^^^^^^^^^^^^^^
  File "/home/tars/Projects/fpl-oracle/venv311/lib/python3.11/site-packages/pandas/core/indexes/range.py", line 417, in get_loc
    raise KeyError(key)
KeyError: 'time'
The current gameweek is:  0
Traceback (most recent call last):
  File "/home/tars/Projects/fpl-oracle/data_v3.py", line 606, in <module>
    df = join_it_all_together()
         ^^^^^^^^^^^^^^^^^^^^^^
  File "/home/tars/Projects/fpl-oracle/data_v3.py", line 472, in join_it_all_together
    df_understat = get_understat_player_stats()
                   ^^^^^^^^^^^^^^^^^^^^^^^^^^^^
  File "/home/tars/Projects/fpl-oracle/data_v3.py", line 263, in get_understat_player_stats
    df_understat[col] = pd.to_numeric(df_understat[col], errors='coerce')
                                      ~~~~~~~~~~~~^^^^^
  File "/home/tars/Projects/fpl-oracle/venv311/lib/python3.11/site-packages/pandas/core/frame.py", line 4113, in __getitem__
    indexer = self.columns.get_loc(key)
              ^^^^^^^^^^^^^^^^^^^^^^^^^
  File "/home/tars/Projects/fpl-oracle/venv311/lib/python3.11/site-packages/pandas/core/indexes/range.py", line 417, in get_loc
    raise KeyError(key)
KeyError: 'time'
The current gameweek is:  0
Traceback (most recent call last):
  File "/home/tars/Projects/fpl-oracle/data_v3.py", line 606, in <module>
    df = join_it_all_together()
         ^^^^^^^^^^^^^^^^^^^^^^
  File "/home/tars/Projects/fpl-oracle/data_v3.py", line 472, in join_it_all_together
    df_understat = get_understat_player_stats()
                   ^^^^^^^^^^^^^^^^^^^^^^^^^^^^
  File "/home/tars/Projects/fpl-oracle/data_v3.py", line 263, in get_understat_player_stats
    df_understat[col] = pd.to_numeric(df_understat[col], errors='coerce')
                                      ~~~~~~~~~~~~^^^^^
  File "/home/tars/Projects/fpl-oracle/venv311/lib/python3.11/site-packages/pandas/core/frame.py", line 4113, in __getitem__
    indexer = self.columns.get_loc(key)
              ^^^^^^^^^^^^^^^^^^^^^^^^^
  File "/home/tars/Projects/fpl-oracle/venv311/lib/python3.11/site-packages/pandas/core/indexes/range.py", line 417, in get_loc
    raise KeyError(key)
KeyError: 'time'
The current gameweek is:  0
Traceback (most recent call last):
  File "/home/tars/Projects/fpl-oracle/data_v3.py", line 606, in <module>
    df = join_it_all_together()
         ^^^^^^^^^^^^^^^^^^^^^^
  File "/home/tars/Projects/fpl-oracle/data_v3.py", line 472, in join_it_all_together
    df_understat = get_understat_player_stats()
                   ^^^^^^^^^^^^^^^^^^^^^^^^^^^^
  File "/home/tars/Projects/fpl-oracle/data_v3.py", line 263, in get_understat_player_stats
    df_understat[col] = pd.to_numeric(df_understat[col], errors='coerce')
                                      ~~~~~~~~~~~~^^^^^
  File "/home/tars/Projects/fpl-oracle/venv311/lib/python3.11/site-packages/pandas/core/frame.py", line 4113, in __getitem__
    indexer = self.columns.get_loc(key)
              ^^^^^^^^^^^^^^^^^^^^^^^^^
  File "/home/tars/Projects/fpl-oracle/venv311/lib/python3.11/site-packages/pandas/core/indexes/range.py", line 417, in get_loc
    raise KeyError(key)
KeyError: 'time'
The current gameweek is:  0
Traceback (most recent call last):
  File "/home/tars/Projects/fpl-oracle/data_v3.py", line 606, in <module>
    df = join_it_all_together()
         ^^^^^^^^^^^^^^^^^^^^^^
  File "/home/tars/Projects/fpl-oracle/data_v3.py", line 472, in join_it_all_together
    df_understat = get_understat_player_stats()
                   ^^^^^^^^^^^^^^^^^^^^^^^^^^^^
  File "/home/tars/Projects/fpl-oracle/data_v3.py", line 263, in get_understat_player_stats
    df_understat[col] = pd.to_numeric(df_understat[col], errors='coerce')
                                      ~~~~~~~~~~~~^^^^^
  File "/home/tars/Projects/fpl-oracle/venv311/lib/python3.11/site-packages/pandas/core/frame.py", line 4113, in __getitem__
    indexer = self.columns.get_loc(key)
              ^^^^^^^^^^^^^^^^^^^^^^^^^
  File "/home/tars/Projects/fpl-oracle/venv311/lib/python3.11/site-packages/pandas/core/indexes/range.py", line 417, in get_loc
    raise KeyError(key)
KeyError: 'time'
The current gameweek is:  0
Traceback (most recent call last):
  File "/home/tars/Projects/fpl-oracle/data_v3.py", line 606, in <module>
    df = join_it_all_together()
         ^^^^^^^^^^^^^^^^^^^^^^
  File "/home/tars/Projects/fpl-oracle/data_v3.py", line 472, in join_it_all_together
    df_understat = get_understat_player_stats()
                   ^^^^^^^^^^^^^^^^^^^^^^^^^^^^
  File "/home/tars/Projects/fpl-oracle/data_v3.py", line 263, in get_understat_player_stats
    df_understat[col] = pd.to_numeric(df_understat[col], errors='coerce')
                                      ~~~~~~~~~~~~^^^^^
  File "/home/tars/Projects/fpl-oracle/venv311/lib/python3.11/site-packages/pandas/core/frame.py", line 4113, in __getitem__
    indexer = self.columns.get_loc(key)
              ^^^^^^^^^^^^^^^^^^^^^^^^^
  File "/home/tars/Projects/fpl-oracle/venv311/lib/python3.11/site-packages/pandas/core/indexes/range.py", line 417, in get_loc
    raise KeyError(key)
KeyError: 'time'
The current gameweek is:  0
Traceback (most recent call last):
  File "/home/tars/Projects/fpl-oracle/data_v3.py", line 606, in <module>
    df = join_it_all_together()
         ^^^^^^^^^^^^^^^^^^^^^^
  File "/home/tars/Projects/fpl-oracle/data_v3.py", line 472, in join_it_all_together
    df_understat = get_understat_player_stats()
                   ^^^^^^^^^^^^^^^^^^^^^^^^^^^^
  File "/home/tars/Projects/fpl-oracle/data_v3.py", line 263, in get_understat_player_stats
    df_understat[col] = pd.to_numeric(df_understat[col], errors='coerce')
                                      ~~~~~~~~~~~~^^^^^
  File "/home/tars/Projects/fpl-oracle/venv311/lib/python3.11/site-packages/pandas/core/frame.py", line 4113, in __getitem__
    indexer = self.columns.get_loc(key)
              ^^^^^^^^^^^^^^^^^^^^^^^^^
  File "/home/tars/Projects/fpl-oracle/venv311/lib/python3.11/site-packages/pandas/core/indexes/range.py", line 417, in get_loc
    raise KeyError(key)
KeyError: 'time'
The current gameweek is:  0
Traceback (most recent call last):
  File "/home/tars/Projects/fpl-oracle/data_v3.py", line 606, in <module>
    df = join_it_all_together()
         ^^^^^^^^^^^^^^^^^^^^^^
  File "/home/tars/Projects/fpl-oracle/data_v3.py", line 472, in join_it_all_together
    df_understat = get_understat_player_stats()
                   ^^^^^^^^^^^^^^^^^^^^^^^^^^^^
  File "/home/tars/Projects/fpl-oracle/data_v3.py", line 263, in get_understat_player_stats
    df_understat[col] = pd.to_numeric(df_understat[col], errors='coerce')
                                      ~~~~~~~~~~~~^^^^^
  File "/home/tars/Projects/fpl-oracle/venv311/lib/python3.11/site-packages/pandas/core/frame.py", line 4113, in __getitem__
    indexer = self.columns.get_loc(key)
              ^^^^^^^^^^^^^^^^^^^^^^^^^
  File "/home/tars/Projects/fpl-oracle/venv311/lib/python3.11/site-packages/pandas/core/indexes/range.py", line 417, in get_loc
    raise KeyError(key)
KeyError: 'time'
Traceback (most recent call last):
  File "/home/tars/Projects/fpl-oracle/model.py", line 371, in <module>
    gw = int(sys.argv[1])
         ^^^^^^^^^^^^^^^^
ValueError: invalid literal for int() with base 10: '--'
The current gameweek is:  0
Traceback (most recent call last):
  File "/home/tars/Projects/fpl-oracle/data_v3.py", line 606, in <module>
    df = join_it_all_together()
         ^^^^^^^^^^^^^^^^^^^^^^
  File "/home/tars/Projects/fpl-oracle/data_v3.py", line 472, in join_it_all_together
    df_understat = get_understat_player_stats()
                   ^^^^^^^^^^^^^^^^^^^^^^^^^^^^
  File "/home/tars/Projects/fpl-oracle/data_v3.py", line 263, in get_understat_player_stats
    df_understat[col] = pd.to_numeric(df_understat[col], errors='coerce')
                                      ~~~~~~~~~~~~^^^^^
  File "/home/tars/Projects/fpl-oracle/venv311/lib/python3.11/site-packages/pandas/core/frame.py", line 4113, in __getitem__
    indexer = self.columns.get_loc(key)
              ^^^^^^^^^^^^^^^^^^^^^^^^^
  File "/home/tars/Projects/fpl-oracle/venv311/lib/python3.11/site-packages/pandas/core/indexes/range.py", line 417, in get_loc
    raise KeyError(key)
KeyError: 'time'
The current gameweek is:  0
Traceback (most recent call last):
  File "/home/tars/Projects/fpl-oracle/data_v3.py", line 606, in <module>
    df = join_it_all_together()
         ^^^^^^^^^^^^^^^^^^^^^^
  File "/home/tars/Projects/fpl-oracle/data_v3.py", line 472, in join_it_all_together
    df_understat = get_understat_player_stats()
                   ^^^^^^^^^^^^^^^^^^^^^^^^^^^^
  File "/home/tars/Projects/fpl-oracle/data_v3.py", line 263, in get_understat_player_stats
    df_understat[col] = pd.to_numeric(df_understat[col], errors='coerce')
                                      ~~~~~~~~~~~~^^^^^
  File "/home/tars/Projects/fpl-oracle/venv311/lib/python3.11/site-packages/pandas/core/frame.py", line 4113, in __getitem__
    indexer = self.columns.get_loc(key)
              ^^^^^^^^^^^^^^^^^^^^^^^^^
  File "/home/tars/Projects/fpl-oracle/venv311/lib/python3.11/site-packages/pandas/core/indexes/range.py", line 417, in get_loc
    raise KeyError(key)
KeyError: 'time'
The current gameweek is:  0
Traceback (most recent call last):
  File "/home/tars/Projects/fpl-oracle/data_v3.py", line 606, in <module>
    df = join_it_all_together()
         ^^^^^^^^^^^^^^^^^^^^^^
  File "/home/tars/Projects/fpl-oracle/data_v3.py", line 472, in join_it_all_together
    df_understat = get_understat_player_stats()
                   ^^^^^^^^^^^^^^^^^^^^^^^^^^^^
  File "/home/tars/Projects/fpl-oracle/data_v3.py", line 263, in get_understat_player_stats
    df_understat[col] = pd.to_numeric(df_understat[col], errors='coerce')
                                      ~~~~~~~~~~~~^^^^^
  File "/home/tars/Projects/fpl-oracle/venv311/lib/python3.11/site-packages/pandas/core/frame.py", line 4113, in __getitem__
    indexer = self.columns.get_loc(key)
              ^^^^^^^^^^^^^^^^^^^^^^^^^
  File "/home/tars/Projects/fpl-oracle/venv311/lib/python3.11/site-packages/pandas/core/indexes/range.py", line 417, in get_loc
    raise KeyError(key)
KeyError: 'time'
The current gameweek is:  0
Traceback (most recent call last):
  File "/home/tars/Projects/fpl-oracle/data_v3.py", line 606, in <module>
    df = join_it_all_together()
         ^^^^^^^^^^^^^^^^^^^^^^
  File "/home/tars/Projects/fpl-oracle/data_v3.py", line 472, in join_it_all_together
    df_understat = get_understat_player_stats()
                   ^^^^^^^^^^^^^^^^^^^^^^^^^^^^
  File "/home/tars/Projects/fpl-oracle/data_v3.py", line 263, in get_understat_player_stats
    df_understat[col] = pd.to_numeric(df_understat[col], errors='coerce')
                                      ~~~~~~~~~~~~^^^^^
  File "/home/tars/Projects/fpl-oracle/venv311/lib/python3.11/site-packages/pandas/core/frame.py", line 4113, in __getitem__
    indexer = self.columns.get_loc(key)
              ^^^^^^^^^^^^^^^^^^^^^^^^^
  File "/home/tars/Projects/fpl-oracle/venv311/lib/python3.11/site-packages/pandas/core/indexes/range.py", line 417, in get_loc
    raise KeyError(key)
KeyError: 'time'
The current gameweek is:  0
Traceback (most recent call last):
  File "/home/tars/Projects/fpl-oracle/data_v3.py", line 606, in <module>
    df = join_it_all_together()
         ^^^^^^^^^^^^^^^^^^^^^^
  File "/home/tars/Projects/fpl-oracle/data_v3.py", line 472, in join_it_all_together
    df_understat = get_understat_player_stats()
                   ^^^^^^^^^^^^^^^^^^^^^^^^^^^^
  File "/home/tars/Projects/fpl-oracle/data_v3.py", line 263, in get_understat_player_stats
    df_understat[col] = pd.to_numeric(df_understat[col], errors='coerce')
                                      ~~~~~~~~~~~~^^^^^
  File "/home/tars/Projects/fpl-oracle/venv311/lib/python3.11/site-packages/pandas/core/frame.py", line 4113, in __getitem__
    indexer = self.columns.get_loc(key)
              ^^^^^^^^^^^^^^^^^^^^^^^^^
  File "/home/tars/Projects/fpl-oracle/venv311/lib/python3.11/site-packages/pandas/core/indexes/range.py", line 417, in get_loc
    raise KeyError(key)
KeyError: 'time'
The current gameweek is:  0
Traceback (most recent call last):
  File "/home/tars/Projects/fpl-oracle/data_v3.py", line 606, in <module>
    df = join_it_all_together()
         ^^^^^^^^^^^^^^^^^^^^^^
  File "/home/tars/Projects/fpl-oracle/data_v3.py", line 472, in join_it_all_together
    df_understat = get_understat_player_stats()
                   ^^^^^^^^^^^^^^^^^^^^^^^^^^^^
  File "/home/tars/Projects/fpl-oracle/data_v3.py", line 263, in get_understat_player_stats
    df_understat[col] = pd.to_numeric(df_understat[col], errors='coerce')
                                      ~~~~~~~~~~~~^^^^^
  File "/home/tars/Projects/fpl-oracle/venv311/lib/python3.11/site-packages/pandas/core/frame.py", line 4113, in __getitem__
    indexer = self.columns.get_loc(key)
              ^^^^^^^^^^^^^^^^^^^^^^^^^
  File "/home/tars/Projects/fpl-oracle/venv311/lib/python3.11/site-packages/pandas/core/indexes/range.py", line 417, in get_loc
    raise KeyError(key)
KeyError: 'time'
The current gameweek is:  0
Traceback (most recent call last):
  File "/home/tars/Projects/fpl-oracle/data_v3.py", line 606, in <module>
    df = join_it_all_together()
         ^^^^^^^^^^^^^^^^^^^^^^
  File "/home/tars/Projects/fpl-oracle/data_v3.py", line 472, in join_it_all_together
    df_understat = get_understat_player_stats()
                   ^^^^^^^^^^^^^^^^^^^^^^^^^^^^
  File "/home/tars/Projects/fpl-oracle/data_v3.py", line 263, in get_understat_player_stats
    df_understat[col] = pd.to_numeric(df_understat[col], errors='coerce')
                                      ~~~~~~~~~~~~^^^^^
  File "/home/tars/Projects/fpl-oracle/venv311/lib/python3.11/site-packages/pandas/core/frame.py", line 4113, in __getitem__
    indexer = self.columns.get_loc(key)
              ^^^^^^^^^^^^^^^^^^^^^^^^^
  File "/home/tars/Projects/fpl-oracle/venv311/lib/python3.11/site-packages/pandas/core/indexes/range.py", line 417, in get_loc
    raise KeyError(key)
KeyError: 'time'
The current gameweek is:  0
Traceback (most recent call last):
  File "/home/tars/Projects/fpl-oracle/data_v3.py", line 606, in <module>
    df = join_it_all_together()
         ^^^^^^^^^^^^^^^^^^^^^^
  File "/home/tars/Projects/fpl-oracle/data_v3.py", line 472, in join_it_all_together
    df_understat = get_understat_player_stats()
                   ^^^^^^^^^^^^^^^^^^^^^^^^^^^^
  File "/home/tars/Projects/fpl-oracle/data_v3.py", line 263, in get_understat_player_stats
    df_understat[col] = pd.to_numeric(df_understat[col], errors='coerce')
                                      ~~~~~~~~~~~~^^^^^
  File "/home/tars/Projects/fpl-oracle/venv311/lib/python3.11/site-packages/pandas/core/frame.py", line 4113, in __getitem__
    indexer = self.columns.get_loc(key)
              ^^^^^^^^^^^^^^^^^^^^^^^^^
  File "/home/tars/Projects/fpl-oracle/venv311/lib/python3.11/site-packages/pandas/core/indexes/range.py", line 417, in get_loc
    raise KeyError(key)
KeyError: 'time'
The current gameweek is:  0
Traceback (most recent call last):
  File "/home/tars/Projects/fpl-oracle/data_v3.py", line 606, in <module>
    df = join_it_all_together()
         ^^^^^^^^^^^^^^^^^^^^^^
  File "/home/tars/Projects/fpl-oracle/data_v3.py", line 472, in join_it_all_together
    df_understat = get_understat_player_stats()
                   ^^^^^^^^^^^^^^^^^^^^^^^^^^^^
  File "/home/tars/Projects/fpl-oracle/data_v3.py", line 263, in get_understat_player_stats
    df_understat[col] = pd.to_numeric(df_understat[col], errors='coerce')
                                      ~~~~~~~~~~~~^^^^^
  File "/home/tars/Projects/fpl-oracle/venv311/lib/python3.11/site-packages/pandas/core/frame.py", line 4113, in __getitem__
    indexer = self.columns.get_loc(key)
              ^^^^^^^^^^^^^^^^^^^^^^^^^
  File "/home/tars/Projects/fpl-oracle/venv311/lib/python3.11/site-packages/pandas/core/indexes/range.py", line 417, in get_loc
    raise KeyError(key)
KeyError: 'time'
The current gameweek is:  0
Traceback (most recent call last):
  File "/home/tars/Projects/fpl-oracle/data_v3.py", line 606, in <module>
    df = join_it_all_together()
         ^^^^^^^^^^^^^^^^^^^^^^
  File "/home/tars/Projects/fpl-oracle/data_v3.py", line 472, in join_it_all_together
    df_understat = get_understat_player_stats()
                   ^^^^^^^^^^^^^^^^^^^^^^^^^^^^
  File "/home/tars/Projects/fpl-oracle/data_v3.py", line 263, in get_understat_player_stats
    df_understat[col] = pd.to_numeric(df_understat[col], errors='coerce')
                                      ~~~~~~~~~~~~^^^^^
  File "/home/tars/Projects/fpl-oracle/venv311/lib/python3.11/site-packages/pandas/core/frame.py", line 4113, in __getitem__
    indexer = self.columns.get_loc(key)
              ^^^^^^^^^^^^^^^^^^^^^^^^^
  File "/home/tars/Projects/fpl-oracle/venv311/lib/python3.11/site-packages/pandas/core/indexes/range.py", line 417, in get_loc
    raise KeyError(key)
KeyError: 'time'
The current gameweek is:  0
Traceback (most recent call last):
  File "/home/tars/Projects/fpl-oracle/data_v3.py", line 606, in <module>
    df = join_it_all_together()
         ^^^^^^^^^^^^^^^^^^^^^^
  File "/home/tars/Projects/fpl-oracle/data_v3.py", line 472, in join_it_all_together
    df_understat = get_understat_player_stats()
                   ^^^^^^^^^^^^^^^^^^^^^^^^^^^^
  File "/home/tars/Projects/fpl-oracle/data_v3.py", line 263, in get_understat_player_stats
    df_understat[col] = pd.to_numeric(df_understat[col], errors='coerce')
                                      ~~~~~~~~~~~~^^^^^
  File "/home/tars/Projects/fpl-oracle/venv311/lib/python3.11/site-packages/pandas/core/frame.py", line 4113, in __getitem__
    indexer = self.columns.get_loc(key)
              ^^^^^^^^^^^^^^^^^^^^^^^^^
  File "/home/tars/Projects/fpl-oracle/venv311/lib/python3.11/site-packages/pandas/core/indexes/range.py", line 417, in get_loc
    raise KeyError(key)
KeyError: 'time'
Traceback (most recent call last):
  File "/home/tars/Projects/fpl-oracle/model.py", line 371, in <module>
    gw = int(sys.argv[1])
         ^^^^^^^^^^^^^^^^
ValueError: invalid literal for int() with base 10: '--'
The current gameweek is:  0
Traceback (most recent call last):
  File "/home/tars/Projects/fpl-oracle/data_v3.py", line 606, in <module>
    df = join_it_all_together()
         ^^^^^^^^^^^^^^^^^^^^^^
  File "/home/tars/Projects/fpl-oracle/data_v3.py", line 472, in join_it_all_together
    df_understat = get_understat_player_stats()
                   ^^^^^^^^^^^^^^^^^^^^^^^^^^^^
  File "/home/tars/Projects/fpl-oracle/data_v3.py", line 263, in get_understat_player_stats
    df_understat[col] = pd.to_numeric(df_understat[col], errors='coerce')
                                      ~~~~~~~~~~~~^^^^^
  File "/home/tars/Projects/fpl-oracle/venv311/lib/python3.11/site-packages/pandas/core/frame.py", line 4113, in __getitem__
    indexer = self.columns.get_loc(key)
              ^^^^^^^^^^^^^^^^^^^^^^^^^
  File "/home/tars/Projects/fpl-oracle/venv311/lib/python3.11/site-packages/pandas/core/indexes/range.py", line 417, in get_loc
    raise KeyError(key)
KeyError: 'time'
The current gameweek is:  0
Traceback (most recent call last):
  File "/home/tars/Projects/fpl-oracle/data_v3.py", line 606, in <module>
    df = join_it_all_together()
         ^^^^^^^^^^^^^^^^^^^^^^
  File "/home/tars/Projects/fpl-oracle/data_v3.py", line 472, in join_it_all_together
    df_understat = get_understat_player_stats()
                   ^^^^^^^^^^^^^^^^^^^^^^^^^^^^
  File "/home/tars/Projects/fpl-oracle/data_v3.py", line 263, in get_understat_player_stats
    df_understat[col] = pd.to_numeric(df_understat[col], errors='coerce')
                                      ~~~~~~~~~~~~^^^^^
  File "/home/tars/Projects/fpl-oracle/venv311/lib/python3.11/site-packages/pandas/core/frame.py", line 4113, in __getitem__
    indexer = self.columns.get_loc(key)
              ^^^^^^^^^^^^^^^^^^^^^^^^^
  File "/home/tars/Projects/fpl-oracle/venv311/lib/python3.11/site-packages/pandas/core/indexes/range.py", line 417, in get_loc
    raise KeyError(key)
KeyError: 'time'
The current gameweek is:  0
Traceback (most recent call last):
  File "/home/tars/Projects/fpl-oracle/data_v3.py", line 606, in <module>
    df = join_it_all_together()
         ^^^^^^^^^^^^^^^^^^^^^^
  File "/home/tars/Projects/fpl-oracle/data_v3.py", line 472, in join_it_all_together
    df_understat = get_understat_player_stats()
                   ^^^^^^^^^^^^^^^^^^^^^^^^^^^^
  File "/home/tars/Projects/fpl-oracle/data_v3.py", line 263, in get_understat_player_stats
    df_understat[col] = pd.to_numeric(df_understat[col], errors='coerce')
                                      ~~~~~~~~~~~~^^^^^
  File "/home/tars/Projects/fpl-oracle/venv311/lib/python3.11/site-packages/pandas/core/frame.py", line 4113, in __getitem__
    indexer = self.columns.get_loc(key)
              ^^^^^^^^^^^^^^^^^^^^^^^^^
  File "/home/tars/Projects/fpl-oracle/venv311/lib/python3.11/site-packages/pandas/core/indexes/range.py", line 417, in get_loc
    raise KeyError(key)
KeyError: 'time'
The current gameweek is:  0
Traceback (most recent call last):
  File "/home/tars/Projects/fpl-oracle/data_v3.py", line 606, in <module>
    df = join_it_all_together()
         ^^^^^^^^^^^^^^^^^^^^^^
  File "/home/tars/Projects/fpl-oracle/data_v3.py", line 472, in join_it_all_together
    df_understat = get_understat_player_stats()
                   ^^^^^^^^^^^^^^^^^^^^^^^^^^^^
  File "/home/tars/Projects/fpl-oracle/data_v3.py", line 263, in get_understat_player_stats
    df_understat[col] = pd.to_numeric(df_understat[col], errors='coerce')
                                      ~~~~~~~~~~~~^^^^^
  File "/home/tars/Projects/fpl-oracle/venv311/lib/python3.11/site-packages/pandas/core/frame.py", line 4113, in __getitem__
    indexer = self.columns.get_loc(key)
              ^^^^^^^^^^^^^^^^^^^^^^^^^
  File "/home/tars/Projects/fpl-oracle/venv311/lib/python3.11/site-packages/pandas/core/indexes/range.py", line 417, in get_loc
    raise KeyError(key)
KeyError: 'time'
The current gameweek is:  0
Traceback (most recent call last):
  File "/home/tars/Projects/fpl-oracle/data_v3.py", line 606, in <module>
    df = join_it_all_together()
         ^^^^^^^^^^^^^^^^^^^^^^
  File "/home/tars/Projects/fpl-oracle/data_v3.py", line 472, in join_it_all_together
    df_understat = get_understat_player_stats()
                   ^^^^^^^^^^^^^^^^^^^^^^^^^^^^
  File "/home/tars/Projects/fpl-oracle/data_v3.py", line 263, in get_understat_player_stats
    df_understat[col] = pd.to_numeric(df_understat[col], errors='coerce')
                                      ~~~~~~~~~~~~^^^^^
  File "/home/tars/Projects/fpl-oracle/venv311/lib/python3.11/site-packages/pandas/core/frame.py", line 4113, in __getitem__
    indexer = self.columns.get_loc(key)
              ^^^^^^^^^^^^^^^^^^^^^^^^^
  File "/home/tars/Projects/fpl-oracle/venv311/lib/python3.11/site-packages/pandas/core/indexes/range.py", line 417, in get_loc
    raise KeyError(key)
KeyError: 'time'
The current gameweek is:  0
Traceback (most recent call last):
  File "/home/tars/Projects/fpl-oracle/data_v3.py", line 606, in <module>
    df = join_it_all_together()
         ^^^^^^^^^^^^^^^^^^^^^^
  File "/home/tars/Projects/fpl-oracle/data_v3.py", line 472, in join_it_all_together
    df_understat = get_understat_player_stats()
                   ^^^^^^^^^^^^^^^^^^^^^^^^^^^^
  File "/home/tars/Projects/fpl-oracle/data_v3.py", line 263, in get_understat_player_stats
    df_understat[col] = pd.to_numeric(df_understat[col], errors='coerce')
                                      ~~~~~~~~~~~~^^^^^
  File "/home/tars/Projects/fpl-oracle/venv311/lib/python3.11/site-packages/pandas/core/frame.py", line 4113, in __getitem__
    indexer = self.columns.get_loc(key)
              ^^^^^^^^^^^^^^^^^^^^^^^^^
  File "/home/tars/Projects/fpl-oracle/venv311/lib/python3.11/site-packages/pandas/core/indexes/range.py", line 417, in get_loc
    raise KeyError(key)
KeyError: 'time'
The current gameweek is:  0
Traceback (most recent call last):
  File "/home/tars/Projects/fpl-oracle/data_v3.py", line 606, in <module>
    df = join_it_all_together()
         ^^^^^^^^^^^^^^^^^^^^^^
  File "/home/tars/Projects/fpl-oracle/data_v3.py", line 472, in join_it_all_together
    df_understat = get_understat_player_stats()
                   ^^^^^^^^^^^^^^^^^^^^^^^^^^^^
  File "/home/tars/Projects/fpl-oracle/data_v3.py", line 263, in get_understat_player_stats
    df_understat[col] = pd.to_numeric(df_understat[col], errors='coerce')
                                      ~~~~~~~~~~~~^^^^^
  File "/home/tars/Projects/fpl-oracle/venv311/lib/python3.11/site-packages/pandas/core/frame.py", line 4113, in __getitem__
    indexer = self.columns.get_loc(key)
              ^^^^^^^^^^^^^^^^^^^^^^^^^
  File "/home/tars/Projects/fpl-oracle/venv311/lib/python3.11/site-packages/pandas/core/indexes/range.py", line 417, in get_loc
    raise KeyError(key)
KeyError: 'time'
The current gameweek is:  0
Traceback (most recent call last):
  File "/home/tars/Projects/fpl-oracle/data_v3.py", line 606, in <module>
    df = join_it_all_together()
         ^^^^^^^^^^^^^^^^^^^^^^
  File "/home/tars/Projects/fpl-oracle/data_v3.py", line 472, in join_it_all_together
    df_understat = get_understat_player_stats()
                   ^^^^^^^^^^^^^^^^^^^^^^^^^^^^
  File "/home/tars/Projects/fpl-oracle/data_v3.py", line 263, in get_understat_player_stats
    df_understat[col] = pd.to_numeric(df_understat[col], errors='coerce')
                                      ~~~~~~~~~~~~^^^^^
  File "/home/tars/Projects/fpl-oracle/venv311/lib/python3.11/site-packages/pandas/core/frame.py", line 4113, in __getitem__
    indexer = self.columns.get_loc(key)
              ^^^^^^^^^^^^^^^^^^^^^^^^^
  File "/home/tars/Projects/fpl-oracle/venv311/lib/python3.11/site-packages/pandas/core/indexes/range.py", line 417, in get_loc
    raise KeyError(key)
KeyError: 'time'
The current gameweek is:  0
Traceback (most recent call last):
  File "/home/tars/Projects/fpl-oracle/data_v3.py", line 606, in <module>
    df = join_it_all_together()
         ^^^^^^^^^^^^^^^^^^^^^^
  File "/home/tars/Projects/fpl-oracle/data_v3.py", line 472, in join_it_all_together
    df_understat = get_understat_player_stats()
                   ^^^^^^^^^^^^^^^^^^^^^^^^^^^^
  File "/home/tars/Projects/fpl-oracle/data_v3.py", line 263, in get_understat_player_stats
    df_understat[col] = pd.to_numeric(df_understat[col], errors='coerce')
                                      ~~~~~~~~~~~~^^^^^
  File "/home/tars/Projects/fpl-oracle/venv311/lib/python3.11/site-packages/pandas/core/frame.py", line 4113, in __getitem__
    indexer = self.columns.get_loc(key)
              ^^^^^^^^^^^^^^^^^^^^^^^^^
  File "/home/tars/Projects/fpl-oracle/venv311/lib/python3.11/site-packages/pandas/core/indexes/range.py", line 417, in get_loc
    raise KeyError(key)
KeyError: 'time'
The current gameweek is:  0
Traceback (most recent call last):
  File "/home/tars/Projects/fpl-oracle/data_v3.py", line 606, in <module>
    df = join_it_all_together()
         ^^^^^^^^^^^^^^^^^^^^^^
  File "/home/tars/Projects/fpl-oracle/data_v3.py", line 472, in join_it_all_together
    df_understat = get_understat_player_stats()
                   ^^^^^^^^^^^^^^^^^^^^^^^^^^^^
  File "/home/tars/Projects/fpl-oracle/data_v3.py", line 263, in get_understat_player_stats
    df_understat[col] = pd.to_numeric(df_understat[col], errors='coerce')
                                      ~~~~~~~~~~~~^^^^^
  File "/home/tars/Projects/fpl-oracle/venv311/lib/python3.11/site-packages/pandas/core/frame.py", line 4113, in __getitem__
    indexer = self.columns.get_loc(key)
              ^^^^^^^^^^^^^^^^^^^^^^^^^
  File "/home/tars/Projects/fpl-oracle/venv311/lib/python3.11/site-packages/pandas/core/indexes/range.py", line 417, in get_loc
    raise KeyError(key)
KeyError: 'time'
The current gameweek is:  0
Traceback (most recent call last):
  File "/home/tars/Projects/fpl-oracle/data_v3.py", line 606, in <module>
    df = join_it_all_together()
         ^^^^^^^^^^^^^^^^^^^^^^
  File "/home/tars/Projects/fpl-oracle/data_v3.py", line 472, in join_it_all_together
    df_understat = get_understat_player_stats()
                   ^^^^^^^^^^^^^^^^^^^^^^^^^^^^
  File "/home/tars/Projects/fpl-oracle/data_v3.py", line 263, in get_understat_player_stats
    df_understat[col] = pd.to_numeric(df_understat[col], errors='coerce')
                                      ~~~~~~~~~~~~^^^^^
  File "/home/tars/Projects/fpl-oracle/venv311/lib/python3.11/site-packages/pandas/core/frame.py", line 4113, in __getitem__
    indexer = self.columns.get_loc(key)
              ^^^^^^^^^^^^^^^^^^^^^^^^^
  File "/home/tars/Projects/fpl-oracle/venv311/lib/python3.11/site-packages/pandas/core/indexes/range.py", line 417, in get_loc
    raise KeyError(key)
KeyError: 'time'
Traceback (most recent call last):
  File "/home/tars/Projects/fpl-oracle/model.py", line 371, in <module>
    gw = int(sys.argv[1])
         ^^^^^^^^^^^^^^^^
ValueError: invalid literal for int() with base 10: '--'
The current gameweek is:  0
Traceback (most recent call last):
  File "/home/tars/Projects/fpl-oracle/data_v3.py", line 606, in <module>
    df = join_it_all_together()
         ^^^^^^^^^^^^^^^^^^^^^^
  File "/home/tars/Projects/fpl-oracle/data_v3.py", line 472, in join_it_all_together
    df_understat = get_understat_player_stats()
                   ^^^^^^^^^^^^^^^^^^^^^^^^^^^^
  File "/home/tars/Projects/fpl-oracle/data_v3.py", line 263, in get_understat_player_stats
    df_understat[col] = pd.to_numeric(df_understat[col], errors='coerce')
                                      ~~~~~~~~~~~~^^^^^
  File "/home/tars/Projects/fpl-oracle/venv311/lib/python3.11/site-packages/pandas/core/frame.py", line 4113, in __getitem__
    indexer = self.columns.get_loc(key)
              ^^^^^^^^^^^^^^^^^^^^^^^^^
  File "/home/tars/Projects/fpl-oracle/venv311/lib/python3.11/site-packages/pandas/core/indexes/range.py", line 417, in get_loc
    raise KeyError(key)
KeyError: 'time'
The current gameweek is:  0
Traceback (most recent call last):
  File "/home/tars/Projects/fpl-oracle/data_v3.py", line 606, in <module>
    df = join_it_all_together()
         ^^^^^^^^^^^^^^^^^^^^^^
  File "/home/tars/Projects/fpl-oracle/data_v3.py", line 472, in join_it_all_together
    df_understat = get_understat_player_stats()
                   ^^^^^^^^^^^^^^^^^^^^^^^^^^^^
  File "/home/tars/Projects/fpl-oracle/data_v3.py", line 263, in get_understat_player_stats
    df_understat[col] = pd.to_numeric(df_understat[col], errors='coerce')
                                      ~~~~~~~~~~~~^^^^^
  File "/home/tars/Projects/fpl-oracle/venv311/lib/python3.11/site-packages/pandas/core/frame.py", line 4113, in __getitem__
    indexer = self.columns.get_loc(key)
              ^^^^^^^^^^^^^^^^^^^^^^^^^
  File "/home/tars/Projects/fpl-oracle/venv311/lib/python3.11/site-packages/pandas/core/indexes/range.py", line 417, in get_loc
    raise KeyError(key)
KeyError: 'time'
The current gameweek is:  0
Traceback (most recent call last):
  File "/home/tars/Projects/fpl-oracle/data_v3.py", line 606, in <module>
    df = join_it_all_together()
         ^^^^^^^^^^^^^^^^^^^^^^
  File "/home/tars/Projects/fpl-oracle/data_v3.py", line 472, in join_it_all_together
    df_understat = get_understat_player_stats()
                   ^^^^^^^^^^^^^^^^^^^^^^^^^^^^
  File "/home/tars/Projects/fpl-oracle/data_v3.py", line 263, in get_understat_player_stats
    df_understat[col] = pd.to_numeric(df_understat[col], errors='coerce')
                                      ~~~~~~~~~~~~^^^^^
  File "/home/tars/Projects/fpl-oracle/venv311/lib/python3.11/site-packages/pandas/core/frame.py", line 4113, in __getitem__
    indexer = self.columns.get_loc(key)
              ^^^^^^^^^^^^^^^^^^^^^^^^^
  File "/home/tars/Projects/fpl-oracle/venv311/lib/python3.11/site-packages/pandas/core/indexes/range.py", line 417, in get_loc
    raise KeyError(key)
KeyError: 'time'
The current gameweek is:  0
Traceback (most recent call last):
  File "/home/tars/Projects/fpl-oracle/data_v3.py", line 606, in <module>
    df = join_it_all_together()
         ^^^^^^^^^^^^^^^^^^^^^^
  File "/home/tars/Projects/fpl-oracle/data_v3.py", line 472, in join_it_all_together
    df_understat = get_understat_player_stats()
                   ^^^^^^^^^^^^^^^^^^^^^^^^^^^^
  File "/home/tars/Projects/fpl-oracle/data_v3.py", line 263, in get_understat_player_stats
    df_understat[col] = pd.to_numeric(df_understat[col], errors='coerce')
                                      ~~~~~~~~~~~~^^^^^
  File "/home/tars/Projects/fpl-oracle/venv311/lib/python3.11/site-packages/pandas/core/frame.py", line 4113, in __getitem__
    indexer = self.columns.get_loc(key)
              ^^^^^^^^^^^^^^^^^^^^^^^^^
  File "/home/tars/Projects/fpl-oracle/venv311/lib/python3.11/site-packages/pandas/core/indexes/range.py", line 417, in get_loc
    raise KeyError(key)
KeyError: 'time'
The current gameweek is:  0
Traceback (most recent call last):
  File "/home/tars/Projects/fpl-oracle/data_v3.py", line 606, in <module>
    df = join_it_all_together()
         ^^^^^^^^^^^^^^^^^^^^^^
  File "/home/tars/Projects/fpl-oracle/data_v3.py", line 472, in join_it_all_together
    df_understat = get_understat_player_stats()
                   ^^^^^^^^^^^^^^^^^^^^^^^^^^^^
  File "/home/tars/Projects/fpl-oracle/data_v3.py", line 263, in get_understat_player_stats
    df_understat[col] = pd.to_numeric(df_understat[col], errors='coerce')
                                      ~~~~~~~~~~~~^^^^^
  File "/home/tars/Projects/fpl-oracle/venv311/lib/python3.11/site-packages/pandas/core/frame.py", line 4113, in __getitem__
    indexer = self.columns.get_loc(key)
              ^^^^^^^^^^^^^^^^^^^^^^^^^
  File "/home/tars/Projects/fpl-oracle/venv311/lib/python3.11/site-packages/pandas/core/indexes/range.py", line 417, in get_loc
    raise KeyError(key)
KeyError: 'time'
The current gameweek is:  0
Traceback (most recent call last):
  File "/home/tars/Projects/fpl-oracle/data_v3.py", line 606, in <module>
    df = join_it_all_together()
         ^^^^^^^^^^^^^^^^^^^^^^
  File "/home/tars/Projects/fpl-oracle/data_v3.py", line 472, in join_it_all_together
    df_understat = get_understat_player_stats()
                   ^^^^^^^^^^^^^^^^^^^^^^^^^^^^
  File "/home/tars/Projects/fpl-oracle/data_v3.py", line 263, in get_understat_player_stats
    df_understat[col] = pd.to_numeric(df_understat[col], errors='coerce')
                                      ~~~~~~~~~~~~^^^^^
  File "/home/tars/Projects/fpl-oracle/venv311/lib/python3.11/site-packages/pandas/core/frame.py", line 4113, in __getitem__
    indexer = self.columns.get_loc(key)
              ^^^^^^^^^^^^^^^^^^^^^^^^^
  File "/home/tars/Projects/fpl-oracle/venv311/lib/python3.11/site-packages/pandas/core/indexes/range.py", line 417, in get_loc
    raise KeyError(key)
KeyError: 'time'
The current gameweek is:  0
Traceback (most recent call last):
  File "/home/tars/Projects/fpl-oracle/data_v3.py", line 606, in <module>
    df = join_it_all_together()
         ^^^^^^^^^^^^^^^^^^^^^^
  File "/home/tars/Projects/fpl-oracle/data_v3.py", line 472, in join_it_all_together
    df_understat = get_understat_player_stats()
                   ^^^^^^^^^^^^^^^^^^^^^^^^^^^^
  File "/home/tars/Projects/fpl-oracle/data_v3.py", line 263, in get_understat_player_stats
    df_understat[col] = pd.to_numeric(df_understat[col], errors='coerce')
                                      ~~~~~~~~~~~~^^^^^
  File "/home/tars/Projects/fpl-oracle/venv311/lib/python3.11/site-packages/pandas/core/frame.py", line 4113, in __getitem__
    indexer = self.columns.get_loc(key)
              ^^^^^^^^^^^^^^^^^^^^^^^^^
  File "/home/tars/Projects/fpl-oracle/venv311/lib/python3.11/site-packages/pandas/core/indexes/range.py", line 417, in get_loc
    raise KeyError(key)
KeyError: 'time'
The current gameweek is:  0
Traceback (most recent call last):
  File "/home/tars/Projects/fpl-oracle/data_v3.py", line 606, in <module>
    df = join_it_all_together()
         ^^^^^^^^^^^^^^^^^^^^^^
  File "/home/tars/Projects/fpl-oracle/data_v3.py", line 472, in join_it_all_together
    df_understat = get_understat_player_stats()
                   ^^^^^^^^^^^^^^^^^^^^^^^^^^^^
  File "/home/tars/Projects/fpl-oracle/data_v3.py", line 263, in get_understat_player_stats
    df_understat[col] = pd.to_numeric(df_understat[col], errors='coerce')
                                      ~~~~~~~~~~~~^^^^^
  File "/home/tars/Projects/fpl-oracle/venv311/lib/python3.11/site-packages/pandas/core/frame.py", line 4113, in __getitem__
    indexer = self.columns.get_loc(key)
              ^^^^^^^^^^^^^^^^^^^^^^^^^
  File "/home/tars/Projects/fpl-oracle/venv311/lib/python3.11/site-packages/pandas/core/indexes/range.py", line 417, in get_loc
    raise KeyError(key)
KeyError: 'time'
The current gameweek is:  0
Traceback (most recent call last):
  File "/home/tars/Projects/fpl-oracle/data_v3.py", line 606, in <module>
    df = join_it_all_together()
         ^^^^^^^^^^^^^^^^^^^^^^
  File "/home/tars/Projects/fpl-oracle/data_v3.py", line 472, in join_it_all_together
    df_understat = get_understat_player_stats()
                   ^^^^^^^^^^^^^^^^^^^^^^^^^^^^
  File "/home/tars/Projects/fpl-oracle/data_v3.py", line 263, in get_understat_player_stats
    df_understat[col] = pd.to_numeric(df_understat[col], errors='coerce')
                                      ~~~~~~~~~~~~^^^^^
  File "/home/tars/Projects/fpl-oracle/venv311/lib/python3.11/site-packages/pandas/core/frame.py", line 4113, in __getitem__
    indexer = self.columns.get_loc(key)
              ^^^^^^^^^^^^^^^^^^^^^^^^^
  File "/home/tars/Projects/fpl-oracle/venv311/lib/python3.11/site-packages/pandas/core/indexes/range.py", line 417, in get_loc
    raise KeyError(key)
KeyError: 'time'
The current gameweek is:  0
Traceback (most recent call last):
  File "/home/tars/Projects/fpl-oracle/data_v3.py", line 606, in <module>
    df = join_it_all_together()
         ^^^^^^^^^^^^^^^^^^^^^^
  File "/home/tars/Projects/fpl-oracle/data_v3.py", line 472, in join_it_all_together
    df_understat = get_understat_player_stats()
                   ^^^^^^^^^^^^^^^^^^^^^^^^^^^^
  File "/home/tars/Projects/fpl-oracle/data_v3.py", line 263, in get_understat_player_stats
    df_understat[col] = pd.to_numeric(df_understat[col], errors='coerce')
                                      ~~~~~~~~~~~~^^^^^
  File "/home/tars/Projects/fpl-oracle/venv311/lib/python3.11/site-packages/pandas/core/frame.py", line 4113, in __getitem__
    indexer = self.columns.get_loc(key)
              ^^^^^^^^^^^^^^^^^^^^^^^^^
  File "/home/tars/Projects/fpl-oracle/venv311/lib/python3.11/site-packages/pandas/core/indexes/range.py", line 417, in get_loc
    raise KeyError(key)
KeyError: 'time'
The current gameweek is:  0
Traceback (most recent call last):
  File "/home/tars/Projects/fpl-oracle/data_v3.py", line 606, in <module>
    df = join_it_all_together()
         ^^^^^^^^^^^^^^^^^^^^^^
  File "/home/tars/Projects/fpl-oracle/data_v3.py", line 472, in join_it_all_together
    df_understat = get_understat_player_stats()
                   ^^^^^^^^^^^^^^^^^^^^^^^^^^^^
  File "/home/tars/Projects/fpl-oracle/data_v3.py", line 263, in get_understat_player_stats
    df_understat[col] = pd.to_numeric(df_understat[col], errors='coerce')
                                      ~~~~~~~~~~~~^^^^^
  File "/home/tars/Projects/fpl-oracle/venv311/lib/python3.11/site-packages/pandas/core/frame.py", line 4113, in __getitem__
    indexer = self.columns.get_loc(key)
              ^^^^^^^^^^^^^^^^^^^^^^^^^
  File "/home/tars/Projects/fpl-oracle/venv311/lib/python3.11/site-packages/pandas/core/indexes/range.py", line 417, in get_loc
    raise KeyError(key)
KeyError: 'time'
Traceback (most recent call last):
  File "/home/tars/Projects/fpl-oracle/model.py", line 371, in <module>
    gw = int(sys.argv[1])
         ^^^^^^^^^^^^^^^^
ValueError: invalid literal for int() with base 10: '--'
The current gameweek is:  0
Traceback (most recent call last):
  File "/home/tars/Projects/fpl-oracle/data_v3.py", line 606, in <module>
    df = join_it_all_together()
         ^^^^^^^^^^^^^^^^^^^^^^
  File "/home/tars/Projects/fpl-oracle/data_v3.py", line 472, in join_it_all_together
    df_understat = get_understat_player_stats()
                   ^^^^^^^^^^^^^^^^^^^^^^^^^^^^
  File "/home/tars/Projects/fpl-oracle/data_v3.py", line 263, in get_understat_player_stats
    df_understat[col] = pd.to_numeric(df_understat[col], errors='coerce')
                                      ~~~~~~~~~~~~^^^^^
  File "/home/tars/Projects/fpl-oracle/venv311/lib/python3.11/site-packages/pandas/core/frame.py", line 4113, in __getitem__
    indexer = self.columns.get_loc(key)
              ^^^^^^^^^^^^^^^^^^^^^^^^^
  File "/home/tars/Projects/fpl-oracle/venv311/lib/python3.11/site-packages/pandas/core/indexes/range.py", line 417, in get_loc
    raise KeyError(key)
KeyError: 'time'
The current gameweek is:  0
Traceback (most recent call last):
  File "/home/tars/Projects/fpl-oracle/data_v3.py", line 606, in <module>
    df = join_it_all_together()
         ^^^^^^^^^^^^^^^^^^^^^^
  File "/home/tars/Projects/fpl-oracle/data_v3.py", line 472, in join_it_all_together
    df_understat = get_understat_player_stats()
                   ^^^^^^^^^^^^^^^^^^^^^^^^^^^^
  File "/home/tars/Projects/fpl-oracle/data_v3.py", line 263, in get_understat_player_stats
    df_understat[col] = pd.to_numeric(df_understat[col], errors='coerce')
                                      ~~~~~~~~~~~~^^^^^
  File "/home/tars/Projects/fpl-oracle/venv311/lib/python3.11/site-packages/pandas/core/frame.py", line 4113, in __getitem__
    indexer = self.columns.get_loc(key)
              ^^^^^^^^^^^^^^^^^^^^^^^^^
  File "/home/tars/Projects/fpl-oracle/venv311/lib/python3.11/site-packages/pandas/core/indexes/range.py", line 417, in get_loc
    raise KeyError(key)
KeyError: 'time'
The current gameweek is:  0
Traceback (most recent call last):
  File "/home/tars/Projects/fpl-oracle/data_v3.py", line 606, in <module>
    df = join_it_all_together()
         ^^^^^^^^^^^^^^^^^^^^^^
  File "/home/tars/Projects/fpl-oracle/data_v3.py", line 472, in join_it_all_together
    df_understat = get_understat_player_stats()
                   ^^^^^^^^^^^^^^^^^^^^^^^^^^^^
  File "/home/tars/Projects/fpl-oracle/data_v3.py", line 263, in get_understat_player_stats
    df_understat[col] = pd.to_numeric(df_understat[col], errors='coerce')
                                      ~~~~~~~~~~~~^^^^^
  File "/home/tars/Projects/fpl-oracle/venv311/lib/python3.11/site-packages/pandas/core/frame.py", line 4113, in __getitem__
    indexer = self.columns.get_loc(key)
              ^^^^^^^^^^^^^^^^^^^^^^^^^
  File "/home/tars/Projects/fpl-oracle/venv311/lib/python3.11/site-packages/pandas/core/indexes/range.py", line 417, in get_loc
    raise KeyError(key)
KeyError: 'time'
The current gameweek is:  0
Traceback (most recent call last):
  File "/home/tars/Projects/fpl-oracle/data_v3.py", line 606, in <module>
    df = join_it_all_together()
         ^^^^^^^^^^^^^^^^^^^^^^
  File "/home/tars/Projects/fpl-oracle/data_v3.py", line 472, in join_it_all_together
    df_understat = get_understat_player_stats()
                   ^^^^^^^^^^^^^^^^^^^^^^^^^^^^
  File "/home/tars/Projects/fpl-oracle/data_v3.py", line 263, in get_understat_player_stats
    df_understat[col] = pd.to_numeric(df_understat[col], errors='coerce')
                                      ~~~~~~~~~~~~^^^^^
  File "/home/tars/Projects/fpl-oracle/venv311/lib/python3.11/site-packages/pandas/core/frame.py", line 4113, in __getitem__
    indexer = self.columns.get_loc(key)
              ^^^^^^^^^^^^^^^^^^^^^^^^^
  File "/home/tars/Projects/fpl-oracle/venv311/lib/python3.11/site-packages/pandas/core/indexes/range.py", line 417, in get_loc
    raise KeyError(key)
KeyError: 'time'
The current gameweek is:  0
Traceback (most recent call last):
  File "/home/tars/Projects/fpl-oracle/data_v3.py", line 606, in <module>
    df = join_it_all_together()
         ^^^^^^^^^^^^^^^^^^^^^^
  File "/home/tars/Projects/fpl-oracle/data_v3.py", line 472, in join_it_all_together
    df_understat = get_understat_player_stats()
                   ^^^^^^^^^^^^^^^^^^^^^^^^^^^^
  File "/home/tars/Projects/fpl-oracle/data_v3.py", line 263, in get_understat_player_stats
    df_understat[col] = pd.to_numeric(df_understat[col], errors='coerce')
                                      ~~~~~~~~~~~~^^^^^
  File "/home/tars/Projects/fpl-oracle/venv311/lib/python3.11/site-packages/pandas/core/frame.py", line 4113, in __getitem__
    indexer = self.columns.get_loc(key)
              ^^^^^^^^^^^^^^^^^^^^^^^^^
  File "/home/tars/Projects/fpl-oracle/venv311/lib/python3.11/site-packages/pandas/core/indexes/range.py", line 417, in get_loc
    raise KeyError(key)
KeyError: 'time'
The current gameweek is:  0
Traceback (most recent call last):
  File "/home/tars/Projects/fpl-oracle/data_v3.py", line 606, in <module>
    df = join_it_all_together()
         ^^^^^^^^^^^^^^^^^^^^^^
  File "/home/tars/Projects/fpl-oracle/data_v3.py", line 472, in join_it_all_together
    df_understat = get_understat_player_stats()
                   ^^^^^^^^^^^^^^^^^^^^^^^^^^^^
  File "/home/tars/Projects/fpl-oracle/data_v3.py", line 263, in get_understat_player_stats
    df_understat[col] = pd.to_numeric(df_understat[col], errors='coerce')
                                      ~~~~~~~~~~~~^^^^^
  File "/home/tars/Projects/fpl-oracle/venv311/lib/python3.11/site-packages/pandas/core/frame.py", line 4113, in __getitem__
    indexer = self.columns.get_loc(key)
              ^^^^^^^^^^^^^^^^^^^^^^^^^
  File "/home/tars/Projects/fpl-oracle/venv311/lib/python3.11/site-packages/pandas/core/indexes/range.py", line 417, in get_loc
    raise KeyError(key)
KeyError: 'time'
The current gameweek is:  0
Traceback (most recent call last):
  File "/home/tars/Projects/fpl-oracle/data_v3.py", line 606, in <module>
    df = join_it_all_together()
         ^^^^^^^^^^^^^^^^^^^^^^
  File "/home/tars/Projects/fpl-oracle/data_v3.py", line 472, in join_it_all_together
    df_understat = get_understat_player_stats()
                   ^^^^^^^^^^^^^^^^^^^^^^^^^^^^
  File "/home/tars/Projects/fpl-oracle/data_v3.py", line 263, in get_understat_player_stats
    df_understat[col] = pd.to_numeric(df_understat[col], errors='coerce')
                                      ~~~~~~~~~~~~^^^^^
  File "/home/tars/Projects/fpl-oracle/venv311/lib/python3.11/site-packages/pandas/core/frame.py", line 4113, in __getitem__
    indexer = self.columns.get_loc(key)
              ^^^^^^^^^^^^^^^^^^^^^^^^^
  File "/home/tars/Projects/fpl-oracle/venv311/lib/python3.11/site-packages/pandas/core/indexes/range.py", line 417, in get_loc
    raise KeyError(key)
KeyError: 'time'
The current gameweek is:  0
Traceback (most recent call last):
  File "/home/tars/Projects/fpl-oracle/data_v3.py", line 606, in <module>
    df = join_it_all_together()
         ^^^^^^^^^^^^^^^^^^^^^^
  File "/home/tars/Projects/fpl-oracle/data_v3.py", line 472, in join_it_all_together
    df_understat = get_understat_player_stats()
                   ^^^^^^^^^^^^^^^^^^^^^^^^^^^^
  File "/home/tars/Projects/fpl-oracle/data_v3.py", line 263, in get_understat_player_stats
    df_understat[col] = pd.to_numeric(df_understat[col], errors='coerce')
                                      ~~~~~~~~~~~~^^^^^
  File "/home/tars/Projects/fpl-oracle/venv311/lib/python3.11/site-packages/pandas/core/frame.py", line 4113, in __getitem__
    indexer = self.columns.get_loc(key)
              ^^^^^^^^^^^^^^^^^^^^^^^^^
  File "/home/tars/Projects/fpl-oracle/venv311/lib/python3.11/site-packages/pandas/core/indexes/range.py", line 417, in get_loc
    raise KeyError(key)
KeyError: 'time'
The current gameweek is:  0
Traceback (most recent call last):
  File "/home/tars/Projects/fpl-oracle/data_v3.py", line 606, in <module>
    df = join_it_all_together()
         ^^^^^^^^^^^^^^^^^^^^^^
  File "/home/tars/Projects/fpl-oracle/data_v3.py", line 472, in join_it_all_together
    df_understat = get_understat_player_stats()
                   ^^^^^^^^^^^^^^^^^^^^^^^^^^^^
  File "/home/tars/Projects/fpl-oracle/data_v3.py", line 263, in get_understat_player_stats
    df_understat[col] = pd.to_numeric(df_understat[col], errors='coerce')
                                      ~~~~~~~~~~~~^^^^^
  File "/home/tars/Projects/fpl-oracle/venv311/lib/python3.11/site-packages/pandas/core/frame.py", line 4113, in __getitem__
    indexer = self.columns.get_loc(key)
              ^^^^^^^^^^^^^^^^^^^^^^^^^
  File "/home/tars/Projects/fpl-oracle/venv311/lib/python3.11/site-packages/pandas/core/indexes/range.py", line 417, in get_loc
    raise KeyError(key)
KeyError: 'time'
The current gameweek is:  0
Traceback (most recent call last):
  File "/home/tars/Projects/fpl-oracle/data_v3.py", line 606, in <module>
    df = join_it_all_together()
         ^^^^^^^^^^^^^^^^^^^^^^
  File "/home/tars/Projects/fpl-oracle/data_v3.py", line 472, in join_it_all_together
    df_understat = get_understat_player_stats()
                   ^^^^^^^^^^^^^^^^^^^^^^^^^^^^
  File "/home/tars/Projects/fpl-oracle/data_v3.py", line 263, in get_understat_player_stats
    df_understat[col] = pd.to_numeric(df_understat[col], errors='coerce')
                                      ~~~~~~~~~~~~^^^^^
  File "/home/tars/Projects/fpl-oracle/venv311/lib/python3.11/site-packages/pandas/core/frame.py", line 4113, in __getitem__
    indexer = self.columns.get_loc(key)
              ^^^^^^^^^^^^^^^^^^^^^^^^^
  File "/home/tars/Projects/fpl-oracle/venv311/lib/python3.11/site-packages/pandas/core/indexes/range.py", line 417, in get_loc
    raise KeyError(key)
KeyError: 'time'
The current gameweek is:  0
Traceback (most recent call last):
  File "/home/tars/Projects/fpl-oracle/data_v3.py", line 606, in <module>
    df = join_it_all_together()
         ^^^^^^^^^^^^^^^^^^^^^^
  File "/home/tars/Projects/fpl-oracle/data_v3.py", line 472, in join_it_all_together
    df_understat = get_understat_player_stats()
                   ^^^^^^^^^^^^^^^^^^^^^^^^^^^^
  File "/home/tars/Projects/fpl-oracle/data_v3.py", line 263, in get_understat_player_stats
    df_understat[col] = pd.to_numeric(df_understat[col], errors='coerce')
                                      ~~~~~~~~~~~~^^^^^
  File "/home/tars/Projects/fpl-oracle/venv311/lib/python3.11/site-packages/pandas/core/frame.py", line 4113, in __getitem__
    indexer = self.columns.get_loc(key)
              ^^^^^^^^^^^^^^^^^^^^^^^^^
  File "/home/tars/Projects/fpl-oracle/venv311/lib/python3.11/site-packages/pandas/core/indexes/range.py", line 417, in get_loc
    raise KeyError(key)
KeyError: 'time'
Traceback (most recent call last):
  File "/home/tars/Projects/fpl-oracle/model.py", line 371, in <module>
    gw = int(sys.argv[1])
         ^^^^^^^^^^^^^^^^
ValueError: invalid literal for int() with base 10: '--'
The current gameweek is:  0
Traceback (most recent call last):
  File "/home/tars/Projects/fpl-oracle/data_v3.py", line 606, in <module>
    df = join_it_all_together()
         ^^^^^^^^^^^^^^^^^^^^^^
  File "/home/tars/Projects/fpl-oracle/data_v3.py", line 472, in join_it_all_together
    df_understat = get_understat_player_stats()
                   ^^^^^^^^^^^^^^^^^^^^^^^^^^^^
  File "/home/tars/Projects/fpl-oracle/data_v3.py", line 263, in get_understat_player_stats
    df_understat[col] = pd.to_numeric(df_understat[col], errors='coerce')
                                      ~~~~~~~~~~~~^^^^^
  File "/home/tars/Projects/fpl-oracle/venv311/lib/python3.11/site-packages/pandas/core/frame.py", line 4113, in __getitem__
    indexer = self.columns.get_loc(key)
              ^^^^^^^^^^^^^^^^^^^^^^^^^
  File "/home/tars/Projects/fpl-oracle/venv311/lib/python3.11/site-packages/pandas/core/indexes/range.py", line 417, in get_loc
    raise KeyError(key)
KeyError: 'time'
The current gameweek is:  0
Traceback (most recent call last):
  File "/home/tars/Projects/fpl-oracle/data_v3.py", line 606, in <module>
    df = join_it_all_together()
         ^^^^^^^^^^^^^^^^^^^^^^
  File "/home/tars/Projects/fpl-oracle/data_v3.py", line 472, in join_it_all_together
    df_understat = get_understat_player_stats()
                   ^^^^^^^^^^^^^^^^^^^^^^^^^^^^
  File "/home/tars/Projects/fpl-oracle/data_v3.py", line 263, in get_understat_player_stats
    df_understat[col] = pd.to_numeric(df_understat[col], errors='coerce')
                                      ~~~~~~~~~~~~^^^^^
  File "/home/tars/Projects/fpl-oracle/venv311/lib/python3.11/site-packages/pandas/core/frame.py", line 4113, in __getitem__
    indexer = self.columns.get_loc(key)
              ^^^^^^^^^^^^^^^^^^^^^^^^^
  File "/home/tars/Projects/fpl-oracle/venv311/lib/python3.11/site-packages/pandas/core/indexes/range.py", line 417, in get_loc
    raise KeyError(key)
KeyError: 'time'
The current gameweek is:  0
Traceback (most recent call last):
  File "/home/tars/Projects/fpl-oracle/data_v3.py", line 606, in <module>
    df = join_it_all_together()
         ^^^^^^^^^^^^^^^^^^^^^^
  File "/home/tars/Projects/fpl-oracle/data_v3.py", line 472, in join_it_all_together
    df_understat = get_understat_player_stats()
                   ^^^^^^^^^^^^^^^^^^^^^^^^^^^^
  File "/home/tars/Projects/fpl-oracle/data_v3.py", line 263, in get_understat_player_stats
    df_understat[col] = pd.to_numeric(df_understat[col], errors='coerce')
                                      ~~~~~~~~~~~~^^^^^
  File "/home/tars/Projects/fpl-oracle/venv311/lib/python3.11/site-packages/pandas/core/frame.py", line 4113, in __getitem__
    indexer = self.columns.get_loc(key)
              ^^^^^^^^^^^^^^^^^^^^^^^^^
  File "/home/tars/Projects/fpl-oracle/venv311/lib/python3.11/site-packages/pandas/core/indexes/range.py", line 417, in get_loc
    raise KeyError(key)
KeyError: 'time'
The current gameweek is:  0
Traceback (most recent call last):
  File "/home/tars/Projects/fpl-oracle/data_v3.py", line 606, in <module>
    df = join_it_all_together()
         ^^^^^^^^^^^^^^^^^^^^^^
  File "/home/tars/Projects/fpl-oracle/data_v3.py", line 472, in join_it_all_together
    df_understat = get_understat_player_stats()
                   ^^^^^^^^^^^^^^^^^^^^^^^^^^^^
  File "/home/tars/Projects/fpl-oracle/data_v3.py", line 263, in get_understat_player_stats
    df_understat[col] = pd.to_numeric(df_understat[col], errors='coerce')
                                      ~~~~~~~~~~~~^^^^^
  File "/home/tars/Projects/fpl-oracle/venv311/lib/python3.11/site-packages/pandas/core/frame.py", line 4113, in __getitem__
    indexer = self.columns.get_loc(key)
              ^^^^^^^^^^^^^^^^^^^^^^^^^
  File "/home/tars/Projects/fpl-oracle/venv311/lib/python3.11/site-packages/pandas/core/indexes/range.py", line 417, in get_loc
    raise KeyError(key)
KeyError: 'time'
The current gameweek is:  0
Traceback (most recent call last):
  File "/home/tars/Projects/fpl-oracle/data_v3.py", line 606, in <module>
    df = join_it_all_together()
         ^^^^^^^^^^^^^^^^^^^^^^
  File "/home/tars/Projects/fpl-oracle/data_v3.py", line 472, in join_it_all_together
    df_understat = get_understat_player_stats()
                   ^^^^^^^^^^^^^^^^^^^^^^^^^^^^
  File "/home/tars/Projects/fpl-oracle/data_v3.py", line 263, in get_understat_player_stats
    df_understat[col] = pd.to_numeric(df_understat[col], errors='coerce')
                                      ~~~~~~~~~~~~^^^^^
  File "/home/tars/Projects/fpl-oracle/venv311/lib/python3.11/site-packages/pandas/core/frame.py", line 4113, in __getitem__
    indexer = self.columns.get_loc(key)
              ^^^^^^^^^^^^^^^^^^^^^^^^^
  File "/home/tars/Projects/fpl-oracle/venv311/lib/python3.11/site-packages/pandas/core/indexes/range.py", line 417, in get_loc
    raise KeyError(key)
KeyError: 'time'
The current gameweek is:  0
Traceback (most recent call last):
  File "/home/tars/Projects/fpl-oracle/data_v3.py", line 606, in <module>
    df = join_it_all_together()
         ^^^^^^^^^^^^^^^^^^^^^^
  File "/home/tars/Projects/fpl-oracle/data_v3.py", line 472, in join_it_all_together
    df_understat = get_understat_player_stats()
                   ^^^^^^^^^^^^^^^^^^^^^^^^^^^^
  File "/home/tars/Projects/fpl-oracle/data_v3.py", line 263, in get_understat_player_stats
    df_understat[col] = pd.to_numeric(df_understat[col], errors='coerce')
                                      ~~~~~~~~~~~~^^^^^
  File "/home/tars/Projects/fpl-oracle/venv311/lib/python3.11/site-packages/pandas/core/frame.py", line 4113, in __getitem__
    indexer = self.columns.get_loc(key)
              ^^^^^^^^^^^^^^^^^^^^^^^^^
  File "/home/tars/Projects/fpl-oracle/venv311/lib/python3.11/site-packages/pandas/core/indexes/range.py", line 417, in get_loc
    raise KeyError(key)
KeyError: 'time'
The current gameweek is:  0
Traceback (most recent call last):
  File "/home/tars/Projects/fpl-oracle/data_v3.py", line 606, in <module>
    df = join_it_all_together()
         ^^^^^^^^^^^^^^^^^^^^^^
  File "/home/tars/Projects/fpl-oracle/data_v3.py", line 472, in join_it_all_together
    df_understat = get_understat_player_stats()
                   ^^^^^^^^^^^^^^^^^^^^^^^^^^^^
  File "/home/tars/Projects/fpl-oracle/data_v3.py", line 263, in get_understat_player_stats
    df_understat[col] = pd.to_numeric(df_understat[col], errors='coerce')
                                      ~~~~~~~~~~~~^^^^^
  File "/home/tars/Projects/fpl-oracle/venv311/lib/python3.11/site-packages/pandas/core/frame.py", line 4113, in __getitem__
    indexer = self.columns.get_loc(key)
              ^^^^^^^^^^^^^^^^^^^^^^^^^
  File "/home/tars/Projects/fpl-oracle/venv311/lib/python3.11/site-packages/pandas/core/indexes/range.py", line 417, in get_loc
    raise KeyError(key)
KeyError: 'time'
The current gameweek is:  0
Traceback (most recent call last):
  File "/home/tars/Projects/fpl-oracle/data_v3.py", line 606, in <module>
    df = join_it_all_together()
         ^^^^^^^^^^^^^^^^^^^^^^
  File "/home/tars/Projects/fpl-oracle/data_v3.py", line 472, in join_it_all_together
    df_understat = get_understat_player_stats()
                   ^^^^^^^^^^^^^^^^^^^^^^^^^^^^
  File "/home/tars/Projects/fpl-oracle/data_v3.py", line 263, in get_understat_player_stats
    df_understat[col] = pd.to_numeric(df_understat[col], errors='coerce')
                                      ~~~~~~~~~~~~^^^^^
  File "/home/tars/Projects/fpl-oracle/venv311/lib/python3.11/site-packages/pandas/core/frame.py", line 4113, in __getitem__
    indexer = self.columns.get_loc(key)
              ^^^^^^^^^^^^^^^^^^^^^^^^^
  File "/home/tars/Projects/fpl-oracle/venv311/lib/python3.11/site-packages/pandas/core/indexes/range.py", line 417, in get_loc
    raise KeyError(key)
KeyError: 'time'
The current gameweek is:  0
Traceback (most recent call last):
  File "/home/tars/Projects/fpl-oracle/data_v3.py", line 606, in <module>
    df = join_it_all_together()
         ^^^^^^^^^^^^^^^^^^^^^^
  File "/home/tars/Projects/fpl-oracle/data_v3.py", line 472, in join_it_all_together
    df_understat = get_understat_player_stats()
                   ^^^^^^^^^^^^^^^^^^^^^^^^^^^^
  File "/home/tars/Projects/fpl-oracle/data_v3.py", line 263, in get_understat_player_stats
    df_understat[col] = pd.to_numeric(df_understat[col], errors='coerce')
                                      ~~~~~~~~~~~~^^^^^
  File "/home/tars/Projects/fpl-oracle/venv311/lib/python3.11/site-packages/pandas/core/frame.py", line 4113, in __getitem__
    indexer = self.columns.get_loc(key)
              ^^^^^^^^^^^^^^^^^^^^^^^^^
  File "/home/tars/Projects/fpl-oracle/venv311/lib/python3.11/site-packages/pandas/core/indexes/range.py", line 417, in get_loc
    raise KeyError(key)
KeyError: 'time'
The current gameweek is:  0
Traceback (most recent call last):
  File "/home/tars/Projects/fpl-oracle/data_v3.py", line 606, in <module>
    df = join_it_all_together()
         ^^^^^^^^^^^^^^^^^^^^^^
  File "/home/tars/Projects/fpl-oracle/data_v3.py", line 472, in join_it_all_together
    df_understat = get_understat_player_stats()
                   ^^^^^^^^^^^^^^^^^^^^^^^^^^^^
  File "/home/tars/Projects/fpl-oracle/data_v3.py", line 263, in get_understat_player_stats
    df_understat[col] = pd.to_numeric(df_understat[col], errors='coerce')
                                      ~~~~~~~~~~~~^^^^^
  File "/home/tars/Projects/fpl-oracle/venv311/lib/python3.11/site-packages/pandas/core/frame.py", line 4113, in __getitem__
    indexer = self.columns.get_loc(key)
              ^^^^^^^^^^^^^^^^^^^^^^^^^
  File "/home/tars/Projects/fpl-oracle/venv311/lib/python3.11/site-packages/pandas/core/indexes/range.py", line 417, in get_loc
    raise KeyError(key)
KeyError: 'time'
The current gameweek is:  0
Traceback (most recent call last):
  File "/home/tars/Projects/fpl-oracle/data_v3.py", line 606, in <module>
    df = join_it_all_together()
         ^^^^^^^^^^^^^^^^^^^^^^
  File "/home/tars/Projects/fpl-oracle/data_v3.py", line 472, in join_it_all_together
    df_understat = get_understat_player_stats()
                   ^^^^^^^^^^^^^^^^^^^^^^^^^^^^
  File "/home/tars/Projects/fpl-oracle/data_v3.py", line 263, in get_understat_player_stats
    df_understat[col] = pd.to_numeric(df_understat[col], errors='coerce')
                                      ~~~~~~~~~~~~^^^^^
  File "/home/tars/Projects/fpl-oracle/venv311/lib/python3.11/site-packages/pandas/core/frame.py", line 4113, in __getitem__
    indexer = self.columns.get_loc(key)
              ^^^^^^^^^^^^^^^^^^^^^^^^^
  File "/home/tars/Projects/fpl-oracle/venv311/lib/python3.11/site-packages/pandas/core/indexes/range.py", line 417, in get_loc
    raise KeyError(key)
KeyError: 'time'
Traceback (most recent call last):
  File "/home/tars/Projects/fpl-oracle/model.py", line 371, in <module>
    gw = int(sys.argv[1])
         ^^^^^^^^^^^^^^^^
ValueError: invalid literal for int() with base 10: '--'
The current gameweek is:  0
Traceback (most recent call last):
  File "/home/tars/Projects/fpl-oracle/data_v3.py", line 606, in <module>
    df = join_it_all_together()
         ^^^^^^^^^^^^^^^^^^^^^^
  File "/home/tars/Projects/fpl-oracle/data_v3.py", line 472, in join_it_all_together
    df_understat = get_understat_player_stats()
                   ^^^^^^^^^^^^^^^^^^^^^^^^^^^^
  File "/home/tars/Projects/fpl-oracle/data_v3.py", line 263, in get_understat_player_stats
    df_understat[col] = pd.to_numeric(df_understat[col], errors='coerce')
                                      ~~~~~~~~~~~~^^^^^
  File "/home/tars/Projects/fpl-oracle/venv311/lib/python3.11/site-packages/pandas/core/frame.py", line 4113, in __getitem__
    indexer = self.columns.get_loc(key)
              ^^^^^^^^^^^^^^^^^^^^^^^^^
  File "/home/tars/Projects/fpl-oracle/venv311/lib/python3.11/site-packages/pandas/core/indexes/range.py", line 417, in get_loc
    raise KeyError(key)
KeyError: 'time'
The current gameweek is:  0
Traceback (most recent call last):
  File "/home/tars/Projects/fpl-oracle/data_v3.py", line 606, in <module>
    df = join_it_all_together()
         ^^^^^^^^^^^^^^^^^^^^^^
  File "/home/tars/Projects/fpl-oracle/data_v3.py", line 472, in join_it_all_together
    df_understat = get_understat_player_stats()
                   ^^^^^^^^^^^^^^^^^^^^^^^^^^^^
  File "/home/tars/Projects/fpl-oracle/data_v3.py", line 263, in get_understat_player_stats
    df_understat[col] = pd.to_numeric(df_understat[col], errors='coerce')
                                      ~~~~~~~~~~~~^^^^^
  File "/home/tars/Projects/fpl-oracle/venv311/lib/python3.11/site-packages/pandas/core/frame.py", line 4113, in __getitem__
    indexer = self.columns.get_loc(key)
              ^^^^^^^^^^^^^^^^^^^^^^^^^
  File "/home/tars/Projects/fpl-oracle/venv311/lib/python3.11/site-packages/pandas/core/indexes/range.py", line 417, in get_loc
    raise KeyError(key)
KeyError: 'time'
The current gameweek is:  0
Traceback (most recent call last):
  File "/home/tars/Projects/fpl-oracle/venv311/lib/python3.11/site-packages/urllib3/connection.py", line 169, in _new_conn
    conn = connection.create_connection(
           ^^^^^^^^^^^^^^^^^^^^^^^^^^^^^
  File "/home/tars/Projects/fpl-oracle/venv311/lib/python3.11/site-packages/urllib3/util/connection.py", line 73, in create_connection
    for res in socket.getaddrinfo(host, port, family, socket.SOCK_STREAM):
               ^^^^^^^^^^^^^^^^^^^^^^^^^^^^^^^^^^^^^^^^^^^^^^^^^^^^^^^^^^
  File "/usr/lib/python3.11/socket.py", line 974, in getaddrinfo
    for res in _socket.getaddrinfo(host, port, family, type, proto, flags):
               ^^^^^^^^^^^^^^^^^^^^^^^^^^^^^^^^^^^^^^^^^^^^^^^^^^^^^^^^^^^
socket.gaierror: [Errno -2] Name or service not known

During handling of the above exception, another exception occurred:

Traceback (most recent call last):
  File "/home/tars/Projects/fpl-oracle/venv311/lib/python3.11/site-packages/urllib3/connectionpool.py", line 699, in urlopen
    httplib_response = self._make_request(
                       ^^^^^^^^^^^^^^^^^^^
  File "/home/tars/Projects/fpl-oracle/venv311/lib/python3.11/site-packages/urllib3/connectionpool.py", line 382, in _make_request
    self._validate_conn(conn)
  File "/home/tars/Projects/fpl-oracle/venv311/lib/python3.11/site-packages/urllib3/connectionpool.py", line 1010, in _validate_conn
    conn.connect()
  File "/home/tars/Projects/fpl-oracle/venv311/lib/python3.11/site-packages/urllib3/connection.py", line 353, in connect
    conn = self._new_conn()
           ^^^^^^^^^^^^^^^^
  File "/home/tars/Projects/fpl-oracle/venv311/lib/python3.11/site-packages/urllib3/connection.py", line 181, in _new_conn
    raise NewConnectionError(
urllib3.exceptions.NewConnectionError: <urllib3.connection.HTTPSConnection object at 0x7b3924275310>: Failed to establish a new connection: [Errno -2] Name or service not known

During handling of the above exception, another exception occurred:

Traceback (most recent call last):
  File "/home/tars/Projects/fpl-oracle/venv311/lib/python3.11/site-packages/requests/adapters.py", line 644, in send
    resp = conn.urlopen(
           ^^^^^^^^^^^^^
  File "/home/tars/Projects/fpl-oracle/venv311/lib/python3.11/site-packages/urllib3/connectionpool.py", line 755, in urlopen
    retries = retries.increment(
              ^^^^^^^^^^^^^^^^^^
  File "/home/tars/Projects/fpl-oracle/venv311/lib/python3.11/site-packages/urllib3/util/retry.py", line 574, in increment
    raise MaxRetryError(_pool, url, error or ResponseError(cause))
urllib3.exceptions.MaxRetryError: HTTPSConnectionPool(host='understat.com', port=443): Max retries exceeded with url: /getLeagueData/EPL/2026 (Caused by NewConnectionError('<urllib3.connection.HTTPSConnection object at 0x7b3924275310>: Failed to establish a new connection: [Errno -2] Name or service not known'))

During handling of the above exception, another exception occurred:

Traceback (most recent call last):
  File "/home/tars/Projects/fpl-oracle/data_v3.py", line 606, in <module>
    df = join_it_all_together()
         ^^^^^^^^^^^^^^^^^^^^^^
  File "/home/tars/Projects/fpl-oracle/data_v3.py", line 472, in join_it_all_together
    df_understat = get_understat_player_stats()
                   ^^^^^^^^^^^^^^^^^^^^^^^^^^^^
  File "/home/tars/Projects/fpl-oracle/data_v3.py", line 257, in get_understat_player_stats
    data = understat.league(league="EPL").get_player_data(season=season)
           ^^^^^^^^^^^^^^^^^^^^^^^^^^^^^^^^^^^^^^^^^^^^^^^^^^^^^^^^^^^^^
  File "/home/tars/Projects/fpl-oracle/venv311/lib/python3.11/site-packages/understatapi/endpoints/league.py", line 98, in get_player_data
    data = self._get_data(season=season, **kwargs)
           ^^^^^^^^^^^^^^^^^^^^^^^^^^^^^^^^^^^^^^^
  File "/home/tars/Projects/fpl-oracle/venv311/lib/python3.11/site-packages/understatapi/endpoints/league.py", line 66, in _get_data
    return self._request_ajax(endpoint, **kwargs)
           ^^^^^^^^^^^^^^^^^^^^^^^^^^^^^^^^^^^^^^
  File "/home/tars/Projects/fpl-oracle/venv311/lib/python3.11/site-packages/understatapi/endpoints/base.py", line 96, in _request_ajax
    res = self.session.get(url, headers=headers, **kwargs)
          ^^^^^^^^^^^^^^^^^^^^^^^^^^^^^^^^^^^^^^^^^^^^^^^^
  File "/home/tars/Projects/fpl-oracle/venv311/lib/python3.11/site-packages/requests/sessions.py", line 602, in get
    return self.request("GET", url, **kwargs)
           ^^^^^^^^^^^^^^^^^^^^^^^^^^^^^^^^^^
  File "/home/tars/Projects/fpl-oracle/venv311/lib/python3.11/site-packages/requests/sessions.py", line 589, in request
    resp = self.send(prep, **send_kwargs)
           ^^^^^^^^^^^^^^^^^^^^^^^^^^^^^^
  File "/home/tars/Projects/fpl-oracle/venv311/lib/python3.11/site-packages/requests/sessions.py", line 703, in send
    r = adapter.send(request, **kwargs)
        ^^^^^^^^^^^^^^^^^^^^^^^^^^^^^^^
  File "/home/tars/Projects/fpl-oracle/venv311/lib/python3.11/site-packages/requests/adapters.py", line 677, in send
    raise ConnectionError(e, request=request)
requests.exceptions.ConnectionError: HTTPSConnectionPool(host='understat.com', port=443): Max retries exceeded with url: /getLeagueData/EPL/2026 (Caused by NewConnectionError('<urllib3.connection.HTTPSConnection object at 0x7b3924275310>: Failed to establish a new connection: [Errno -2] Name or service not known'))
The current gameweek is:  0
Traceback (most recent call last):
  File "/home/tars/Projects/fpl-oracle/data_v3.py", line 606, in <module>
    df = join_it_all_together()
         ^^^^^^^^^^^^^^^^^^^^^^
  File "/home/tars/Projects/fpl-oracle/data_v3.py", line 472, in join_it_all_together
    df_understat = get_understat_player_stats()
                   ^^^^^^^^^^^^^^^^^^^^^^^^^^^^
  File "/home/tars/Projects/fpl-oracle/data_v3.py", line 263, in get_understat_player_stats
    df_understat[col] = pd.to_numeric(df_understat[col], errors='coerce')
                                      ~~~~~~~~~~~~^^^^^
  File "/home/tars/Projects/fpl-oracle/venv311/lib/python3.11/site-packages/pandas/core/frame.py", line 4113, in __getitem__
    indexer = self.columns.get_loc(key)
              ^^^^^^^^^^^^^^^^^^^^^^^^^
  File "/home/tars/Projects/fpl-oracle/venv311/lib/python3.11/site-packages/pandas/core/indexes/range.py", line 417, in get_loc
    raise KeyError(key)
KeyError: 'time'
The current gameweek is:  0
Traceback (most recent call last):
  File "/home/tars/Projects/fpl-oracle/data_v3.py", line 606, in <module>
    df = join_it_all_together()
         ^^^^^^^^^^^^^^^^^^^^^^
  File "/home/tars/Projects/fpl-oracle/data_v3.py", line 472, in join_it_all_together
    df_understat = get_understat_player_stats()
                   ^^^^^^^^^^^^^^^^^^^^^^^^^^^^
  File "/home/tars/Projects/fpl-oracle/data_v3.py", line 263, in get_understat_player_stats
    df_understat[col] = pd.to_numeric(df_understat[col], errors='coerce')
                                      ~~~~~~~~~~~~^^^^^
  File "/home/tars/Projects/fpl-oracle/venv311/lib/python3.11/site-packages/pandas/core/frame.py", line 4113, in __getitem__
    indexer = self.columns.get_loc(key)
              ^^^^^^^^^^^^^^^^^^^^^^^^^
  File "/home/tars/Projects/fpl-oracle/venv311/lib/python3.11/site-packages/pandas/core/indexes/range.py", line 417, in get_loc
    raise KeyError(key)
KeyError: 'time'
The current gameweek is:  0
Traceback (most recent call last):
  File "/home/tars/Projects/fpl-oracle/data_v3.py", line 606, in <module>
    df = join_it_all_together()
         ^^^^^^^^^^^^^^^^^^^^^^
  File "/home/tars/Projects/fpl-oracle/data_v3.py", line 472, in join_it_all_together
    df_understat = get_understat_player_stats()
                   ^^^^^^^^^^^^^^^^^^^^^^^^^^^^
  File "/home/tars/Projects/fpl-oracle/data_v3.py", line 263, in get_understat_player_stats
    df_understat[col] = pd.to_numeric(df_understat[col], errors='coerce')
                                      ~~~~~~~~~~~~^^^^^
  File "/home/tars/Projects/fpl-oracle/venv311/lib/python3.11/site-packages/pandas/core/frame.py", line 4113, in __getitem__
    indexer = self.columns.get_loc(key)
              ^^^^^^^^^^^^^^^^^^^^^^^^^
  File "/home/tars/Projects/fpl-oracle/venv311/lib/python3.11/site-packages/pandas/core/indexes/range.py", line 417, in get_loc
    raise KeyError(key)
KeyError: 'time'
The current gameweek is:  0
Traceback (most recent call last):
  File "/home/tars/Projects/fpl-oracle/data_v3.py", line 606, in <module>
    df = join_it_all_together()
         ^^^^^^^^^^^^^^^^^^^^^^
  File "/home/tars/Projects/fpl-oracle/data_v3.py", line 472, in join_it_all_together
    df_understat = get_understat_player_stats()
                   ^^^^^^^^^^^^^^^^^^^^^^^^^^^^
  File "/home/tars/Projects/fpl-oracle/data_v3.py", line 263, in get_understat_player_stats
    df_understat[col] = pd.to_numeric(df_understat[col], errors='coerce')
                                      ~~~~~~~~~~~~^^^^^
  File "/home/tars/Projects/fpl-oracle/venv311/lib/python3.11/site-packages/pandas/core/frame.py", line 4113, in __getitem__
    indexer = self.columns.get_loc(key)
              ^^^^^^^^^^^^^^^^^^^^^^^^^
  File "/home/tars/Projects/fpl-oracle/venv311/lib/python3.11/site-packages/pandas/core/indexes/range.py", line 417, in get_loc
    raise KeyError(key)
KeyError: 'time'
The current gameweek is:  0
Traceback (most recent call last):
  File "/home/tars/Projects/fpl-oracle/data_v3.py", line 606, in <module>
    df = join_it_all_together()
         ^^^^^^^^^^^^^^^^^^^^^^
  File "/home/tars/Projects/fpl-oracle/data_v3.py", line 472, in join_it_all_together
    df_understat = get_understat_player_stats()
                   ^^^^^^^^^^^^^^^^^^^^^^^^^^^^
  File "/home/tars/Projects/fpl-oracle/data_v3.py", line 263, in get_understat_player_stats
    df_understat[col] = pd.to_numeric(df_understat[col], errors='coerce')
                                      ~~~~~~~~~~~~^^^^^
  File "/home/tars/Projects/fpl-oracle/venv311/lib/python3.11/site-packages/pandas/core/frame.py", line 4113, in __getitem__
    indexer = self.columns.get_loc(key)
              ^^^^^^^^^^^^^^^^^^^^^^^^^
  File "/home/tars/Projects/fpl-oracle/venv311/lib/python3.11/site-packages/pandas/core/indexes/range.py", line 417, in get_loc
    raise KeyError(key)
KeyError: 'time'
The current gameweek is:  0
Traceback (most recent call last):
  File "/home/tars/Projects/fpl-oracle/data_v3.py", line 606, in <module>
    df = join_it_all_together()
         ^^^^^^^^^^^^^^^^^^^^^^
  File "/home/tars/Projects/fpl-oracle/data_v3.py", line 472, in join_it_all_together
    df_understat = get_understat_player_stats()
                   ^^^^^^^^^^^^^^^^^^^^^^^^^^^^
  File "/home/tars/Projects/fpl-oracle/data_v3.py", line 263, in get_understat_player_stats
    df_understat[col] = pd.to_numeric(df_understat[col], errors='coerce')
                                      ~~~~~~~~~~~~^^^^^
  File "/home/tars/Projects/fpl-oracle/venv311/lib/python3.11/site-packages/pandas/core/frame.py", line 4113, in __getitem__
    indexer = self.columns.get_loc(key)
              ^^^^^^^^^^^^^^^^^^^^^^^^^
  File "/home/tars/Projects/fpl-oracle/venv311/lib/python3.11/site-packages/pandas/core/indexes/range.py", line 417, in get_loc
    raise KeyError(key)
KeyError: 'time'
The current gameweek is:  0
Traceback (most recent call last):
  File "/home/tars/Projects/fpl-oracle/data_v3.py", line 606, in <module>
    df = join_it_all_together()
         ^^^^^^^^^^^^^^^^^^^^^^
  File "/home/tars/Projects/fpl-oracle/data_v3.py", line 472, in join_it_all_together
    df_understat = get_understat_player_stats()
                   ^^^^^^^^^^^^^^^^^^^^^^^^^^^^
  File "/home/tars/Projects/fpl-oracle/data_v3.py", line 263, in get_understat_player_stats
    df_understat[col] = pd.to_numeric(df_understat[col], errors='coerce')
                                      ~~~~~~~~~~~~^^^^^
  File "/home/tars/Projects/fpl-oracle/venv311/lib/python3.11/site-packages/pandas/core/frame.py", line 4113, in __getitem__
    indexer = self.columns.get_loc(key)
              ^^^^^^^^^^^^^^^^^^^^^^^^^
  File "/home/tars/Projects/fpl-oracle/venv311/lib/python3.11/site-packages/pandas/core/indexes/range.py", line 417, in get_loc
    raise KeyError(key)
KeyError: 'time'
The current gameweek is:  0
Traceback (most recent call last):
  File "/home/tars/Projects/fpl-oracle/data_v3.py", line 606, in <module>
    df = join_it_all_together()
         ^^^^^^^^^^^^^^^^^^^^^^
  File "/home/tars/Projects/fpl-oracle/data_v3.py", line 472, in join_it_all_together
    df_understat = get_understat_player_stats()
                   ^^^^^^^^^^^^^^^^^^^^^^^^^^^^
  File "/home/tars/Projects/fpl-oracle/data_v3.py", line 263, in get_understat_player_stats
    df_understat[col] = pd.to_numeric(df_understat[col], errors='coerce')
                                      ~~~~~~~~~~~~^^^^^
  File "/home/tars/Projects/fpl-oracle/venv311/lib/python3.11/site-packages/pandas/core/frame.py", line 4113, in __getitem__
    indexer = self.columns.get_loc(key)
              ^^^^^^^^^^^^^^^^^^^^^^^^^
  File "/home/tars/Projects/fpl-oracle/venv311/lib/python3.11/site-packages/pandas/core/indexes/range.py", line 417, in get_loc
    raise KeyError(key)
KeyError: 'time'
Traceback (most recent call last):
  File "/home/tars/Projects/fpl-oracle/model.py", line 371, in <module>
    gw = int(sys.argv[1])
         ^^^^^^^^^^^^^^^^
ValueError: invalid literal for int() with base 10: '--'
The current gameweek is:  0
Traceback (most recent call last):
  File "/home/tars/Projects/fpl-oracle/data_v3.py", line 606, in <module>
    df = join_it_all_together()
         ^^^^^^^^^^^^^^^^^^^^^^
  File "/home/tars/Projects/fpl-oracle/data_v3.py", line 472, in join_it_all_together
    df_understat = get_understat_player_stats()
                   ^^^^^^^^^^^^^^^^^^^^^^^^^^^^
  File "/home/tars/Projects/fpl-oracle/data_v3.py", line 263, in get_understat_player_stats
    df_understat[col] = pd.to_numeric(df_understat[col], errors='coerce')
                                      ~~~~~~~~~~~~^^^^^
  File "/home/tars/Projects/fpl-oracle/venv311/lib/python3.11/site-packages/pandas/core/frame.py", line 4113, in __getitem__
    indexer = self.columns.get_loc(key)
              ^^^^^^^^^^^^^^^^^^^^^^^^^
  File "/home/tars/Projects/fpl-oracle/venv311/lib/python3.11/site-packages/pandas/core/indexes/range.py", line 417, in get_loc
    raise KeyError(key)
KeyError: 'time'
The current gameweek is:  0
Traceback (most recent call last):
  File "/home/tars/Projects/fpl-oracle/data_v3.py", line 606, in <module>
    df = join_it_all_together()
         ^^^^^^^^^^^^^^^^^^^^^^
  File "/home/tars/Projects/fpl-oracle/data_v3.py", line 472, in join_it_all_together
    df_understat = get_understat_player_stats()
                   ^^^^^^^^^^^^^^^^^^^^^^^^^^^^
  File "/home/tars/Projects/fpl-oracle/data_v3.py", line 263, in get_understat_player_stats
    df_understat[col] = pd.to_numeric(df_understat[col], errors='coerce')
                                      ~~~~~~~~~~~~^^^^^
  File "/home/tars/Projects/fpl-oracle/venv311/lib/python3.11/site-packages/pandas/core/frame.py", line 4113, in __getitem__
    indexer = self.columns.get_loc(key)
              ^^^^^^^^^^^^^^^^^^^^^^^^^
  File "/home/tars/Projects/fpl-oracle/venv311/lib/python3.11/site-packages/pandas/core/indexes/range.py", line 417, in get_loc
    raise KeyError(key)
KeyError: 'time'
The current gameweek is:  0
Traceback (most recent call last):
  File "/home/tars/Projects/fpl-oracle/data_v3.py", line 606, in <module>
    df = join_it_all_together()
         ^^^^^^^^^^^^^^^^^^^^^^
  File "/home/tars/Projects/fpl-oracle/data_v3.py", line 472, in join_it_all_together
    df_understat = get_understat_player_stats()
                   ^^^^^^^^^^^^^^^^^^^^^^^^^^^^
  File "/home/tars/Projects/fpl-oracle/data_v3.py", line 263, in get_understat_player_stats
    df_understat[col] = pd.to_numeric(df_understat[col], errors='coerce')
                                      ~~~~~~~~~~~~^^^^^
  File "/home/tars/Projects/fpl-oracle/venv311/lib/python3.11/site-packages/pandas/core/frame.py", line 4113, in __getitem__
    indexer = self.columns.get_loc(key)
              ^^^^^^^^^^^^^^^^^^^^^^^^^
  File "/home/tars/Projects/fpl-oracle/venv311/lib/python3.11/site-packages/pandas/core/indexes/range.py", line 417, in get_loc
    raise KeyError(key)
KeyError: 'time'
The current gameweek is:  0
Traceback (most recent call last):
  File "/home/tars/Projects/fpl-oracle/data_v3.py", line 606, in <module>
    df = join_it_all_together()
         ^^^^^^^^^^^^^^^^^^^^^^
  File "/home/tars/Projects/fpl-oracle/data_v3.py", line 472, in join_it_all_together
    df_understat = get_understat_player_stats()
                   ^^^^^^^^^^^^^^^^^^^^^^^^^^^^
  File "/home/tars/Projects/fpl-oracle/data_v3.py", line 263, in get_understat_player_stats
    df_understat[col] = pd.to_numeric(df_understat[col], errors='coerce')
                                      ~~~~~~~~~~~~^^^^^
  File "/home/tars/Projects/fpl-oracle/venv311/lib/python3.11/site-packages/pandas/core/frame.py", line 4113, in __getitem__
    indexer = self.columns.get_loc(key)
              ^^^^^^^^^^^^^^^^^^^^^^^^^
  File "/home/tars/Projects/fpl-oracle/venv311/lib/python3.11/site-packages/pandas/core/indexes/range.py", line 417, in get_loc
    raise KeyError(key)
KeyError: 'time'
The current gameweek is:  0
Traceback (most recent call last):
  File "/home/tars/Projects/fpl-oracle/data_v3.py", line 606, in <module>
    df = join_it_all_together()
         ^^^^^^^^^^^^^^^^^^^^^^
  File "/home/tars/Projects/fpl-oracle/data_v3.py", line 472, in join_it_all_together
    df_understat = get_understat_player_stats()
                   ^^^^^^^^^^^^^^^^^^^^^^^^^^^^
  File "/home/tars/Projects/fpl-oracle/data_v3.py", line 263, in get_understat_player_stats
    df_understat[col] = pd.to_numeric(df_understat[col], errors='coerce')
                                      ~~~~~~~~~~~~^^^^^
  File "/home/tars/Projects/fpl-oracle/venv311/lib/python3.11/site-packages/pandas/core/frame.py", line 4113, in __getitem__
    indexer = self.columns.get_loc(key)
              ^^^^^^^^^^^^^^^^^^^^^^^^^
  File "/home/tars/Projects/fpl-oracle/venv311/lib/python3.11/site-packages/pandas/core/indexes/range.py", line 417, in get_loc
    raise KeyError(key)
KeyError: 'time'
The current gameweek is:  0
Traceback (most recent call last):
  File "/home/tars/Projects/fpl-oracle/data_v3.py", line 606, in <module>
    df = join_it_all_together()
         ^^^^^^^^^^^^^^^^^^^^^^
  File "/home/tars/Projects/fpl-oracle/data_v3.py", line 472, in join_it_all_together
    df_understat = get_understat_player_stats()
                   ^^^^^^^^^^^^^^^^^^^^^^^^^^^^
  File "/home/tars/Projects/fpl-oracle/data_v3.py", line 263, in get_understat_player_stats
    df_understat[col] = pd.to_numeric(df_understat[col], errors='coerce')
                                      ~~~~~~~~~~~~^^^^^
  File "/home/tars/Projects/fpl-oracle/venv311/lib/python3.11/site-packages/pandas/core/frame.py", line 4113, in __getitem__
    indexer = self.columns.get_loc(key)
              ^^^^^^^^^^^^^^^^^^^^^^^^^
  File "/home/tars/Projects/fpl-oracle/venv311/lib/python3.11/site-packages/pandas/core/indexes/range.py", line 417, in get_loc
    raise KeyError(key)
KeyError: 'time'
Next gameweek to predict: 1
Last finished gameweek: 0
X_1.csv already up to date.
Next gameweek to predict: 1
Last finished gameweek: 0
X_1.csv already up to date.
Next gameweek to predict: 1
Last finished gameweek: 0
X_1.csv already up to date.
Next gameweek to predict: 1
Last finished gameweek: 0
X_1.csv already up to date.
Next gameweek to predict: 1
Last finished gameweek: 0
X_1.csv already up to date.
Traceback (most recent call last):
  File "/home/tars/Projects/fpl-oracle/model.py", line 384, in <module>
    gw = int(sys.argv[1])
         ^^^^^^^^^^^^^^^^
ValueError: invalid literal for int() with base 10: '--'
Up to date (next GW 1, finished 0)
Up to date (next GW 1, finished 0)
Up to date (next GW 1, finished 0)
Up to date (next GW 1, finished 0)
Up to date (next GW 1, finished 0)
Up to date (next GW 1, finished 0)
Up to date (next GW 1, finished 0)
Up to date (next GW 1, finished 0)
Up to date (next GW 1, finished 0)
Up to date (next GW 1, finished 0)
Up to date (next GW 1, finished 0)
Up to date (next GW 1, finished 0)
Up to date (next GW 1, finished 0)
Up to date (next GW 1, finished 0)
Up to date (next GW 1, finished 0)
Up to date (next GW 1, finished 0)
Up to date (next GW 1, finished 0)
Up to date (next GW 1, finished 0)
Up to date (next GW 1, finished 0)
Up to date (next GW 1, finished 0)
Up to date (next GW 1, finished 0)
Up to date (next GW 1, finished 0)
Up to date (next GW 1, finished 0)
Up to date (next GW 1, finished 0)
Up to date (next GW 1, finished 0)
Up to date (next GW 1, finished 0)
Up to date (next GW 1, finished 0)
Up to date (next GW 1, finished 0)
Up to date (next GW 1, finished 0)
Up to date (next GW 1, finished 0)
Up to date (next GW 1, finished 0)
Up to date (next GW 2, finished 0)
Up to date (next GW 2, finished 0)
Up to date (next GW 2, finished 0)
Up to date (next GW 2, finished 0)
Up to date (next GW 2, finished 0)
Up to date (next GW 2, finished 0)
Up to date (next GW 2, finished 0)
Up to date (next GW 2, finished 0)
Up to date (next GW 2, finished 0)
Up to date (next GW 2, finished 0)
Up to date (next GW 2, finished 0)
Up to date (next GW 2, finished 0)
Up to date (next GW 2, finished 0)
Up to date (next GW 2, finished 0)
Up to date (next GW 2, finished 0)
Up to date (next GW 2, finished 0)
Up to date (next GW 2, finished 0)
Up to date (next GW 2, finished 0)
Up to date (next GW 2, finished 0)
Up to date (next GW 2, finished 0)
Up to date (next GW 2, finished 0)
Up to date (next GW 2, finished 0)
Up to date (next GW 2, finished 0)
Up to date (next GW 2, finished 0)
Up to date (next GW 2, finished 0)
Up to date (next GW 2, finished 0)
Up to date (next GW 2, finished 0)
Up to date (next GW 2, finished 0)
Up to date (next GW 2, finished 0)
Up to date (next GW 2, finished 0)
Up to date (next GW 2, finished 0)
Up to date (next GW 2, finished 0)
Up to date (next GW 2, finished 0)
Up to date (next GW 2, finished 0)
Up to date (next GW 2, finished 0)
Up to date (next GW 2, finished 0)
Up to date (next GW 2, finished 0)
Up to date (next GW 2, finished 0)
Up to date (next GW 2, finished 0)
Up to date (next GW 2, finished 0)
Up to date (next GW 2, finished 0)
Up to date (next GW 2, finished 0)
Up to date (next GW 2, finished 0)
Up to date (next GW 2, finished 0)
Up to date (next GW 2, finished 0)
Up to date (next GW 2, finished 0)
Up to date (next GW 2, finished 0)
Up to date (next GW 2, finished 0)
Up to date (next GW 2, finished 0)
Up to date (next GW 2, finished 0)
Up to date (next GW 2, finished 0)
Up to date (next GW 2, finished 0)
Up to date (next GW 2, finished 0)
Up to date (next GW 2, finished 0)
Up to date (next GW 2, finished 0)
Up to date (next GW 2, finished 0)
Up to date (next GW 2, finished 0)
Up to date (next GW 2, finished 0)
Up to date (next GW 2, finished 0)
Up to date (next GW 2, finished 0)
Up to date (next GW 2, finished 0)
Up to date (next GW 2, finished 0)
Up to date (next GW 2, finished 0)
Up to date (next GW 2, finished 0)
Up to date (next GW 2, finished 0)
Up to date (next GW 2, finished 0)
Up to date (next GW 2, finished 0)
Up to date (next GW 2, finished 0)
Up to date (next GW 2, finished 0)
Up to date (next GW 2, finished 0)
Up to date (next GW 2, finished 0)
Up to date (next GW 2, finished 0)
Up to date (next GW 2, finished 0)
Up to date (next GW 2, finished 0)
Up to date (next GW 2, finished 0)
Up to date (next GW 2, finished 0)
Up to date (next GW 2, finished 0)
Up to date (next GW 2, finished 0)
Up to date (next GW 2, finished 0)
Up to date (next GW 2, finished 0)
Up to date (next GW 2, finished 0)
Up to date (next GW 2, finished 0)
Up to date (next GW 2, finished 0)
Up to date (next GW 2, finished 0)
Up to date (next GW 2, finished 0)
Up to date (next GW 2, finished 0)
Up to date (next GW 2, finished 0)
Up to date (next GW 2, finished 0)
Up to date (next GW 2, finished 0)
Up to date (next GW 2, finished 0)
Up to date (next GW 2, finished 0)
Up to date (next GW 2, finished 0)
Up to date (next GW 2, finished 0)
Up to date (next GW 2, finished 0)
Up to date (next GW 2, finished 0)
Up to date (next GW 2, finished 0)
Up to date (next GW 2, finished 0)
Up to date (next GW 2, finished 0)
Up to date (next GW 2, finished 0)
Up to date (next GW 2, finished 0)
Up to date (next GW 2, finished 0)
Up to date (next GW 2, finished 0)
Up to date (next GW 2, finished 0)
Up to date (next GW 2, finished 0)
Up to date (next GW 2, finished 0)
Up to date (next GW 2, finished 0)
Up to date (next GW 2, finished 0)
Up to date (next GW 2, finished 0)
Up to date (next GW 2, finished 0)
Up to date (next GW 2, finished 0)
Up to date (next GW 2, finished 0)
Up to date (next GW 2, finished 0)
Up to date (next GW 2, finished 0)
Up to date (next GW 2, finished 0)
Up to date (next GW 2, finished 0)
Up to date (next GW 2, finished 0)
Up to date (next GW 2, finished 0)
Up to date (next GW 2, finished 0)
Up to date (next GW 2, finished 0)
Up to date (next GW 2, finished 0)
Up to date (next GW 2, finished 0)
Up to date (next GW 2, finished 0)
Up to date (next GW 2, finished 0)
Up to date (next GW 2, finished 0)
Up to date (next GW 2, finished 0)
Up to date (next GW 2, finished 0)
Up to date (next GW 2, finished 0)
Up to date (next GW 2, finished 0)
Up to date (next GW 2, finished 0)
Up to date (next GW 2, finished 0)
Up to date (next GW 2, finished 0)
Up to date (next GW 2, finished 0)
Up to date (next GW 2, finished 0)
Up to date (next GW 2, finished 0)
Up to date (next GW 2, finished 0)
Up to date (next GW 2, finished 0)
Up to date (next GW 2, finished 0)
Up to date (next GW 2, finished 0)
Up to date (next GW 2, finished 0)
Up to date (next GW 2, finished 0)
Up to date (next GW 2, finished 0)
Up to date (next GW 2, finished 0)
Up to date (next GW 2, finished 0)
Up to date (next GW 2, finished 0)
Up to date (next GW 2, finished 0)
Up to date (next GW 2, finished 0)
Up to date (next GW 2, finished 0)
Up to date (next GW 2, finished 0)
Up to date (next GW 2, finished 0)
Up to date (next GW 2, finished 0)
Up to date (next GW 2, finished 0)
Up to date (next GW 2, finished 0)
Up to date (next GW 2, finished 0)
Up to date (next GW 2, finished 0)
Wrote /home/tars/Projects/fpl-oracle/site/data/myteam.json (Mo Salad, GW 1)
Up to date (next GW 2, finished 1)
Wrote /home/tars/Projects/fpl-oracle/site/data/myteam.json (Mo Salad, GW 1)
Up to date (next GW 2, finished 1)
Wrote /home/tars/Projects/fpl-oracle/site/data/myteam.json (Mo Salad, GW 1)
Up to date (next GW 2, finished 1)
Wrote /home/tars/Projects/fpl-oracle/site/data/myteam.json (Mo Salad, GW 1)
Up to date (next GW 2, finished 1)
Wrote /home/tars/Projects/fpl-oracle/site/data/myteam.json (Mo Salad, GW 1)
Up to date (next GW 2, finished 1)
Wrote /home/tars/Projects/fpl-oracle/site/data/myteam.json (Mo Salad, GW 1)
Up to date (next GW 2, finished 1)
Wrote /home/tars/Projects/fpl-oracle/site/data/myteam.json (Mo Salad, GW 1)
Up to date (next GW 2, finished 1)
Wrote /home/tars/Projects/fpl-oracle/site/data/myteam.json (Mo Salad, GW 1)
Up to date (next GW 2, finished 1)
Wrote /home/tars/Projects/fpl-oracle/site/data/myteam.json (Mo Salad, GW 1)
Up to date (next GW 2, finished 1)
Wrote /home/tars/Projects/fpl-oracle/site/data/myteam.json (Mo Salad, GW 1)
Up to date (next GW 2, finished 1)
Wrote /home/tars/Projects/fpl-oracle/site/data/myteam.json (Mo Salad, GW 1)
Up to date (next GW 2, finished 1)
Wrote /home/tars/Projects/fpl-oracle/site/data/myteam.json (Mo Salad, GW 1)
Up to date (next GW 2, finished 1)
Wrote /home/tars/Projects/fpl-oracle/site/data/myteam.json (Mo Salad, GW 1)
Up to date (next GW 2, finished 1)
Wrote /home/tars/Projects/fpl-oracle/site/data/myteam.json (Mo Salad, GW 1)
Up to date (next GW 2, finished 1)
Wrote /home/tars/Projects/fpl-oracle/site/data/myteam.json (Mo Salad, GW 1)
Up to date (next GW 2, finished 1)
Wrote /home/tars/Projects/fpl-oracle/site/data/myteam.json (Mo Salad, GW 1)
Up to date (next GW 2, finished 1)
Wrote /home/tars/Projects/fpl-oracle/site/data/myteam.json (Mo Salad, GW 1)
Up to date (next GW 2, finished 1)
Wrote /home/tars/Projects/fpl-oracle/site/data/myteam.json (Mo Salad, GW 1)
Up to date (next GW 2, finished 1)
Wrote /home/tars/Projects/fpl-oracle/site/data/myteam.json (Mo Salad, GW 1)
Up to date (next GW 2, finished 1)
Wrote /home/tars/Projects/fpl-oracle/site/data/myteam.json (Mo Salad, GW 1)
Up to date (next GW 2, finished 1)
Wrote /home/tars/Projects/fpl-oracle/site/data/myteam.json (Mo Salad, GW 1)
Up to date (next GW 2, finished 1)
Wrote /home/tars/Projects/fpl-oracle/site/data/myteam.json (Mo Salad, GW 1)
Up to date (next GW 2, finished 1)
Wrote /home/tars/Projects/fpl-oracle/site/data/myteam.json (Mo Salad, GW 1)
Up to date (next GW 2, finished 1)
Wrote /home/tars/Projects/fpl-oracle/site/data/myteam.json (Mo Salad, GW 1)
Up to date (next GW 2, finished 1)
Wrote /home/tars/Projects/fpl-oracle/site/data/myteam.json (Mo Salad, GW 1)
Up to date (next GW 2, finished 1)
Wrote /home/tars/Projects/fpl-oracle/site/data/myteam.json (Mo Salad, GW 1)
Up to date (next GW 2, finished 1)
Wrote /home/tars/Projects/fpl-oracle/site/data/myteam.json (Mo Salad, GW 1)
Up to date (next GW 2, finished 1)
Wrote /home/tars/Projects/fpl-oracle/site/data/myteam.json (Mo Salad, GW 1)
Up to date (next GW 2, finished 1)
Wrote /home/tars/Projects/fpl-oracle/site/data/myteam.json (Mo Salad, GW 1)
Up to date (next GW 2, finished 1)
Wrote /home/tars/Projects/fpl-oracle/site/data/myteam.json (Mo Salad, GW 1)
Up to date (next GW 2, finished 1)
Wrote /home/tars/Projects/fpl-oracle/site/data/myteam.json (Mo Salad, GW 1)
Up to date (next GW 2, finished 1)
Wrote /home/tars/Projects/fpl-oracle/site/data/myteam.json (Mo Salad, GW 1)
Up to date (next GW 2, finished 1)
Wrote /home/tars/Projects/fpl-oracle/site/data/myteam.json (Mo Salad, GW 1)
Up to date (next GW 2, finished 1)
Wrote /home/tars/Projects/fpl-oracle/site/data/myteam.json (Mo Salad, GW 1)
Up to date (next GW 2, finished 1)
Wrote /home/tars/Projects/fpl-oracle/site/data/myteam.json (Mo Salad, GW 1)
Up to date (next GW 2, finished 1)
Wrote /home/tars/Projects/fpl-oracle/site/data/myteam.json (Mo Salad, GW 1)
Up to date (next GW 2, finished 1)
Wrote /home/tars/Projects/fpl-oracle/site/data/myteam.json (Mo Salad, GW 1)
Up to date (next GW 2, finished 1)
Wrote /home/tars/Projects/fpl-oracle/site/data/myteam.json (Mo Salad, GW 1)
Up to date (next GW 2, finished 1)
Wrote /home/tars/Projects/fpl-oracle/site/data/myteam.json (Mo Salad, GW 1)
Up to date (next GW 2, finished 1)
Wrote /home/tars/Projects/fpl-oracle/site/data/myteam.json (Mo Salad, GW 1)
Up to date (next GW 2, finished 1)
Wrote /home/tars/Projects/fpl-oracle/site/data/myteam.json (Mo Salad, GW 1)
Up to date (next GW 2, finished 1)
Wrote /home/tars/Projects/fpl-oracle/site/data/myteam.json (Mo Salad, GW 1)
Up to date (next GW 2, finished 1)
Wrote /home/tars/Projects/fpl-oracle/site/data/myteam.json (Mo Salad, GW 1)
Up to date (next GW 2, finished 1)
Wrote /home/tars/Projects/fpl-oracle/site/data/myteam.json (Mo Salad, GW 1)
Up to date (next GW 2, finished 1)
Wrote /home/tars/Projects/fpl-oracle/site/data/myteam.json (Mo Salad, GW 1)
Up to date (next GW 2, finished 1)
Wrote /home/tars/Projects/fpl-oracle/site/data/myteam.json (Mo Salad, GW 1)
Up to date (next GW 2, finished 1)
Wrote /home/tars/Projects/fpl-oracle/site/data/myteam.json (Mo Salad, GW 1)
Up to date (next GW 2, finished 1)
Wrote /home/tars/Projects/fpl-oracle/site/data/myteam.json (Mo Salad, GW 1)
Up to date (next GW 2, finished 1)
Wrote /home/tars/Projects/fpl-oracle/site/data/myteam.json (Mo Salad, GW 1)
Up to date (next GW 2, finished 1)
Wrote /home/tars/Projects/fpl-oracle/site/data/myteam.json (Mo Salad, GW 1)
Up to date (next GW 2, finished 1)
Wrote /home/tars/Projects/fpl-oracle/site/data/myteam.json (Mo Salad, GW 1)
Up to date (next GW 2, finished 1)
Wrote /home/tars/Projects/fpl-oracle/site/data/myteam.json (Mo Salad, GW 1)
Up to date (next GW 2, finished 1)
Wrote /home/tars/Projects/fpl-oracle/site/data/myteam.json (Mo Salad, GW 1)
Up to date (next GW 2, finished 1)
Wrote /home/tars/Projects/fpl-oracle/site/data/myteam.json (Mo Salad, GW 1)
Up to date (next GW 2, finished 1)
Wrote /home/tars/Projects/fpl-oracle/site/data/myteam.json (Mo Salad, GW 1)
Up to date (next GW 2, finished 1)
Wrote /home/tars/Projects/fpl-oracle/site/data/myteam.json (Mo Salad, GW 1)
Up to date (next GW 2, finished 1)
Wrote /home/tars/Projects/fpl-oracle/site/data/myteam.json (Mo Salad, GW 1)
Up to date (next GW 2, finished 1)
Wrote /home/tars/Projects/fpl-oracle/site/data/myteam.json (Mo Salad, GW 1)
Up to date (next GW 2, finished 1)
Wrote /home/tars/Projects/fpl-oracle/site/data/myteam.json (Mo Salad, GW 1)
Up to date (next GW 2, finished 1)
Wrote /home/tars/Projects/fpl-oracle/site/data/myteam.json (Mo Salad, GW 1)
Up to date (next GW 2, finished 1)
Wrote /home/tars/Projects/fpl-oracle/site/data/myteam.json (Mo Salad, GW 1)
Up to date (next GW 2, finished 1)
Wrote /home/tars/Projects/fpl-oracle/site/data/myteam.json (Mo Salad, GW 1)
Up to date (next GW 2, finished 1)
Wrote /home/tars/Projects/fpl-oracle/site/data/myteam.json (Mo Salad, GW 1)
Up to date (next GW 2, finished 1)
Wrote /home/tars/Projects/fpl-oracle/site/data/myteam.json (Mo Salad, GW 1)
Up to date (next GW 2, finished 1)
Wrote /home/tars/Projects/fpl-oracle/site/data/myteam.json (Mo Salad, GW 1)
Up to date (next GW 2, finished 1)
Wrote /home/tars/Projects/fpl-oracle/site/data/myteam.json (Mo Salad, GW 1)
Up to date (next GW 2, finished 1)
Wrote /home/tars/Projects/fpl-oracle/site/data/myteam.json (Mo Salad, GW 1)
Up to date (next GW 2, finished 1)
Wrote /home/tars/Projects/fpl-oracle/site/data/myteam.json (Mo Salad, GW 1)
Up to date (next GW 2, finished 1)
Wrote /home/tars/Projects/fpl-oracle/site/data/myteam.json (Mo Salad, GW 1)
Up to date (next GW 2, finished 1)
Wrote /home/tars/Projects/fpl-oracle/site/data/myteam.json (Mo Salad, GW 1)
Up to date (next GW 2, finished 1)
Wrote /home/tars/Projects/fpl-oracle/site/data/myteam.json (Mo Salad, GW 1)
Up to date (next GW 2, finished 1)
Wrote /home/tars/Projects/fpl-oracle/site/data/myteam.json (Mo Salad, GW 1)
Up to date (next GW 2, finished 1)
Wrote /home/tars/Projects/fpl-oracle/site/data/myteam.json (Mo Salad, GW 1)
Up to date (next GW 2, finished 1)
Wrote /home/tars/Projects/fpl-oracle/site/data/myteam.json (Mo Salad, GW 1)
Up to date (next GW 2, finished 1)
Wrote /home/tars/Projects/fpl-oracle/site/data/myteam.json (Mo Salad, GW 1)
Up to date (next GW 2, finished 1)
Wrote /home/tars/Projects/fpl-oracle/site/data/myteam.json (Mo Salad, GW 1)
Up to date (next GW 2, finished 1)
Wrote /home/tars/Projects/fpl-oracle/site/data/myteam.json (Mo Salad, GW 1)
Up to date (next GW 2, finished 1)
Wrote /home/tars/Projects/fpl-oracle/site/data/myteam.json (Mo Salad, GW 1)
Up to date (next GW 2, finished 1)
Wrote /home/tars/Projects/fpl-oracle/site/data/myteam.json (Mo Salad, GW 1)
Up to date (next GW 2, finished 1)
Wrote /home/tars/Projects/fpl-oracle/site/data/myteam.json (Mo Salad, GW 1)
Up to date (next GW 2, finished 1)
Wrote /home/tars/Projects/fpl-oracle/site/data/myteam.json (Mo Salad, GW 1)
Up to date (next GW 2, finished 1)
Wrote /home/tars/Projects/fpl-oracle/site/data/myteam.json (Mo Salad, GW 1)
Up to date (next GW 2, finished 1)
Wrote /home/tars/Projects/fpl-oracle/site/data/myteam.json (Mo Salad, GW 1)
Up to date (next GW 2, finished 1)
Wrote /home/tars/Projects/fpl-oracle/site/data/myteam.json (Mo Salad, GW 1)
Up to date (next GW 2, finished 1)
Wrote /home/tars/Projects/fpl-oracle/site/data/myteam.json (Mo Salad, GW 1)
Up to date (next GW 2, finished 1)
Wrote /home/tars/Projects/fpl-oracle/site/data/myteam.json (Mo Salad, GW 1)
Up to date (next GW 2, finished 1)
Wrote /home/tars/Projects/fpl-oracle/site/data/myteam.json (Mo Salad, GW 1)
Up to date (next GW 2, finished 1)
Wrote /home/tars/Projects/fpl-oracle/site/data/myteam.json (Mo Salad, GW 1)
Up to date (next GW 2, finished 1)
Wrote /home/tars/Projects/fpl-oracle/site/data/myteam.json (Mo Salad, GW 1)
Up to date (next GW 2, finished 1)
Wrote /home/tars/Projects/fpl-oracle/site/data/myteam.json (Mo Salad, GW 1)
Up to date (next GW 2, finished 1)
Wrote /home/tars/Projects/fpl-oracle/site/data/myteam.json (Mo Salad, GW 1)
Up to date (next GW 2, finished 1)
Wrote /home/tars/Projects/fpl-oracle/site/data/myteam.json (Mo Salad, GW 1)
Up to date (next GW 2, finished 1)
Wrote /home/tars/Projects/fpl-oracle/site/data/myteam.json (Mo Salad, GW 1)
Up to date (next GW 2, finished 1)
Wrote /home/tars/Projects/fpl-oracle/site/data/myteam.json (Mo Salad, GW 1)
Up to date (next GW 2, finished 1)
Wrote /home/tars/Projects/fpl-oracle/site/data/myteam.json (Mo Salad, GW 1)
Up to date (next GW 2, finished 1)
Wrote /home/tars/Projects/fpl-oracle/site/data/myteam.json (Mo Salad, GW 1)
Up to date (next GW 2, finished 1)
Wrote /home/tars/Projects/fpl-oracle/site/data/myteam.json (Mo Salad, GW 1)
Up to date (next GW 2, finished 1)
Wrote /home/tars/Projects/fpl-oracle/site/data/myteam.json (Mo Salad, GW 1)
Up to date (next GW 2, finished 1)
Wrote /home/tars/Projects/fpl-oracle/site/data/myteam.json (Mo Salad, GW 1)
Up to date (next GW 2, finished 1)
Wrote /home/tars/Projects/fpl-oracle/site/data/myteam.json (Mo Salad, GW 1)
Up to date (next GW 2, finished 1)
Wrote /home/tars/Projects/fpl-oracle/site/data/myteam.json (Mo Salad, GW 1)
Up to date (next GW 2, finished 1)
Wrote /home/tars/Projects/fpl-oracle/site/data/myteam.json (Mo Salad, GW 1)
Up to date (next GW 2, finished 1)
Wrote /home/tars/Projects/fpl-oracle/site/data/myteam.json (Mo Salad, GW 1)
Up to date (next GW 2, finished 1)
Wrote /home/tars/Projects/fpl-oracle/site/data/myteam.json (Mo Salad, GW 1)
Up to date (next GW 2, finished 1)
Wrote /home/tars/Projects/fpl-oracle/site/data/myteam.json (Mo Salad, GW 1)
Up to date (next GW 2, finished 1)
Wrote /home/tars/Projects/fpl-oracle/site/data/myteam.json (Mo Salad, GW 1)
Up to date (next GW 2, finished 1)
Wrote /home/tars/Projects/fpl-oracle/site/data/myteam.json (Mo Salad, GW 1)
Up to date (next GW 2, finished 1)
Wrote /home/tars/Projects/fpl-oracle/site/data/myteam.json (Mo Salad, GW 1)
Up to date (next GW 2, finished 1)
Wrote /home/tars/Projects/fpl-oracle/site/data/myteam.json (Mo Salad, GW 1)
Up to date (next GW 2, finished 1)
Wrote /home/tars/Projects/fpl-oracle/site/data/myteam.json (Mo Salad, GW 1)
Up to date (next GW 2, finished 1)
Wrote /home/tars/Projects/fpl-oracle/site/data/myteam.json (Mo Salad, GW 1)
Up to date (next GW 2, finished 1)
Wrote /home/tars/Projects/fpl-oracle/site/data/myteam.json (Mo Salad, GW 1)
Up to date (next GW 2, finished 1)
Wrote /home/tars/Projects/fpl-oracle/site/data/myteam.json (Mo Salad, GW 1)
Up to date (next GW 2, finished 1)
Wrote /home/tars/Projects/fpl-oracle/site/data/myteam.json (Mo Salad, GW 1)
Up to date (next GW 2, finished 1)
Wrote /home/tars/Projects/fpl-oracle/site/data/myteam.json (Mo Salad, GW 1)
Up to date (next GW 2, finished 1)
Wrote /home/tars/Projects/fpl-oracle/site/data/myteam.json (Mo Salad, GW 1)
Up to date (next GW 2, finished 1)
Wrote /home/tars/Projects/fpl-oracle/site/data/myteam.json (Mo Salad, GW 1)
Up to date (next GW 2, finished 1)
Wrote /home/tars/Projects/fpl-oracle/site/data/myteam.json (Mo Salad, GW 1)
Up to date (next GW 2, finished 1)
Wrote /home/tars/Projects/fpl-oracle/site/data/myteam.json (Mo Salad, GW 1)
Up to date (next GW 2, finished 1)
Wrote /home/tars/Projects/fpl-oracle/site/data/myteam.json (Mo Salad, GW 1)
Up to date (next GW 2, finished 1)
Wrote /home/tars/Projects/fpl-oracle/site/data/myteam.json (Mo Salad, GW 1)
Up to date (next GW 2, finished 1)
Wrote /home/tars/Projects/fpl-oracle/site/data/myteam.json (Mo Salad, GW 1)
Up to date (next GW 2, finished 1)
Wrote /home/tars/Projects/fpl-oracle/site/data/myteam.json (Mo Salad, GW 1)
Up to date (next GW 2, finished 1)
Wrote /home/tars/Projects/fpl-oracle/site/data/myteam.json (Mo Salad, GW 1)
Up to date (next GW 2, finished 1)
Wrote /home/tars/Projects/fpl-oracle/site/data/myteam.json (Mo Salad, GW 1)
Up to date (next GW 2, finished 1)
Wrote /home/tars/Projects/fpl-oracle/site/data/myteam.json (Mo Salad, GW 1)
Up to date (next GW 2, finished 1)
Wrote /home/tars/Projects/fpl-oracle/site/data/myteam.json (Mo Salad, GW 1)
Up to date (next GW 2, finished 1)
Wrote /home/tars/Projects/fpl-oracle/site/data/myteam.json (Mo Salad, GW 1)
Up to date (next GW 2, finished 1)
Wrote /home/tars/Projects/fpl-oracle/site/data/myteam.json (Mo Salad, GW 1)
Up to date (next GW 2, finished 1)
Wrote /home/tars/Projects/fpl-oracle/site/data/myteam.json (Mo Salad, GW 1)
Up to date (next GW 2, finished 1)
Wrote /home/tars/Projects/fpl-oracle/site/data/myteam.json (Mo Salad, GW 1)
Up to date (next GW 2, finished 1)
Wrote /home/tars/Projects/fpl-oracle/site/data/myteam.json (Mo Salad, GW 1)
Up to date (next GW 2, finished 1)
Wrote /home/tars/Projects/fpl-oracle/site/data/myteam.json (Mo Salad, GW 1)
Up to date (next GW 2, finished 1)
Wrote /home/tars/Projects/fpl-oracle/site/data/myteam.json (Mo Salad, GW 1)
Up to date (next GW 2, finished 1)
Wrote /home/tars/Projects/fpl-oracle/site/data/myteam.json (Mo Salad, GW 1)
Up to date (next GW 2, finished 1)
Wrote /home/tars/Projects/fpl-oracle/site/data/myteam.json (Mo Salad, GW 1)
Up to date (next GW 2, finished 1)
Wrote /home/tars/Projects/fpl-oracle/site/data/myteam.json (Mo Salad, GW 1)
Up to date (next GW 2, finished 1)
Wrote /home/tars/Projects/fpl-oracle/site/data/myteam.json (Mo Salad, GW 1)
Up to date (next GW 2, finished 1)
Wrote /home/tars/Projects/fpl-oracle/site/data/myteam.json (Mo Salad, GW 1)
Up to date (next GW 2, finished 1)
Wrote /home/tars/Projects/fpl-oracle/site/data/myteam.json (Mo Salad, GW 1)
Up to date (next GW 2, finished 1)
Wrote /home/tars/Projects/fpl-oracle/site/data/myteam.json (Mo Salad, GW 1)
Up to date (next GW 2, finished 1)
Wrote /home/tars/Projects/fpl-oracle/site/data/myteam.json (Mo Salad, GW 1)
Up to date (next GW 2, finished 1)
Wrote /home/tars/Projects/fpl-oracle/site/data/myteam.json (Mo Salad, GW 1)
Up to date (next GW 2, finished 1)
Wrote /home/tars/Projects/fpl-oracle/site/data/myteam.json (Mo Salad, GW 1)
Up to date (next GW 2, finished 1)
Wrote /home/tars/Projects/fpl-oracle/site/data/myteam.json (Mo Salad, GW 1)
Up to date (next GW 2, finished 1)
Wrote /home/tars/Projects/fpl-oracle/site/data/myteam.json (Mo Salad, GW 1)
Up to date (next GW 2, finished 1)
Wrote /home/tars/Projects/fpl-oracle/site/data/myteam.json (Mo Salad, GW 1)
Up to date (next GW 2, finished 1)
Wrote /home/tars/Projects/fpl-oracle/site/data/myteam.json (Mo Salad, GW 1)
Up to date (next GW 2, finished 1)
Wrote /home/tars/Projects/fpl-oracle/site/data/myteam.json (Mo Salad, GW 1)
Up to date (next GW 2, finished 1)
Wrote /home/tars/Projects/fpl-oracle/site/data/myteam.json (Mo Salad, GW 1)
Up to date (next GW 2, finished 1)
Wrote /home/tars/Projects/fpl-oracle/site/data/myteam.json (Mo Salad, GW 1)
Up to date (next GW 2, finished 1)
Wrote /home/tars/Projects/fpl-oracle/site/data/myteam.json (Mo Salad, GW 1)
Up to date (next GW 2, finished 1)
Wrote /home/tars/Projects/fpl-oracle/site/data/myteam.json (Mo Salad, GW 1)
Up to date (next GW 2, finished 1)
Wrote /home/tars/Projects/fpl-oracle/site/data/myteam.json (Mo Salad, GW 1)
Up to date (next GW 2, finished 1)
Wrote /home/tars/Projects/fpl-oracle/site/data/myteam.json (Mo Salad, GW 1)
Up to date (next GW 2, finished 1)
Wrote /home/tars/Projects/fpl-oracle/site/data/myteam.json (Mo Salad, GW 1)
Up to date (next GW 2, finished 1)
Wrote /home/tars/Projects/fpl-oracle/site/data/myteam.json (Mo Salad, GW 1)
Up to date (next GW 2, finished 1)
Wrote /home/tars/Projects/fpl-oracle/site/data/myteam.json (Mo Salad, GW 1)
Up to date (next GW 2, finished 1)
Wrote /home/tars/Projects/fpl-oracle/site/data/myteam.json (Mo Salad, GW 1)
Up to date (next GW 2, finished 1)
Wrote /home/tars/Projects/fpl-oracle/site/data/myteam.json (Mo Salad, GW 1)
Up to date (next GW 2, finished 1)
Wrote /home/tars/Projects/fpl-oracle/site/data/myteam.json (Mo Salad, GW 1)
Up to date (next GW 2, finished 1)
Wrote /home/tars/Projects/fpl-oracle/site/data/myteam.json (Mo Salad, GW 1)
Up to date (next GW 2, finished 1)
Wrote /home/tars/Projects/fpl-oracle/site/data/myteam.json (Mo Salad, GW 1)
Up to date (next GW 2, finished 1)
Wrote /home/tars/Projects/fpl-oracle/site/data/myteam.json (Mo Salad, GW 1)
Up to date (next GW 2, finished 1)
Wrote /home/tars/Projects/fpl-oracle/site/data/myteam.json (Mo Salad, GW 1)
Up to date (next GW 2, finished 1)
Wrote /home/tars/Projects/fpl-oracle/site/data/myteam.json (Mo Salad, GW 1)
Up to date (next GW 2, finished 1)
Wrote /home/tars/Projects/fpl-oracle/site/data/myteam.json (Mo Salad, GW 1)
Up to date (next GW 2, finished 1)
Wrote /home/tars/Projects/fpl-oracle/site/data/myteam.json (Mo Salad, GW 1)
Up to date (next GW 2, finished 1)
Wrote /home/tars/Projects/fpl-oracle/site/data/myteam.json (Mo Salad, GW 1)
Up to date (next GW 2, finished 1)
Wrote /home/tars/Projects/fpl-oracle/site/data/myteam.json (Mo Salad, GW 1)
Up to date (next GW 2, finished 1)
Wrote /home/tars/Projects/fpl-oracle/site/data/myteam.json (Mo Salad, GW 1)
Up to date (next GW 2, finished 1)
Wrote /home/tars/Projects/fpl-oracle/site/data/myteam.json (Mo Salad, GW 1)
Up to date (next GW 2, finished 1)
Wrote /home/tars/Projects/fpl-oracle/site/data/myteam.json (Mo Salad, GW 1)
Up to date (next GW 2, finished 1)
Wrote /home/tars/Projects/fpl-oracle/site/data/myteam.json (Mo Salad, GW 1)
Up to date (next GW 2, finished 1)
Wrote /home/tars/Projects/fpl-oracle/site/data/myteam.json (Mo Salad, GW 1)
Up to date (next GW 2, finished 1)
Wrote /home/tars/Projects/fpl-oracle/site/data/myteam.json (Mo Salad, GW 1)
Up to date (next GW 2, finished 1)
Wrote /home/tars/Projects/fpl-oracle/site/data/myteam.json (Mo Salad, GW 1)
Up to date (next GW 2, finished 1)
Wrote /home/tars/Projects/fpl-oracle/site/data/myteam.json (Mo Salad, GW 1)
Up to date (next GW 2, finished 1)
Wrote /home/tars/Projects/fpl-oracle/site/data/myteam.json (Mo Salad, GW 1)
Up to date (next GW 2, finished 1)
Wrote /home/tars/Projects/fpl-oracle/site/data/myteam.json (Mo Salad, GW 1)
Up to date (next GW 2, finished 1)
Wrote /home/tars/Projects/fpl-oracle/site/data/myteam.json (Mo Salad, GW 1)
Up to date (next GW 2, finished 1)
Wrote /home/tars/Projects/fpl-oracle/site/data/myteam.json (Mo Salad, GW 1)
Up to date (next GW 2, finished 1)
Skipping my-team fetch: 'str' object has no attribute 'get'
Up to date (next GW 2, finished 1)
Wrote /home/tars/Projects/fpl-oracle/site/data/myteam.json (Mo Salad, GW 2)
Up to date (next GW 3, finished 1)
Wrote /home/tars/Projects/fpl-oracle/site/data/myteam.json (Mo Salad, GW 2)
Up to date (next GW 3, finished 1)
Wrote /home/tars/Projects/fpl-oracle/site/data/myteam.json (Mo Salad, GW 2)
Up to date (next GW 3, finished 1)
Wrote /home/tars/Projects/fpl-oracle/site/data/myteam.json (Mo Salad, GW 2)
Up to date (next GW 3, finished 1)
Wrote /home/tars/Projects/fpl-oracle/site/data/myteam.json (Mo Salad, GW 2)
Up to date (next GW 3, finished 1)
Wrote /home/tars/Projects/fpl-oracle/site/data/myteam.json (Mo Salad, GW 2)
Up to date (next GW 3, finished 1)
Wrote /home/tars/Projects/fpl-oracle/site/data/myteam.json (Mo Salad, GW 2)
Up to date (next GW 3, finished 1)
Wrote /home/tars/Projects/fpl-oracle/site/data/myteam.json (Mo Salad, GW 2)
Up to date (next GW 3, finished 1)
Wrote /home/tars/Projects/fpl-oracle/site/data/myteam.json (Mo Salad, GW 2)
Up to date (next GW 3, finished 1)
Wrote /home/tars/Projects/fpl-oracle/site/data/myteam.json (Mo Salad, GW 2)
Up to date (next GW 3, finished 1)
Wrote /home/tars/Projects/fpl-oracle/site/data/myteam.json (Mo Salad, GW 2)
Up to date (next GW 3, finished 1)
Wrote /home/tars/Projects/fpl-oracle/site/data/myteam.json (Mo Salad, GW 2)
Up to date (next GW 3, finished 1)
Wrote /home/tars/Projects/fpl-oracle/site/data/myteam.json (Mo Salad, GW 2)
Up to date (next GW 3, finished 1)
Wrote /home/tars/Projects/fpl-oracle/site/data/myteam.json (Mo Salad, GW 2)
Up to date (next GW 3, finished 1)
Wrote /home/tars/Projects/fpl-oracle/site/data/myteam.json (Mo Salad, GW 2)
Up to date (next GW 3, finished 1)
Wrote /home/tars/Projects/fpl-oracle/site/data/myteam.json (Mo Salad, GW 2)
Up to date (next GW 3, finished 1)
Wrote /home/tars/Projects/fpl-oracle/site/data/myteam.json (Mo Salad, GW 2)
Up to date (next GW 3, finished 1)
Wrote /home/tars/Projects/fpl-oracle/site/data/myteam.json (Mo Salad, GW 2)
Up to date (next GW 3, finished 1)
Wrote /home/tars/Projects/fpl-oracle/site/data/myteam.json (Mo Salad, GW 2)
Up to date (next GW 3, finished 1)
Wrote /home/tars/Projects/fpl-oracle/site/data/myteam.json (Mo Salad, GW 2)
Up to date (next GW 3, finished 1)
Wrote /home/tars/Projects/fpl-oracle/site/data/myteam.json (Mo Salad, GW 2)
Up to date (next GW 3, finished 1)
Wrote /home/tars/Projects/fpl-oracle/site/data/myteam.json (Mo Salad, GW 2)
Up to date (next GW 3, finished 1)
Wrote /home/tars/Projects/fpl-oracle/site/data/myteam.json (Mo Salad, GW 2)
Up to date (next GW 3, finished 1)
Wrote /home/tars/Projects/fpl-oracle/site/data/myteam.json (Mo Salad, GW 2)
Up to date (next GW 3, finished 1)
Wrote /home/tars/Projects/fpl-oracle/site/data/myteam.json (Mo Salad, GW 2)
Up to date (next GW 3, finished 1)
Wrote /home/tars/Projects/fpl-oracle/site/data/myteam.json (Mo Salad, GW 2)
Up to date (next GW 3, finished 1)
Wrote /home/tars/Projects/fpl-oracle/site/data/myteam.json (Mo Salad, GW 2)
Up to date (next GW 3, finished 1)
Wrote /home/tars/Projects/fpl-oracle/site/data/myteam.json (Mo Salad, GW 2)
Up to date (next GW 3, finished 1)
Wrote /home/tars/Projects/fpl-oracle/site/data/myteam.json (Mo Salad, GW 2)
Up to date (next GW 3, finished 1)
Wrote /home/tars/Projects/fpl-oracle/site/data/myteam.json (Mo Salad, GW 2)
Up to date (next GW 3, finished 1)
Wrote /home/tars/Projects/fpl-oracle/site/data/myteam.json (Mo Salad, GW 2)
Up to date (next GW 3, finished 1)
Wrote /home/tars/Projects/fpl-oracle/site/data/myteam.json (Mo Salad, GW 2)
Up to date (next GW 3, finished 1)
Wrote /home/tars/Projects/fpl-oracle/site/data/myteam.json (Mo Salad, GW 2)
Up to date (next GW 3, finished 1)
Wrote /home/tars/Projects/fpl-oracle/site/data/myteam.json (Mo Salad, GW 2)
Up to date (next GW 3, finished 1)
Wrote /home/tars/Projects/fpl-oracle/site/data/myteam.json (Mo Salad, GW 2)
Up to date (next GW 3, finished 1)
Wrote /home/tars/Projects/fpl-oracle/site/data/myteam.json (Mo Salad, GW 2)
Up to date (next GW 3, finished 1)
Wrote /home/tars/Projects/fpl-oracle/site/data/myteam.json (Mo Salad, GW 2)
Up to date (next GW 3, finished 1)
Wrote /home/tars/Projects/fpl-oracle/site/data/myteam.json (Mo Salad, GW 2)
Up to date (next GW 3, finished 1)
Wrote /home/tars/Projects/fpl-oracle/site/data/myteam.json (Mo Salad, GW 2)
Up to date (next GW 3, finished 1)
Wrote /home/tars/Projects/fpl-oracle/site/data/myteam.json (Mo Salad, GW 2)
Up to date (next GW 3, finished 1)
Wrote /home/tars/Projects/fpl-oracle/site/data/myteam.json (Mo Salad, GW 2)
Up to date (next GW 3, finished 1)
Wrote /home/tars/Projects/fpl-oracle/site/data/myteam.json (Mo Salad, GW 2)
Up to date (next GW 3, finished 1)
Wrote /home/tars/Projects/fpl-oracle/site/data/myteam.json (Mo Salad, GW 2)
Up to date (next GW 3, finished 1)
Wrote /home/tars/Projects/fpl-oracle/site/data/myteam.json (Mo Salad, GW 2)
Up to date (next GW 3, finished 1)
Wrote /home/tars/Projects/fpl-oracle/site/data/myteam.json (Mo Salad, GW 2)
Up to date (next GW 3, finished 1)
Wrote /home/tars/Projects/fpl-oracle/site/data/myteam.json (Mo Salad, GW 2)
Up to date (next GW 3, finished 1)
Wrote /home/tars/Projects/fpl-oracle/site/data/myteam.json (Mo Salad, GW 2)
Up to date (next GW 3, finished 1)
Wrote /home/tars/Projects/fpl-oracle/site/data/myteam.json (Mo Salad, GW 2)
Up to date (next GW 3, finished 1)
Wrote /home/tars/Projects/fpl-oracle/site/data/myteam.json (Mo Salad, GW 2)
Up to date (next GW 3, finished 1)
Wrote /home/tars/Projects/fpl-oracle/site/data/myteam.json (Mo Salad, GW 2)
Up to date (next GW 3, finished 1)
Wrote /home/tars/Projects/fpl-oracle/site/data/myteam.json (Mo Salad, GW 2)
Up to date (next GW 3, finished 1)
Wrote /home/tars/Projects/fpl-oracle/site/data/myteam.json (Mo Salad, GW 2)
Up to date (next GW 3, finished 1)
Wrote /home/tars/Projects/fpl-oracle/site/data/myteam.json (Mo Salad, GW 2)
Up to date (next GW 3, finished 1)
Wrote /home/tars/Projects/fpl-oracle/site/data/myteam.json (Mo Salad, GW 2)
Up to date (next GW 3, finished 1)
Wrote /home/tars/Projects/fpl-oracle/site/data/myteam.json (Mo Salad, GW 2)
Up to date (next GW 3, finished 1)
Wrote /home/tars/Projects/fpl-oracle/site/data/myteam.json (Mo Salad, GW 2)
Up to date (next GW 3, finished 1)
Wrote /home/tars/Projects/fpl-oracle/site/data/myteam.json (Mo Salad, GW 2)
Up to date (next GW 3, finished 1)
Wrote /home/tars/Projects/fpl-oracle/site/data/myteam.json (Mo Salad, GW 2)
Up to date (next GW 3, finished 1)
Wrote /home/tars/Projects/fpl-oracle/site/data/myteam.json (Mo Salad, GW 2)
Up to date (next GW 3, finished 1)
Wrote /home/tars/Projects/fpl-oracle/site/data/myteam.json (Mo Salad, GW 2)
Up to date (next GW 3, finished 1)
Wrote /home/tars/Projects/fpl-oracle/site/data/myteam.json (Mo Salad, GW 2)
Up to date (next GW 3, finished 1)
Wrote /home/tars/Projects/fpl-oracle/site/data/myteam.json (Mo Salad, GW 2)
Up to date (next GW 3, finished 1)
Wrote /home/tars/Projects/fpl-oracle/site/data/myteam.json (Mo Salad, GW 2)
Up to date (next GW 3, finished 1)
Wrote /home/tars/Projects/fpl-oracle/site/data/myteam.json (Mo Salad, GW 2)
Up to date (next GW 3, finished 1)
Wrote /home/tars/Projects/fpl-oracle/site/data/myteam.json (Mo Salad, GW 2)
Up to date (next GW 3, finished 1)
Wrote /home/tars/Projects/fpl-oracle/site/data/myteam.json (Mo Salad, GW 2)
Up to date (next GW 3, finished 1)
Wrote /home/tars/Projects/fpl-oracle/site/data/myteam.json (Mo Salad, GW 2)
Up to date (next GW 3, finished 1)
Wrote /home/tars/Projects/fpl-oracle/site/data/myteam.json (Mo Salad, GW 2)
Up to date (next GW 3, finished 1)
Wrote /home/tars/Projects/fpl-oracle/site/data/myteam.json (Mo Salad, GW 2)
Up to date (next GW 3, finished 1)
Wrote /home/tars/Projects/fpl-oracle/site/data/myteam.json (Mo Salad, GW 2)
Up to date (next GW 3, finished 1)
Wrote /home/tars/Projects/fpl-oracle/site/data/myteam.json (Mo Salad, GW 2)
Up to date (next GW 3, finished 1)
Wrote /home/tars/Projects/fpl-oracle/site/data/myteam.json (Mo Salad, GW 2)
Up to date (next GW 3, finished 1)
Wrote /home/tars/Projects/fpl-oracle/site/data/myteam.json (Mo Salad, GW 2)
Up to date (next GW 3, finished 1)
Wrote /home/tars/Projects/fpl-oracle/site/data/myteam.json (Mo Salad, GW 2)
Up to date (next GW 3, finished 1)
Wrote /home/tars/Projects/fpl-oracle/site/data/myteam.json (Mo Salad, GW 2)
Up to date (next GW 3, finished 1)
Wrote /home/tars/Projects/fpl-oracle/site/data/myteam.json (Mo Salad, GW 2)
Up to date (next GW 3, finished 1)
Wrote /home/tars/Projects/fpl-oracle/site/data/myteam.json (Mo Salad, GW 2)
Up to date (next GW 3, finished 1)
Wrote /home/tars/Projects/fpl-oracle/site/data/myteam.json (Mo Salad, GW 2)
Up to date (next GW 3, finished 1)
Wrote /home/tars/Projects/fpl-oracle/site/data/myteam.json (Mo Salad, GW 2)
Up to date (next GW 3, finished 1)
Wrote /home/tars/Projects/fpl-oracle/site/data/myteam.json (Mo Salad, GW 2)
Up to date (next GW 3, finished 1)
Wrote /home/tars/Projects/fpl-oracle/site/data/myteam.json (Mo Salad, GW 2)
Up to date (next GW 3, finished 1)
Wrote /home/tars/Projects/fpl-oracle/site/data/myteam.json (Mo Salad, GW 2)
Up to date (next GW 3, finished 1)
Wrote /home/tars/Projects/fpl-oracle/site/data/myteam.json (Mo Salad, GW 2)
Up to date (next GW 3, finished 1)
Wrote /home/tars/Projects/fpl-oracle/site/data/myteam.json (Mo Salad, GW 2)
Up to date (next GW 3, finished 1)
Wrote /home/tars/Projects/fpl-oracle/site/data/myteam.json (Mo Salad, GW 2)
Up to date (next GW 3, finished 1)
Wrote /home/tars/Projects/fpl-oracle/site/data/myteam.json (Mo Salad, GW 2)
Up to date (next GW 3, finished 1)
Wrote /home/tars/Projects/fpl-oracle/site/data/myteam.json (Mo Salad, GW 2)
Up to date (next GW 3, finished 1)
Wrote /home/tars/Projects/fpl-oracle/site/data/myteam.json (Mo Salad, GW 2)
Up to date (next GW 3, finished 1)
Wrote /home/tars/Projects/fpl-oracle/site/data/myteam.json (Mo Salad, GW 2)
Up to date (next GW 3, finished 1)
Wrote /home/tars/Projects/fpl-oracle/site/data/myteam.json (Mo Salad, GW 2)
Up to date (next GW 3, finished 1)
Wrote /home/tars/Projects/fpl-oracle/site/data/myteam.json (Mo Salad, GW 2)
Up to date (next GW 3, finished 1)
Wrote /home/tars/Projects/fpl-oracle/site/data/myteam.json (Mo Salad, GW 2)
Up to date (next GW 3, finished 1)
Wrote /home/tars/Projects/fpl-oracle/site/data/myteam.json (Mo Salad, GW 2)
Up to date (next GW 3, finished 1)
Wrote /home/tars/Projects/fpl-oracle/site/data/myteam.json (Mo Salad, GW 2)
Up to date (next GW 3, finished 1)
Wrote /home/tars/Projects/fpl-oracle/site/data/myteam.json (Mo Salad, GW 2)
Up to date (next GW 3, finished 1)
Wrote /home/tars/Projects/fpl-oracle/site/data/myteam.json (Mo Salad, GW 2)
Up to date (next GW 3, finished 1)
Wrote /home/tars/Projects/fpl-oracle/site/data/myteam.json (Mo Salad, GW 2)
Up to date (next GW 3, finished 1)
Wrote /home/tars/Projects/fpl-oracle/site/data/myteam.json (Mo Salad, GW 2)
Up to date (next GW 3, finished 1)
Wrote /home/tars/Projects/fpl-oracle/site/data/myteam.json (Mo Salad, GW 2)
Up to date (next GW 3, finished 1)
Wrote /home/tars/Projects/fpl-oracle/site/data/myteam.json (Mo Salad, GW 2)
Up to date (next GW 3, finished 1)
Wrote /home/tars/Projects/fpl-oracle/site/data/myteam.json (Mo Salad, GW 2)
Up to date (next GW 3, finished 1)
Wrote /home/tars/Projects/fpl-oracle/site/data/myteam.json (Mo Salad, GW 2)
Up to date (next GW 3, finished 1)
Wrote /home/tars/Projects/fpl-oracle/site/data/myteam.json (Mo Salad, GW 2)
Up to date (next GW 3, finished 1)
Wrote /home/tars/Projects/fpl-oracle/site/data/myteam.json (Mo Salad, GW 2)
Up to date (next GW 3, finished 1)
Wrote /home/tars/Projects/fpl-oracle/site/data/myteam.json (Mo Salad, GW 2)
Up to date (next GW 3, finished 1)
Wrote /home/tars/Projects/fpl-oracle/site/data/myteam.json (Mo Salad, GW 2)
Up to date (next GW 3, finished 1)
Wrote /home/tars/Projects/fpl-oracle/site/data/myteam.json (Mo Salad, GW 2)
Up to date (next GW 3, finished 1)
Wrote /home/tars/Projects/fpl-oracle/site/data/myteam.json (Mo Salad, GW 2)
Up to date (next GW 3, finished 1)
Wrote /home/tars/Projects/fpl-oracle/site/data/myteam.json (Mo Salad, GW 2)
Up to date (next GW 3, finished 1)
Wrote /home/tars/Projects/fpl-oracle/site/data/myteam.json (Mo Salad, GW 2)
Up to date (next GW 3, finished 1)
Wrote /home/tars/Projects/fpl-oracle/site/data/myteam.json (Mo Salad, GW 2)
Up to date (next GW 3, finished 1)
Wrote /home/tars/Projects/fpl-oracle/site/data/myteam.json (Mo Salad, GW 2)
Up to date (next GW 3, finished 1)
Wrote /home/tars/Projects/fpl-oracle/site/data/myteam.json (Mo Salad, GW 2)
Up to date (next GW 3, finished 1)
Wrote /home/tars/Projects/fpl-oracle/site/data/myteam.json (Mo Salad, GW 2)
Up to date (next GW 3, finished 1)
Wrote /home/tars/Projects/fpl-oracle/site/data/myteam.json (Mo Salad, GW 2)
Up to date (next GW 3, finished 1)
Wrote /home/tars/Projects/fpl-oracle/site/data/myteam.json (Mo Salad, GW 2)
Up to date (next GW 3, finished 1)
Wrote /home/tars/Projects/fpl-oracle/site/data/myteam.json (Mo Salad, GW 2)
Up to date (next GW 3, finished 1)
Wrote /home/tars/Projects/fpl-oracle/site/data/myteam.json (Mo Salad, GW 2)
Up to date (next GW 3, finished 1)
Wrote /home/tars/Projects/fpl-oracle/site/data/myteam.json (Mo Salad, GW 2)
Up to date (next GW 3, finished 1)
Wrote /home/tars/Projects/fpl-oracle/site/data/myteam.json (Mo Salad, GW 2)
Up to date (next GW 3, finished 1)
Wrote /home/tars/Projects/fpl-oracle/site/data/myteam.json (Mo Salad, GW 2)
Up to date (next GW 3, finished 1)
Wrote /home/tars/Projects/fpl-oracle/site/data/myteam.json (Mo Salad, GW 2)
Up to date (next GW 3, finished 1)
Wrote /home/tars/Projects/fpl-oracle/site/data/myteam.json (Mo Salad, GW 2)
Up to date (next GW 3, finished 1)
Wrote /home/tars/Projects/fpl-oracle/site/data/myteam.json (Mo Salad, GW 2)
Up to date (next GW 3, finished 1)
Wrote /home/tars/Projects/fpl-oracle/site/data/myteam.json (Mo Salad, GW 2)
Up to date (next GW 3, finished 1)
Wrote /home/tars/Projects/fpl-oracle/site/data/myteam.json (Mo Salad, GW 2)
Up to date (next GW 3, finished 1)
Wrote /home/tars/Projects/fpl-oracle/site/data/myteam.json (Mo Salad, GW 2)
Up to date (next GW 3, finished 1)
Wrote /home/tars/Projects/fpl-oracle/site/data/myteam.json (Mo Salad, GW 2)
Up to date (next GW 3, finished 1)
Wrote /home/tars/Projects/fpl-oracle/site/data/myteam.json (Mo Salad, GW 2)
Up to date (next GW 3, finished 1)
Wrote /home/tars/Projects/fpl-oracle/site/data/myteam.json (Mo Salad, GW 2)
Up to date (next GW 3, finished 1)
Wrote /home/tars/Projects/fpl-oracle/site/data/myteam.json (Mo Salad, GW 2)
Up to date (next GW 3, finished 1)
Wrote /home/tars/Projects/fpl-oracle/site/data/myteam.json (Mo Salad, GW 2)
Up to date (next GW 3, finished 1)
Wrote /home/tars/Projects/fpl-oracle/site/data/myteam.json (Mo Salad, GW 2)
Up to date (next GW 3, finished 1)
Wrote /home/tars/Projects/fpl-oracle/site/data/myteam.json (Mo Salad, GW 2)
Up to date (next GW 3, finished 1)
Wrote /home/tars/Projects/fpl-oracle/site/data/myteam.json (Mo Salad, GW 2)
Up to date (next GW 3, finished 1)
Wrote /home/tars/Projects/fpl-oracle/site/data/myteam.json (Mo Salad, GW 2)
Up to date (next GW 3, finished 1)
Wrote /home/tars/Projects/fpl-oracle/site/data/myteam.json (Mo Salad, GW 2)
Up to date (next GW 3, finished 1)
Wrote /home/tars/Projects/fpl-oracle/site/data/myteam.json (Mo Salad, GW 2)
Up to date (next GW 3, finished 1)
Wrote /home/tars/Projects/fpl-oracle/site/data/myteam.json (Mo Salad, GW 2)
Up to date (next GW 3, finished 1)
Wrote /home/tars/Projects/fpl-oracle/site/data/myteam.json (Mo Salad, GW 2)
Up to date (next GW 3, finished 1)
Wrote /home/tars/Projects/fpl-oracle/site/data/myteam.json (Mo Salad, GW 2)
Up to date (next GW 3, finished 1)
Wrote /home/tars/Projects/fpl-oracle/site/data/myteam.json (Mo Salad, GW 2)
Up to date (next GW 3, finished 1)
Wrote /home/tars/Projects/fpl-oracle/site/data/myteam.json (Mo Salad, GW 2)
Up to date (next GW 3, finished 1)
Wrote /home/tars/Projects/fpl-oracle/site/data/myteam.json (Mo Salad, GW 2)
Up to date (next GW 3, finished 1)
Wrote /home/tars/Projects/fpl-oracle/site/data/myteam.json (Mo Salad, GW 2)
Up to date (next GW 3, finished 1)
Wrote /home/tars/Projects/fpl-oracle/site/data/myteam.json (Mo Salad, GW 2)
Up to date (next GW 3, finished 1)
Wrote /home/tars/Projects/fpl-oracle/site/data/myteam.json (Mo Salad, GW 2)
Up to date (next GW 3, finished 1)
Wrote /home/tars/Projects/fpl-oracle/site/data/myteam.json (Mo Salad, GW 2)
Up to date (next GW 3, finished 1)
Wrote /home/tars/Projects/fpl-oracle/site/data/myteam.json (Mo Salad, GW 2)
Up to date (next GW 3, finished 1)
Wrote /home/tars/Projects/fpl-oracle/site/data/myteam.json (Mo Salad, GW 2)
Up to date (next GW 3, finished 1)
Wrote /home/tars/Projects/fpl-oracle/site/data/myteam.json (Mo Salad, GW 2)
Up to date (next GW 3, finished 1)
Wrote /home/tars/Projects/fpl-oracle/site/data/myteam.json (Mo Salad, GW 2)
Up to date (next GW 3, finished 1)
Wrote /home/tars/Projects/fpl-oracle/site/data/myteam.json (Mo Salad, GW 2)
Up to date (next GW 3, finished 1)
Wrote /home/tars/Projects/fpl-oracle/site/data/myteam.json (Mo Salad, GW 2)
Up to date (next GW 3, finished 1)
Wrote /home/tars/Projects/fpl-oracle/site/data/myteam.json (Mo Salad, GW 2)
Up to date (next GW 3, finished 1)
Wrote /home/tars/Projects/fpl-oracle/site/data/myteam.json (Mo Salad, GW 2)
Up to date (next GW 3, finished 1)
Wrote /home/tars/Projects/fpl-oracle/site/data/myteam.json (Mo Salad, GW 2)
Up to date (next GW 3, finished 1)
Wrote /home/tars/Projects/fpl-oracle/site/data/myteam.json (Mo Salad, GW 2)
Up to date (next GW 3, finished 1)
Wrote /home/tars/Projects/fpl-oracle/site/data/myteam.json (Mo Salad, GW 2)
Up to date (next GW 3, finished 2)
Wrote /home/tars/Projects/fpl-oracle/site/data/myteam.json (Mo Salad, GW 2)
Up to date (next GW 3, finished 2)
Wrote /home/tars/Projects/fpl-oracle/site/data/myteam.json (Mo Salad, GW 2)
Up to date (next GW 3, finished 2)
Wrote /home/tars/Projects/fpl-oracle/site/data/myteam.json (Mo Salad, GW 2)
Up to date (next GW 3, finished 2)
Wrote /home/tars/Projects/fpl-oracle/site/data/myteam.json (Mo Salad, GW 2)
Up to date (next GW 3, finished 2)
Wrote /home/tars/Projects/fpl-oracle/site/data/myteam.json (Mo Salad, GW 2)
Up to date (next GW 3, finished 2)
Wrote /home/tars/Projects/fpl-oracle/site/data/myteam.json (Mo Salad, GW 2)
Up to date (next GW 3, finished 2)
Wrote /home/tars/Projects/fpl-oracle/site/data/myteam.json (Mo Salad, GW 2)
Up to date (next GW 3, finished 2)
Wrote /home/tars/Projects/fpl-oracle/site/data/myteam.json (Mo Salad, GW 2)
Up to date (next GW 3, finished 2)
Wrote /home/tars/Projects/fpl-oracle/site/data/myteam.json (Mo Salad, GW 2)
Up to date (next GW 3, finished 2)
Wrote /home/tars/Projects/fpl-oracle/site/data/myteam.json (Mo Salad, GW 2)
Up to date (next GW 3, finished 2)
Wrote /home/tars/Projects/fpl-oracle/site/data/myteam.json (Mo Salad, GW 2)
Up to date (next GW 3, finished 2)
Wrote /home/tars/Projects/fpl-oracle/site/data/myteam.json (Mo Salad, GW 2)
Up to date (next GW 3, finished 2)
Wrote /home/tars/Projects/fpl-oracle/site/data/myteam.json (Mo Salad, GW 2)
Up to date (next GW 3, finished 2)
Wrote /home/tars/Projects/fpl-oracle/site/data/myteam.json (Mo Salad, GW 2)
Up to date (next GW 3, finished 2)
Wrote /home/tars/Projects/fpl-oracle/site/data/myteam.json (Mo Salad, GW 2)
Up to date (next GW 3, finished 2)
Wrote /home/tars/Projects/fpl-oracle/site/data/myteam.json (Mo Salad, GW 2)
Up to date (next GW 3, finished 2)
Wrote /home/tars/Projects/fpl-oracle/site/data/myteam.json (Mo Salad, GW 2)
Up to date (next GW 3, finished 2)
Wrote /home/tars/Projects/fpl-oracle/site/data/myteam.json (Mo Salad, GW 2)
Up to date (next GW 3, finished 2)
Wrote /home/tars/Projects/fpl-oracle/site/data/myteam.json (Mo Salad, GW 2)
Up to date (next GW 3, finished 2)
Wrote /home/tars/Projects/fpl-oracle/site/data/myteam.json (Mo Salad, GW 2)
Up to date (next GW 3, finished 2)
Wrote /home/tars/Projects/fpl-oracle/site/data/myteam.json (Mo Salad, GW 2)
Up to date (next GW 3, finished 2)
Wrote /home/tars/Projects/fpl-oracle/site/data/myteam.json (Mo Salad, GW 2)
Up to date (next GW 3, finished 2)
Wrote /home/tars/Projects/fpl-oracle/site/data/myteam.json (Mo Salad, GW 2)
Up to date (next GW 3, finished 2)
Wrote /home/tars/Projects/fpl-oracle/site/data/myteam.json (Mo Salad, GW 2)
Up to date (next GW 3, finished 2)
Wrote /home/tars/Projects/fpl-oracle/site/data/myteam.json (Mo Salad, GW 2)
Up to date (next GW 3, finished 2)
Wrote /home/tars/Projects/fpl-oracle/site/data/myteam.json (Mo Salad, GW 2)
Up to date (next GW 3, finished 2)
Wrote /home/tars/Projects/fpl-oracle/site/data/myteam.json (Mo Salad, GW 2)
Up to date (next GW 3, finished 2)
Wrote /home/tars/Projects/fpl-oracle/site/data/myteam.json (Mo Salad, GW 2)
Up to date (next GW 3, finished 2)
Wrote /home/tars/Projects/fpl-oracle/site/data/myteam.json (Mo Salad, GW 2)
Up to date (next GW 3, finished 2)
Wrote /home/tars/Projects/fpl-oracle/site/data/myteam.json (Mo Salad, GW 2)
Up to date (next GW 3, finished 2)
Wrote /home/tars/Projects/fpl-oracle/site/data/myteam.json (Mo Salad, GW 2)
Up to date (next GW 3, finished 2)
Wrote /home/tars/Projects/fpl-oracle/site/data/myteam.json (Mo Salad, GW 2)
Up to date (next GW 3, finished 2)
Wrote /home/tars/Projects/fpl-oracle/site/data/myteam.json (Mo Salad, GW 2)
Up to date (next GW 3, finished 2)
Wrote /home/tars/Projects/fpl-oracle/site/data/myteam.json (Mo Salad, GW 2)
Up to date (next GW 3, finished 2)
Wrote /home/tars/Projects/fpl-oracle/site/data/myteam.json (Mo Salad, GW 2)
Up to date (next GW 3, finished 2)
Wrote /home/tars/Projects/fpl-oracle/site/data/myteam.json (Mo Salad, GW 2)
Up to date (next GW 3, finished 2)
Wrote /home/tars/Projects/fpl-oracle/site/data/myteam.json (Mo Salad, GW 2)
Up to date (next GW 3, finished 2)
Wrote /home/tars/Projects/fpl-oracle/site/data/myteam.json (Mo Salad, GW 2)
Up to date (next GW 3, finished 2)
Wrote /home/tars/Projects/fpl-oracle/site/data/myteam.json (Mo Salad, GW 2)
Up to date (next GW 3, finished 2)
Wrote /home/tars/Projects/fpl-oracle/site/data/myteam.json (Mo Salad, GW 2)
Up to date (next GW 3, finished 2)
Wrote /home/tars/Projects/fpl-oracle/site/data/myteam.json (Mo Salad, GW 2)
Up to date (next GW 3, finished 2)
Wrote /home/tars/Projects/fpl-oracle/site/data/myteam.json (Mo Salad, GW 2)
Up to date (next GW 3, finished 2)
Wrote /home/tars/Projects/fpl-oracle/site/data/myteam.json (Mo Salad, GW 2)
Up to date (next GW 3, finished 2)
Wrote /home/tars/Projects/fpl-oracle/site/data/myteam.json (Mo Salad, GW 2)
Up to date (next GW 3, finished 2)
Wrote /home/tars/Projects/fpl-oracle/site/data/myteam.json (Mo Salad, GW 2)
Up to date (next GW 3, finished 2)
Wrote /home/tars/Projects/fpl-oracle/site/data/myteam.json (Mo Salad, GW 2)
Up to date (next GW 3, finished 2)
Wrote /home/tars/Projects/fpl-oracle/site/data/myteam.json (Mo Salad, GW 2)
Up to date (next GW 3, finished 2)
Wrote /home/tars/Projects/fpl-oracle/site/data/myteam.json (Mo Salad, GW 2)
Up to date (next GW 3, finished 2)
Wrote /home/tars/Projects/fpl-oracle/site/data/myteam.json (Mo Salad, GW 2)
Up to date (next GW 3, finished 2)
Wrote /home/tars/Projects/fpl-oracle/site/data/myteam.json (Mo Salad, GW 2)
Up to date (next GW 3, finished 2)
Wrote /home/tars/Projects/fpl-oracle/site/data/myteam.json (Mo Salad, GW 2)
Up to date (next GW 3, finished 2)
Wrote /home/tars/Projects/fpl-oracle/site/data/myteam.json (Mo Salad, GW 2)
Up to date (next GW 3, finished 2)
Wrote /home/tars/Projects/fpl-oracle/site/data/myteam.json (Mo Salad, GW 2)
Up to date (next GW 3, finished 2)
Wrote /home/tars/Projects/fpl-oracle/site/data/myteam.json (Mo Salad, GW 2)
Up to date (next GW 3, finished 2)
Wrote /home/tars/Projects/fpl-oracle/site/data/myteam.json (Mo Salad, GW 2)
Up to date (next GW 3, finished 2)
Wrote /home/tars/Projects/fpl-oracle/site/data/myteam.json (Mo Salad, GW 2)
Up to date (next GW 3, finished 2)
Wrote /home/tars/Projects/fpl-oracle/site/data/myteam.json (Mo Salad, GW 2)
Up to date (next GW 3, finished 2)
Wrote /home/tars/Projects/fpl-oracle/site/data/myteam.json (Mo Salad, GW 2)
Up to date (next GW 3, finished 2)
Wrote /home/tars/Projects/fpl-oracle/site/data/myteam.json (Mo Salad, GW 2)
Up to date (next GW 3, finished 2)
Wrote /home/tars/Projects/fpl-oracle/site/data/myteam.json (Mo Salad, GW 2)
Up to date (next GW 3, finished 2)
Wrote /home/tars/Projects/fpl-oracle/site/data/myteam.json (Mo Salad, GW 2)
Up to date (next GW 3, finished 2)
Wrote /home/tars/Projects/fpl-oracle/site/data/myteam.json (Mo Salad, GW 2)
Up to date (next GW 3, finished 2)
Wrote /home/tars/Projects/fpl-oracle/site/data/myteam.json (Mo Salad, GW 2)
Up to date (next GW 3, finished 2)
Wrote /home/tars/Projects/fpl-oracle/site/data/myteam.json (Mo Salad, GW 2)
Up to date (next GW 3, finished 2)
Wrote /home/tars/Projects/fpl-oracle/site/data/myteam.json (Mo Salad, GW 2)
Up to date (next GW 3, finished 2)
Wrote /home/tars/Projects/fpl-oracle/site/data/myteam.json (Mo Salad, GW 2)
Up to date (next GW 3, finished 2)
Wrote /home/tars/Projects/fpl-oracle/site/data/myteam.json (Mo Salad, GW 2)
Up to date (next GW 3, finished 2)
Wrote /home/tars/Projects/fpl-oracle/site/data/myteam.json (Mo Salad, GW 2)
Up to date (next GW 3, finished 2)
Wrote /home/tars/Projects/fpl-oracle/site/data/myteam.json (Mo Salad, GW 2)
Up to date (next GW 3, finished 2)
Wrote /home/tars/Projects/fpl-oracle/site/data/myteam.json (Mo Salad, GW 2)
Up to date (next GW 3, finished 2)
Wrote /home/tars/Projects/fpl-oracle/site/data/myteam.json (Mo Salad, GW 2)
Up to date (next GW 3, finished 2)
Wrote /home/tars/Projects/fpl-oracle/site/data/myteam.json (Mo Salad, GW 2)
Up to date (next GW 3, finished 2)
Wrote /home/tars/Projects/fpl-oracle/site/data/myteam.json (Mo Salad, GW 2)
Up to date (next GW 3, finished 2)
Wrote /home/tars/Projects/fpl-oracle/site/data/myteam.json (Mo Salad, GW 2)
Up to date (next GW 3, finished 2)
Wrote /home/tars/Projects/fpl-oracle/site/data/myteam.json (Mo Salad, GW 2)
Up to date (next GW 3, finished 2)
Wrote /home/tars/Projects/fpl-oracle/site/data/myteam.json (Mo Salad, GW 2)
Up to date (next GW 3, finished 2)
Wrote /home/tars/Projects/fpl-oracle/site/data/myteam.json (Mo Salad, GW 2)
Up to date (next GW 3, finished 2)
Wrote /home/tars/Projects/fpl-oracle/site/data/myteam.json (Mo Salad, GW 2)
Up to date (next GW 3, finished 2)
Wrote /home/tars/Projects/fpl-oracle/site/data/myteam.json (Mo Salad, GW 2)
Up to date (next GW 3, finished 2)
Wrote /home/tars/Projects/fpl-oracle/site/data/myteam.json (Mo Salad, GW 2)
Up to date (next GW 3, finished 2)
Wrote /home/tars/Projects/fpl-oracle/site/data/myteam.json (Mo Salad, GW 2)
Up to date (next GW 3, finished 2)
Wrote /home/tars/Projects/fpl-oracle/site/data/myteam.json (Mo Salad, GW 2)
Up to date (next GW 3, finished 2)
Wrote /home/tars/Projects/fpl-oracle/site/data/myteam.json (Mo Salad, GW 2)
Up to date (next GW 3, finished 2)
Wrote /home/tars/Projects/fpl-oracle/site/data/myteam.json (Mo Salad, GW 2)
Up to date (next GW 3, finished 2)
Wrote /home/tars/Projects/fpl-oracle/site/data/myteam.json (Mo Salad, GW 2)
Up to date (next GW 3, finished 2)
Wrote /home/tars/Projects/fpl-oracle/site/data/myteam.json (Mo Salad, GW 2)
Up to date (next GW 3, finished 2)
Wrote /home/tars/Projects/fpl-oracle/site/data/myteam.json (Mo Salad, GW 2)
Up to date (next GW 3, finished 2)
Wrote /home/tars/Projects/fpl-oracle/site/data/myteam.json (Mo Salad, GW 2)
Up to date (next GW 3, finished 2)
Wrote /home/tars/Projects/fpl-oracle/site/data/myteam.json (Mo Salad, GW 2)
Up to date (next GW 3, finished 2)
Wrote /home/tars/Projects/fpl-oracle/site/data/myteam.json (Mo Salad, GW 2)
Up to date (next GW 3, finished 2)
Wrote /home/tars/Projects/fpl-oracle/site/data/myteam.json (Mo Salad, GW 2)
Up to date (next GW 3, finished 2)
Wrote /home/tars/Projects/fpl-oracle/site/data/myteam.json (Mo Salad, GW 2)
Up to date (next GW 3, finished 2)
Wrote /home/tars/Projects/fpl-oracle/site/data/myteam.json (Mo Salad, GW 2)
Up to date (next GW 3, finished 2)
Wrote /home/tars/Projects/fpl-oracle/site/data/myteam.json (Mo Salad, GW 2)
Up to date (next GW 3, finished 2)
Wrote /home/tars/Projects/fpl-oracle/site/data/myteam.json (Mo Salad, GW 2)
Up to date (next GW 3, finished 2)
Wrote /home/tars/Projects/fpl-oracle/site/data/myteam.json (Mo Salad, GW 2)
Up to date (next GW 3, finished 2)
Wrote /home/tars/Projects/fpl-oracle/site/data/myteam.json (Mo Salad, GW 2)
Up to date (next GW 3, finished 2)
Wrote /home/tars/Projects/fpl-oracle/site/data/myteam.json (Mo Salad, GW 2)
Up to date (next GW 3, finished 2)
Wrote /home/tars/Projects/fpl-oracle/site/data/myteam.json (Mo Salad, GW 2)
Up to date (next GW 3, finished 2)
Wrote /home/tars/Projects/fpl-oracle/site/data/myteam.json (Mo Salad, GW 2)
Up to date (next GW 3, finished 2)
Wrote /home/tars/Projects/fpl-oracle/site/data/myteam.json (Mo Salad, GW 2)
Up to date (next GW 3, finished 2)
Wrote /home/tars/Projects/fpl-oracle/site/data/myteam.json (Mo Salad, GW 2)
Up to date (next GW 3, finished 2)
Wrote /home/tars/Projects/fpl-oracle/site/data/myteam.json (Mo Salad, GW 2)
Up to date (next GW 3, finished 2)
Wrote /home/tars/Projects/fpl-oracle/site/data/myteam.json (Mo Salad, GW 2)
Up to date (next GW 3, finished 2)
Wrote /home/tars/Projects/fpl-oracle/site/data/myteam.json (Mo Salad, GW 2)
Up to date (next GW 3, finished 2)
Wrote /home/tars/Projects/fpl-oracle/site/data/myteam.json (Mo Salad, GW 2)
Up to date (next GW 3, finished 2)
Wrote /home/tars/Projects/fpl-oracle/site/data/myteam.json (Mo Salad, GW 2)
Up to date (next GW 3, finished 2)
Wrote /home/tars/Projects/fpl-oracle/site/data/myteam.json (Mo Salad, GW 2)
Up to date (next GW 3, finished 2)
Wrote /home/tars/Projects/fpl-oracle/site/data/myteam.json (Mo Salad, GW 2)
Up to date (next GW 3, finished 2)
Wrote /home/tars/Projects/fpl-oracle/site/data/myteam.json (Mo Salad, GW 2)
Up to date (next GW 3, finished 2)
Wrote /home/tars/Projects/fpl-oracle/site/data/myteam.json (Mo Salad, GW 2)
Up to date (next GW 3, finished 2)
Wrote /home/tars/Projects/fpl-oracle/site/data/myteam.json (Mo Salad, GW 2)
Up to date (next GW 3, finished 2)
Wrote /home/tars/Projects/fpl-oracle/site/data/myteam.json (Mo Salad, GW 2)
Up to date (next GW 3, finished 2)
Wrote /home/tars/Projects/fpl-oracle/site/data/myteam.json (Mo Salad, GW 2)
Up to date (next GW 3, finished 2)
Wrote /home/tars/Projects/fpl-oracle/site/data/myteam.json (Mo Salad, GW 2)
Up to date (next GW 3, finished 2)
Wrote /home/tars/Projects/fpl-oracle/site/data/myteam.json (Mo Salad, GW 2)
Up to date (next GW 3, finished 2)
Wrote /home/tars/Projects/fpl-oracle/site/data/myteam.json (Mo Salad, GW 2)
Up to date (next GW 3, finished 2)
Wrote /home/tars/Projects/fpl-oracle/site/data/myteam.json (Mo Salad, GW 2)
Up to date (next GW 3, finished 2)
Wrote /home/tars/Projects/fpl-oracle/site/data/myteam.json (Mo Salad, GW 2)
Up to date (next GW 3, finished 2)
Wrote /home/tars/Projects/fpl-oracle/site/data/myteam.json (Mo Salad, GW 2)
Up to date (next GW 3, finished 2)
Wrote /home/tars/Projects/fpl-oracle/site/data/myteam.json (Mo Salad, GW 2)
Up to date (next GW 3, finished 2)
Wrote /home/tars/Projects/fpl-oracle/site/data/myteam.json (Mo Salad, GW 2)
Up to date (next GW 3, finished 2)
Wrote /home/tars/Projects/fpl-oracle/site/data/myteam.json (Mo Salad, GW 2)
Up to date (next GW 3, finished 2)
Wrote /home/tars/Projects/fpl-oracle/site/data/myteam.json (Mo Salad, GW 2)
Up to date (next GW 3, finished 2)
Wrote /home/tars/Projects/fpl-oracle/site/data/myteam.json (Mo Salad, GW 2)
Up to date (next GW 3, finished 2)
Wrote /home/tars/Projects/fpl-oracle/site/data/myteam.json (Mo Salad, GW 2)
Up to date (next GW 3, finished 2)
Wrote /home/tars/Projects/fpl-oracle/site/data/myteam.json (Mo Salad, GW 2)
Up to date (next GW 3, finished 2)
Wrote /home/tars/Projects/fpl-oracle/site/data/myteam.json (Mo Salad, GW 2)
Up to date (next GW 3, finished 2)
Wrote /home/tars/Projects/fpl-oracle/site/data/myteam.json (Mo Salad, GW 2)
Up to date (next GW 3, finished 2)
Wrote /home/tars/Projects/fpl-oracle/site/data/myteam.json (Mo Salad, GW 2)
Up to date (next GW 3, finished 2)
Wrote /home/tars/Projects/fpl-oracle/site/data/myteam.json (Mo Salad, GW 2)
Up to date (next GW 3, finished 2)
Wrote /home/tars/Projects/fpl-oracle/site/data/myteam.json (Mo Salad, GW 2)
Up to date (next GW 3, finished 2)
Wrote /home/tars/Projects/fpl-oracle/site/data/myteam.json (Mo Salad, GW 2)
Up to date (next GW 3, finished 2)
Wrote /home/tars/Projects/fpl-oracle/site/data/myteam.json (Mo Salad, GW 2)
Up to date (next GW 3, finished 2)
Wrote /home/tars/Projects/fpl-oracle/site/data/myteam.json (Mo Salad, GW 2)
Up to date (next GW 3, finished 2)
Wrote /home/tars/Projects/fpl-oracle/site/data/myteam.json (Mo Salad, GW 2)
Up to date (next GW 3, finished 2)
Wrote /home/tars/Projects/fpl-oracle/site/data/myteam.json (Mo Salad, GW 2)
Up to date (next GW 3, finished 2)
Wrote /home/tars/Projects/fpl-oracle/site/data/myteam.json (Mo Salad, GW 2)
Up to date (next GW 3, finished 2)
Wrote /home/tars/Projects/fpl-oracle/site/data/myteam.json (Mo Salad, GW 2)
Up to date (next GW 3, finished 2)
Wrote /home/tars/Projects/fpl-oracle/site/data/myteam.json (Mo Salad, GW 2)
Up to date (next GW 3, finished 2)
Wrote /home/tars/Projects/fpl-oracle/site/data/myteam.json (Mo Salad, GW 2)
Up to date (next GW 3, finished 2)
Wrote /home/tars/Projects/fpl-oracle/site/data/myteam.json (Mo Salad, GW 2)
Up to date (next GW 3, finished 2)
Wrote /home/tars/Projects/fpl-oracle/site/data/myteam.json (Mo Salad, GW 2)
Up to date (next GW 3, finished 2)
Wrote /home/tars/Projects/fpl-oracle/site/data/myteam.json (Mo Salad, GW 2)
Up to date (next GW 3, finished 2)
Wrote /home/tars/Projects/fpl-oracle/site/data/myteam.json (Mo Salad, GW 2)
Up to date (next GW 3, finished 2)
Wrote /home/tars/Projects/fpl-oracle/site/data/myteam.json (Mo Salad, GW 2)
Up to date (next GW 3, finished 2)
Wrote /home/tars/Projects/fpl-oracle/site/data/myteam.json (Mo Salad, GW 2)
Up to date (next GW 3, finished 2)
Wrote /home/tars/Projects/fpl-oracle/site/data/myteam.json (Mo Salad, GW 2)
Up to date (next GW 3, finished 2)
Wrote /home/tars/Projects/fpl-oracle/site/data/myteam.json (Mo Salad, GW 2)
Up to date (next GW 3, finished 2)
Wrote /home/tars/Projects/fpl-oracle/site/data/myteam.json (Mo Salad, GW 2)
Up to date (next GW 3, finished 2)
Wrote /home/tars/Projects/fpl-oracle/site/data/myteam.json (Mo Salad, GW 2)
Up to date (next GW 3, finished 2)
Wrote /home/tars/Projects/fpl-oracle/site/data/myteam.json (Mo Salad, GW 2)
Up to date (next GW 3, finished 2)
Wrote /home/tars/Projects/fpl-oracle/site/data/myteam.json (Mo Salad, GW 2)
Up to date (next GW 3, finished 2)
Wrote /home/tars/Projects/fpl-oracle/site/data/myteam.json (Mo Salad, GW 2)
Up to date (next GW 3, finished 2)
Wrote /home/tars/Projects/fpl-oracle/site/data/myteam.json (Mo Salad, GW 2)
Up to date (next GW 3, finished 2)
Wrote /home/tars/Projects/fpl-oracle/site/data/myteam.json (Mo Salad, GW 2)
Up to date (next GW 3, finished 2)
Wrote /home/tars/Projects/fpl-oracle/site/data/myteam.json (Mo Salad, GW 2)
Up to date (next GW 3, finished 2)
Wrote /home/tars/Projects/fpl-oracle/site/data/myteam.json (Mo Salad, GW 2)
Up to date (next GW 3, finished 2)
Wrote /home/tars/Projects/fpl-oracle/site/data/myteam.json (Mo Salad, GW 2)
Up to date (next GW 3, finished 2)
Wrote /home/tars/Projects/fpl-oracle/site/data/myteam.json (Mo Salad, GW 2)
Up to date (next GW 3, finished 2)
Wrote /home/tars/Projects/fpl-oracle/site/data/myteam.json (Mo Salad, GW 2)
Up to date (next GW 3, finished 2)
Wrote /home/tars/Projects/fpl-oracle/site/data/myteam.json (Mo Salad, GW 2)
Up to date (next GW 3, finished 2)
Wrote /home/tars/Projects/fpl-oracle/site/data/myteam.json (Mo Salad, GW 2)
Up to date (next GW 3, finished 2)
Wrote /home/tars/Projects/fpl-oracle/site/data/myteam.json (Mo Salad, GW 2)
Up to date (next GW 3, finished 2)
Wrote /home/tars/Projects/fpl-oracle/site/data/myteam.json (Mo Salad, GW 2)
Up to date (next GW 3, finished 2)
Wrote /home/tars/Projects/fpl-oracle/site/data/myteam.json (Mo Salad, GW 2)
Up to date (next GW 3, finished 2)
Wrote /home/tars/Projects/fpl-oracle/site/data/myteam.json (Mo Salad, GW 2)
Up to date (next GW 3, finished 2)
Wrote /home/tars/Projects/fpl-oracle/site/data/myteam.json (Mo Salad, GW 2)
Up to date (next GW 3, finished 2)
Wrote /home/tars/Projects/fpl-oracle/site/data/myteam.json (Mo Salad, GW 2)
Up to date (next GW 3, finished 2)
Wrote /home/tars/Projects/fpl-oracle/site/data/myteam.json (Mo Salad, GW 2)
Up to date (next GW 3, finished 2)
Wrote /home/tars/Projects/fpl-oracle/site/data/myteam.json (Mo Salad, GW 2)
Up to date (next GW 3, finished 2)
Wrote /home/tars/Projects/fpl-oracle/site/data/myteam.json (Mo Salad, GW 2)
Up to date (next GW 3, finished 2)
Wrote /home/tars/Projects/fpl-oracle/site/data/myteam.json (Mo Salad, GW 2)
Up to date (next GW 3, finished 2)
Wrote /home/tars/Projects/fpl-oracle/site/data/myteam.json (Mo Salad, GW 2)
Up to date (next GW 3, finished 2)
Wrote /home/tars/Projects/fpl-oracle/site/data/myteam.json (Mo Salad, GW 2)
Up to date (next GW 3, finished 2)
Wrote /home/tars/Projects/fpl-oracle/site/data/myteam.json (Mo Salad, GW 2)
Up to date (next GW 3, finished 2)
Skipping my-team fetch: 'str' object has no attribute 'get'
Up to date (next GW 3, finished 2)
Wrote /home/tars/Projects/fpl-oracle/site/data/myteam.json (Mo Salad, GW 3)
Up to date (next GW 4, finished 2)
Building features for GW 4
Wrote /home/tars/Projects/fpl-oracle/data/X_4.csv (216 players)
Wrote /home/tars/Projects/fpl-oracle/site/data/myteam.json (Mo Salad, GW 3)
Publishing predictions for GW 4...
Training on 1215 instances across 9 gameweeks
  Wrote /home/tars/Projects/fpl-oracle/site/data/predictions.csv (124 players)
  Archived /home/tars/Projects/fpl-oracle/site/data/predictions_2026_4.csv
  Wrote /home/tars/Projects/fpl-oracle/site/data/metrics.json
  Wrote /home/tars/Projects/fpl-oracle/site/data/correlation.json
  Running transfer recommender...
  GW 4: 124 players predicted
  X_5.csv missing, skipping
  X_6.csv missing, skipping
  X_7.csv missing, skipping
  X_8.csv missing, skipping
  Published /home/tars/Projects/fpl-oracle/site/data/transfers.json

Transfer recommendations (over 1 GWs, budget £100.9m, baseline 60.5 pts):
  1 transfer(s), 3 option(s): OUT Rayan Cherki -> IN Morgan Rogers  (63.8 pts, +3.3)
  2 transfer(s), 3 option(s): OUT David Raya Martín, Rayan Cherki -> IN Kjell Scherpen, Morgan Rogers  (65.8 pts, +5.3)
  3 transfer(s), 3 option(s): OUT David Raya Martín, Riccardo Calafiori, Rayan Cherki -> IN Kjell Scherpen, Morgan Rogers, James Tarkowski  (67.7 pts, +7.2)
  4 transfer(s), 3 option(s): OUT David Raya Martín, Riccardo Calafiori, Rayan Cherki, Mamadou Sangaré -> IN Kiernan Dewsbury-Hall, Kjell Scherpen, Morgan Rogers, James Tarkowski  (69.3 pts, +8.8)
  5 transfer(s), 3 option(s): OUT David Raya Martín, Riccardo Calafiori, Rayan Cherki, Mamadou Sangaré, Cole Palmer -> IN Kiernan Dewsbury-Hall, Bruno Borges Fernandes, Kjell Scherpen, Neco Williams, Morgan Rogers  (70.6 pts, +10.1)
Wrote /home/tars/Projects/fpl-oracle/site/data/myteam.json (Mo Salad, GW 3)
Up to date (next GW 4, finished 2)
Wrote /home/tars/Projects/fpl-oracle/site/data/myteam.json (Mo Salad, GW 3)
Up to date (next GW 4, finished 2)
Wrote /home/tars/Projects/fpl-oracle/site/data/myteam.json (Mo Salad, GW 3)
Up to date (next GW 4, finished 2)
Wrote /home/tars/Projects/fpl-oracle/site/data/myteam.json (Mo Salad, GW 3)
Up to date (next GW 4, finished 2)
Wrote /home/tars/Projects/fpl-oracle/site/data/myteam.json (Mo Salad, GW 3)
Up to date (next GW 4, finished 2)
Wrote /home/tars/Projects/fpl-oracle/site/data/myteam.json (Mo Salad, GW 3)
Up to date (next GW 4, finished 2)
Wrote /home/tars/Projects/fpl-oracle/site/data/myteam.json (Mo Salad, GW 3)
Up to date (next GW 4, finished 2)
Wrote /home/tars/Projects/fpl-oracle/site/data/myteam.json (Mo Salad, GW 3)
Up to date (next GW 4, finished 2)
Wrote /home/tars/Projects/fpl-oracle/site/data/myteam.json (Mo Salad, GW 3)
Up to date (next GW 4, finished 2)
Wrote /home/tars/Projects/fpl-oracle/site/data/myteam.json (Mo Salad, GW 3)
Up to date (next GW 4, finished 2)
Wrote /home/tars/Projects/fpl-oracle/site/data/myteam.json (Mo Salad, GW 3)
Up to date (next GW 4, finished 2)
Wrote /home/tars/Projects/fpl-oracle/site/data/myteam.json (Mo Salad, GW 3)
Up to date (next GW 4, finished 2)
Wrote /home/tars/Projects/fpl-oracle/site/data/myteam.json (Mo Salad, GW 3)
Up to date (next GW 4, finished 2)
Wrote /home/tars/Projects/fpl-oracle/site/data/myteam.json (Mo Salad, GW 3)
Up to date (next GW 4, finished 2)
Wrote /home/tars/Projects/fpl-oracle/site/data/myteam.json (Mo Salad, GW 3)
Up to date (next GW 4, finished 2)
Wrote /home/tars/Projects/fpl-oracle/site/data/myteam.json (Mo Salad, GW 3)
Up to date (next GW 4, finished 2)
Wrote /home/tars/Projects/fpl-oracle/site/data/myteam.json (Mo Salad, GW 3)
Up to date (next GW 4, finished 2)
Wrote /home/tars/Projects/fpl-oracle/site/data/myteam.json (Mo Salad, GW 3)
Up to date (next GW 4, finished 2)
Wrote /home/tars/Projects/fpl-oracle/site/data/myteam.json (Mo Salad, GW 3)
Up to date (next GW 4, finished 2)
Wrote /home/tars/Projects/fpl-oracle/site/data/myteam.json (Mo Salad, GW 3)
Up to date (next GW 4, finished 2)
Wrote /home/tars/Projects/fpl-oracle/site/data/myteam.json (Mo Salad, GW 3)
Up to date (next GW 4, finished 2)
Wrote /home/tars/Projects/fpl-oracle/site/data/myteam.json (Mo Salad, GW 3)
Up to date (next GW 4, finished 2)
Wrote /home/tars/Projects/fpl-oracle/site/data/myteam.json (Mo Salad, GW 3)
Up to date (next GW 4, finished 2)
Wrote /home/tars/Projects/fpl-oracle/site/data/myteam.json (Mo Salad, GW 3)
Up to date (next GW 4, finished 2)
Wrote /home/tars/Projects/fpl-oracle/site/data/myteam.json (Mo Salad, GW 3)
Up to date (next GW 4, finished 2)
Wrote /home/tars/Projects/fpl-oracle/site/data/myteam.json (Mo Salad, GW 3)
Up to date (next GW 4, finished 2)
Wrote /home/tars/Projects/fpl-oracle/site/data/myteam.json (Mo Salad, GW 3)
Up to date (next GW 4, finished 2)
Wrote /home/tars/Projects/fpl-oracle/site/data/myteam.json (Mo Salad, GW 3)
Up to date (next GW 4, finished 2)
Wrote /home/tars/Projects/fpl-oracle/site/data/myteam.json (Mo Salad, GW 3)
Up to date (next GW 4, finished 2)
Wrote /home/tars/Projects/fpl-oracle/site/data/myteam.json (Mo Salad, GW 3)
Up to date (next GW 4, finished 2)
Wrote /home/tars/Projects/fpl-oracle/site/data/myteam.json (Mo Salad, GW 3)
Up to date (next GW 4, finished 2)
Wrote /home/tars/Projects/fpl-oracle/site/data/myteam.json (Mo Salad, GW 3)
Up to date (next GW 4, finished 2)
Wrote /home/tars/Projects/fpl-oracle/site/data/myteam.json (Mo Salad, GW 3)
Up to date (next GW 4, finished 2)
Wrote /home/tars/Projects/fpl-oracle/site/data/myteam.json (Mo Salad, GW 3)
Up to date (next GW 4, finished 2)
Wrote /home/tars/Projects/fpl-oracle/site/data/myteam.json (Mo Salad, GW 3)
Up to date (next GW 4, finished 2)
Wrote /home/tars/Projects/fpl-oracle/site/data/myteam.json (Mo Salad, GW 3)
Up to date (next GW 4, finished 2)
Wrote /home/tars/Projects/fpl-oracle/site/data/myteam.json (Mo Salad, GW 3)
Up to date (next GW 4, finished 2)
Wrote /home/tars/Projects/fpl-oracle/site/data/myteam.json (Mo Salad, GW 3)
Up to date (next GW 4, finished 2)
Wrote /home/tars/Projects/fpl-oracle/site/data/myteam.json (Mo Salad, GW 3)
Up to date (next GW 4, finished 2)
Wrote /home/tars/Projects/fpl-oracle/site/data/myteam.json (Mo Salad, GW 3)
Up to date (next GW 4, finished 2)
Wrote /home/tars/Projects/fpl-oracle/site/data/myteam.json (Mo Salad, GW 3)
Up to date (next GW 4, finished 2)
Wrote /home/tars/Projects/fpl-oracle/site/data/myteam.json (Mo Salad, GW 3)
Up to date (next GW 4, finished 2)
Wrote /home/tars/Projects/fpl-oracle/site/data/myteam.json (Mo Salad, GW 3)
Up to date (next GW 4, finished 2)
Wrote /home/tars/Projects/fpl-oracle/site/data/myteam.json (Mo Salad, GW 3)
Up to date (next GW 4, finished 2)
Wrote /home/tars/Projects/fpl-oracle/site/data/myteam.json (Mo Salad, GW 3)
Up to date (next GW 4, finished 2)
Wrote /home/tars/Projects/fpl-oracle/site/data/myteam.json (Mo Salad, GW 3)
Up to date (next GW 4, finished 2)
Wrote /home/tars/Projects/fpl-oracle/site/data/myteam.json (Mo Salad, GW 3)
Up to date (next GW 4, finished 2)
Wrote /home/tars/Projects/fpl-oracle/site/data/myteam.json (Mo Salad, GW 3)
Up to date (next GW 4, finished 2)
Wrote /home/tars/Projects/fpl-oracle/site/data/myteam.json (Mo Salad, GW 3)
Up to date (next GW 4, finished 2)
Wrote /home/tars/Projects/fpl-oracle/site/data/myteam.json (Mo Salad, GW 3)
Up to date (next GW 4, finished 2)
Wrote /home/tars/Projects/fpl-oracle/site/data/myteam.json (Mo Salad, GW 3)
Up to date (next GW 4, finished 2)
Wrote /home/tars/Projects/fpl-oracle/site/data/myteam.json (Mo Salad, GW 3)
Up to date (next GW 4, finished 2)
Wrote /home/tars/Projects/fpl-oracle/site/data/myteam.json (Mo Salad, GW 3)
Up to date (next GW 4, finished 2)
Wrote /home/tars/Projects/fpl-oracle/site/data/myteam.json (Mo Salad, GW 3)
Up to date (live GW 3, next GW 4, finished 2)
Wrote /home/tars/Projects/fpl-oracle/site/data/myteam.json (Mo Salad, GW 3)
Up to date (live GW 3, next GW 4, finished 2)
Wrote /home/tars/Projects/fpl-oracle/site/data/myteam.json (Mo Salad, GW 3)
Up to date (live GW 3, next GW 4, finished 2)
Wrote /home/tars/Projects/fpl-oracle/site/data/myteam.json (Mo Salad, GW 3)
Up to date (live GW 3, next GW 4, finished 2)
Wrote /home/tars/Projects/fpl-oracle/site/data/myteam.json (Mo Salad, GW 3)
Up to date (live GW 3, next GW 4, finished 2)
Wrote /home/tars/Projects/fpl-oracle/site/data/myteam.json (Mo Salad, GW 3)
Up to date (live GW 3, next GW 4, finished 2)
Wrote /home/tars/Projects/fpl-oracle/site/data/myteam.json (Mo Salad, GW 3)
Up to date (live GW 3, next GW 4, finished 2)
Wrote /home/tars/Projects/fpl-oracle/site/data/myteam.json (Mo Salad, GW 3)
Up to date (live GW 3, next GW 4, finished 2)
Wrote /home/tars/Projects/fpl-oracle/site/data/myteam.json (Mo Salad, GW 3)
Up to date (live GW 3, next GW 4, finished 2)
Wrote /home/tars/Projects/fpl-oracle/site/data/myteam.json (Mo Salad, GW 3)
Up to date (live GW 3, next GW 4, finished 2)
Wrote /home/tars/Projects/fpl-oracle/site/data/myteam.json (Mo Salad, GW 3)
Up to date (live GW 3, next GW 4, finished 2)
Wrote /home/tars/Projects/fpl-oracle/site/data/myteam.json (Mo Salad, GW 3)
Up to date (live GW 3, next GW 4, finished 2)
Wrote /home/tars/Projects/fpl-oracle/site/data/myteam.json (Mo Salad, GW 3)
Up to date (live GW 3, next GW 4, finished 2)
Wrote /home/tars/Projects/fpl-oracle/site/data/myteam.json (Mo Salad, GW 3)
Up to date (live GW 3, next GW 4, finished 2)
Wrote /home/tars/Projects/fpl-oracle/site/data/myteam.json (Mo Salad, GW 3)
Up to date (live GW 3, next GW 4, finished 2)
Wrote /home/tars/Projects/fpl-oracle/site/data/myteam.json (Mo Salad, GW 3)
Up to date (live GW 3, next GW 4, finished 2)
Wrote /home/tars/Projects/fpl-oracle/site/data/myteam.json (Mo Salad, GW 3)
Up to date (live GW 3, next GW 4, finished 2)
Wrote /home/tars/Projects/fpl-oracle/site/data/myteam.json (Mo Salad, GW 3)
Up to date (live GW 3, next GW 4, finished 2)
Wrote /home/tars/Projects/fpl-oracle/site/data/myteam.json (Mo Salad, GW 3)
Up to date (live GW 3, next GW 4, finished 2)
Wrote /home/tars/Projects/fpl-oracle/site/data/myteam.json (Mo Salad, GW 3)
Up to date (live GW 3, next GW 4, finished 2)
Wrote /home/tars/Projects/fpl-oracle/site/data/myteam.json (Mo Salad, GW 3)
Up to date (live GW 3, next GW 4, finished 2)
Wrote /home/tars/Projects/fpl-oracle/site/data/myteam.json (Mo Salad, GW 3)
Up to date (live GW 3, next GW 4, finished 2)
Wrote /home/tars/Projects/fpl-oracle/site/data/myteam.json (Mo Salad, GW 3)
Up to date (live GW 3, next GW 4, finished 2)
Wrote /home/tars/Projects/fpl-oracle/site/data/myteam.json (Mo Salad, GW 3)
Up to date (live GW 3, next GW 4, finished 2)
Wrote /home/tars/Projects/fpl-oracle/site/data/myteam.json (Mo Salad, GW 3)
Up to date (live GW 3, next GW 4, finished 2)
Wrote /home/tars/Projects/fpl-oracle/site/data/myteam.json (Mo Salad, GW 3)
Up to date (live GW 3, next GW 4, finished 2)
Wrote /home/tars/Projects/fpl-oracle/site/data/myteam.json (Mo Salad, GW 3)
Up to date (live GW 3, next GW 4, finished 2)
Wrote /home/tars/Projects/fpl-oracle/site/data/myteam.json (Mo Salad, GW 3)
Up to date (live GW 3, next GW 4, finished 2)
Wrote /home/tars/Projects/fpl-oracle/site/data/myteam.json (Mo Salad, GW 3)
Up to date (live GW 3, next GW 4, finished 2)
Wrote /home/tars/Projects/fpl-oracle/site/data/myteam.json (Mo Salad, GW 3)
Up to date (live GW 3, next GW 4, finished 2)
Wrote /home/tars/Projects/fpl-oracle/site/data/myteam.json (Mo Salad, GW 3)
Up to date (live GW 3, next GW 4, finished 2)
Wrote /home/tars/Projects/fpl-oracle/site/data/myteam.json (Mo Salad, GW 3)
Up to date (live GW 3, next GW 4, finished 2)
Wrote /home/tars/Projects/fpl-oracle/site/data/myteam.json (Mo Salad, GW 3)
Up to date (live GW 3, next GW 4, finished 2)
Wrote /home/tars/Projects/fpl-oracle/site/data/myteam.json (Mo Salad, GW 3)
Up to date (live GW 3, next GW 4, finished 2)
Wrote /home/tars/Projects/fpl-oracle/site/data/myteam.json (Mo Salad, GW 3)
Up to date (live GW 3, next GW 4, finished 2)
Wrote /home/tars/Projects/fpl-oracle/site/data/myteam.json (Mo Salad, GW 3)
Up to date (live GW 3, next GW 4, finished 2)
Recording actuals for finished GW 3
Wrote /home/tars/Projects/fpl-oracle/data/y_3.csv
Refreshing features for GW 4
Wrote /home/tars/Projects/fpl-oracle/data/X_4.csv (227 players)
Wrote /home/tars/Projects/fpl-oracle/site/data/myteam.json (Mo Salad, GW 3)
Publishing predictions for GW 4...
Training on 1397 instances across 10 gameweeks
  Wrote /home/tars/Projects/fpl-oracle/site/data/predictions.csv (186 players)
  Archived /home/tars/Projects/fpl-oracle/site/data/predictions_2026_4.csv
  Wrote /home/tars/Projects/fpl-oracle/site/data/metrics.json
  Wrote /home/tars/Projects/fpl-oracle/site/data/correlation.json
  Running transfer recommender...
  GW 4: 186 players predicted
  X_5.csv missing, skipping
  X_6.csv missing, skipping
  X_7.csv missing, skipping
  X_8.csv missing, skipping
  Published /home/tars/Projects/fpl-oracle/site/data/transfers.json

Transfer recommendations (over 1 GWs, budget £100.9m, baseline 57.3 pts):
  1 transfer(s), 3 option(s): OUT Mamadou Sangaré -> IN Keane Lewis-Potter  (59.9 pts, +2.6)
  2 transfer(s), 3 option(s): OUT Riccardo Calafiori, Mamadou Sangaré -> IN Keane Lewis-Potter, Maxim De Cuyper  (62.4 pts, +5.1)
  3 transfer(s), 3 option(s): OUT David Raya Martín, Riccardo Calafiori, Mamadou Sangaré -> IN Maxim De Cuyper, Morgan Rogers, James Trafford  (64.6 pts, +7.3)
  4 transfer(s), 3 option(s): OUT David Raya Martín, Riccardo Calafiori, Dominik Szoboszlai, Mamadou Sangaré -> IN Keane Lewis-Potter, Maxim De Cuyper, Morgan Rogers, James Trafford  (66.3 pts, +9.0)
  5 transfer(s), 3 option(s): OUT David Raya Martín, Lewis Hall, Dominik Szoboszlai, Mamadou Sangaré, Kristoffer Ajer -> IN Keane Lewis-Potter, Maxim De Cuyper, James Tarkowski, Morgan Rogers, James Trafford  (67.8 pts, +10.5)
  Running squad optimizer...
  GW 4: 186 players predicted
Optimizing 1-GW squad (best XI each week)...
  Published /home/tars/Projects/fpl-oracle/site/data/squad.json

Best squad (15 players), avg 71.7 pts/week over 1 GWs:
  Bruno Borges Fernandes              Man Utd      Midfielder  £12.0m  avg 7.01 pts
  João Pedro Junqueira de Jesus       Chelsea      Forward     £7.7m  avg 6.6 pts
  Morgan Rogers                       Chelsea      Midfielder  £7.5m  avg 6.56 pts
  Keane Lewis-Potter                  Brentford    Midfielder  £5.5m  avg 6.09 pts
  Morgan Gibbs-White                  "Nottham Forest" Midfielder  £7.9m  avg 6.05 pts
  Maxim De Cuyper                     Brighton     Defender    £4.7m  avg 5.94 pts
  Cole Palmer                         Chelsea      Midfielder  £9.6m  avg 5.66 pts
  James Tarkowski                     Everton      Defender    £6.0m  avg 5.66 pts
  Neco Williams                       "Nottham Forest" Defender    £5.0m  avg 5.16 pts
  James Justin                        Leeds        Defender    £4.5m  avg 5.12 pts
  James Trafford                      Leeds        Goalkeeper  £5.0m  avg 4.82 pts
  Igor Thiago Nascimento Rodrigues    Brentford    Forward     £8.0m  avg 4.15 pts
  Omar Marmoush                       Spurs        Forward     £7.0m  avg 3.52 pts
  Kjell Scherpen                      Ipswich      Goalkeeper  £4.5m  avg 2.88 pts
  Joachim Andersen                    Fulham       Defender    £5.0m  avg 2.52 pts

GW 4 — 4-5-1 — 71.7 pts
  Bruno Borges Fernandes              Midfielder  7.0 pts (C)
  João Pedro Junqueira de Jesus       Forward     6.6 pts
  Morgan Rogers                       Midfielder  6.6 pts
  Keane Lewis-Potter                  Midfielder  6.1 pts
  Morgan Gibbs-White                  Midfielder  6.0 pts
  Maxim De Cuyper                     Defender    5.9 pts
  Cole Palmer                         Midfielder  5.7 pts
  James Tarkowski                     Defender    5.7 pts
  Neco Williams                       Defender    5.2 pts
  James Justin                        Defender    5.1 pts
  James Trafford                      Goalkeeper  4.8 pts
  Bench:
  Igor Thiago Nascimento Rodrigues    Forward     4.2 pts
  Omar Marmoush                       Forward     3.5 pts
  Kjell Scherpen                      Goalkeeper  2.9 pts
  Joachim Andersen                    Defender    2.5 pts
Wrote /home/tars/Projects/fpl-oracle/site/data/myteam.json (Mo Salad, GW 3)
Up to date (live GW 3, next GW 4, finished 3)
Wrote /home/tars/Projects/fpl-oracle/site/data/myteam.json (Mo Salad, GW 3)
Up to date (live GW 3, next GW 4, finished 3)
Wrote /home/tars/Projects/fpl-oracle/site/data/myteam.json (Mo Salad, GW 3)
Up to date (live GW 3, next GW 4, finished 3)
Wrote /home/tars/Projects/fpl-oracle/site/data/myteam.json (Mo Salad, GW 3)
Up to date (live GW 3, next GW 4, finished 3)
Wrote /home/tars/Projects/fpl-oracle/site/data/myteam.json (Mo Salad, GW 3)
Up to date (live GW 3, next GW 4, finished 3)
Wrote /home/tars/Projects/fpl-oracle/site/data/myteam.json (Mo Salad, GW 3)
Up to date (live GW 3, next GW 4, finished 3)
Wrote /home/tars/Projects/fpl-oracle/site/data/myteam.json (Mo Salad, GW 3)
Up to date (live GW 3, next GW 4, finished 3)
Wrote /home/tars/Projects/fpl-oracle/site/data/myteam.json (Mo Salad, GW 3)
Up to date (live GW 3, next GW 4, finished 3)
Wrote /home/tars/Projects/fpl-oracle/site/data/myteam.json (Mo Salad, GW 3)
Up to date (live GW 3, next GW 4, finished 3)
Wrote /home/tars/Projects/fpl-oracle/site/data/myteam.json (Mo Salad, GW 3)
Up to date (live GW 3, next GW 4, finished 3)
Wrote /home/tars/Projects/fpl-oracle/site/data/myteam.json (Mo Salad, GW 3)
Up to date (live GW 3, next GW 4, finished 3)
Wrote /home/tars/Projects/fpl-oracle/site/data/myteam.json (Mo Salad, GW 3)
Up to date (live GW 3, next GW 4, finished 3)
Wrote /home/tars/Projects/fpl-oracle/site/data/myteam.json (Mo Salad, GW 3)
Up to date (live GW 3, next GW 4, finished 3)
Wrote /home/tars/Projects/fpl-oracle/site/data/myteam.json (Mo Salad, GW 3)
Up to date (live GW 3, next GW 4, finished 3)
Wrote /home/tars/Projects/fpl-oracle/site/data/myteam.json (Mo Salad, GW 3)
Up to date (live GW 3, next GW 4, finished 3)
Wrote /home/tars/Projects/fpl-oracle/site/data/myteam.json (Mo Salad, GW 3)
Up to date (live GW 3, next GW 4, finished 3)
Wrote /home/tars/Projects/fpl-oracle/site/data/myteam.json (Mo Salad, GW 3)
Up to date (live GW 3, next GW 4, finished 3)
Wrote /home/tars/Projects/fpl-oracle/site/data/myteam.json (Mo Salad, GW 3)
Up to date (live GW 3, next GW 4, finished 3)
Wrote /home/tars/Projects/fpl-oracle/site/data/myteam.json (Mo Salad, GW 3)
Up to date (live GW 3, next GW 4, finished 3)
Wrote /home/tars/Projects/fpl-oracle/site/data/myteam.json (Mo Salad, GW 3)
Up to date (live GW 3, next GW 4, finished 3)
Wrote /home/tars/Projects/fpl-oracle/site/data/myteam.json (Mo Salad, GW 3)
Up to date (live GW 3, next GW 4, finished 3)
Wrote /home/tars/Projects/fpl-oracle/site/data/myteam.json (Mo Salad, GW 3)
Up to date (live GW 3, next GW 4, finished 3)
Wrote /home/tars/Projects/fpl-oracle/site/data/myteam.json (Mo Salad, GW 3)
Up to date (live GW 3, next GW 4, finished 3)
Wrote /home/tars/Projects/fpl-oracle/site/data/myteam.json (Mo Salad, GW 3)
Up to date (live GW 3, next GW 4, finished 3)
Wrote /home/tars/Projects/fpl-oracle/site/data/myteam.json (Mo Salad, GW 3)
Up to date (live GW 3, next GW 4, finished 3)
Wrote /home/tars/Projects/fpl-oracle/site/data/myteam.json (Mo Salad, GW 3)
Up to date (live GW 3, next GW 4, finished 3)
Wrote /home/tars/Projects/fpl-oracle/site/data/myteam.json (Mo Salad, GW 3)
Up to date (live GW 3, next GW 4, finished 3)
Wrote /home/tars/Projects/fpl-oracle/site/data/myteam.json (Mo Salad, GW 3)
Up to date (live GW 3, next GW 4, finished 3)
Wrote /home/tars/Projects/fpl-oracle/site/data/myteam.json (Mo Salad, GW 3)
Up to date (live GW 3, next GW 4, finished 3)
Wrote /home/tars/Projects/fpl-oracle/site/data/myteam.json (Mo Salad, GW 3)
Up to date (live GW 3, next GW 4, finished 3)
Wrote /home/tars/Projects/fpl-oracle/site/data/myteam.json (Mo Salad, GW 3)
Up to date (live GW 3, next GW 4, finished 3)
Wrote /home/tars/Projects/fpl-oracle/site/data/myteam.json (Mo Salad, GW 3)
Up to date (live GW 3, next GW 4, finished 3)
Wrote /home/tars/Projects/fpl-oracle/site/data/myteam.json (Mo Salad, GW 3)
Up to date (live GW 3, next GW 4, finished 3)
Wrote /home/tars/Projects/fpl-oracle/site/data/myteam.json (Mo Salad, GW 3)
Up to date (live GW 3, next GW 4, finished 3)
Wrote /home/tars/Projects/fpl-oracle/site/data/myteam.json (Mo Salad, GW 3)
Up to date (live GW 3, next GW 4, finished 3)
Wrote /home/tars/Projects/fpl-oracle/site/data/myteam.json (Mo Salad, GW 3)
Up to date (live GW 3, next GW 4, finished 3)
Wrote /home/tars/Projects/fpl-oracle/site/data/myteam.json (Mo Salad, GW 3)
Up to date (live GW 3, next GW 4, finished 3)
Wrote /home/tars/Projects/fpl-oracle/site/data/myteam.json (Mo Salad, GW 3)
Up to date (live GW 3, next GW 4, finished 3)
Wrote /home/tars/Projects/fpl-oracle/site/data/myteam.json (Mo Salad, GW 3)
Up to date (live GW 3, next GW 4, finished 3)
Wrote /home/tars/Projects/fpl-oracle/site/data/myteam.json (Mo Salad, GW 3)
Up to date (live GW 3, next GW 4, finished 3)
Wrote /home/tars/Projects/fpl-oracle/site/data/myteam.json (Mo Salad, GW 3)
Up to date (live GW 3, next GW 4, finished 3)
Wrote /home/tars/Projects/fpl-oracle/site/data/myteam.json (Mo Salad, GW 3)
Up to date (live GW 3, next GW 4, finished 3)
Wrote /home/tars/Projects/fpl-oracle/site/data/myteam.json (Mo Salad, GW 3)
Up to date (live GW 3, next GW 4, finished 3)
Wrote /home/tars/Projects/fpl-oracle/site/data/myteam.json (Mo Salad, GW 3)
Up to date (live GW 3, next GW 4, finished 3)
Wrote /home/tars/Projects/fpl-oracle/site/data/myteam.json (Mo Salad, GW 3)
Up to date (live GW 3, next GW 4, finished 3)
Wrote /home/tars/Projects/fpl-oracle/site/data/myteam.json (Mo Salad, GW 3)
Up to date (live GW 3, next GW 4, finished 3)
Wrote /home/tars/Projects/fpl-oracle/site/data/myteam.json (Mo Salad, GW 3)
Up to date (live GW 3, next GW 4, finished 3)
Wrote /home/tars/Projects/fpl-oracle/site/data/myteam.json (Mo Salad, GW 3)
Up to date (live GW 3, next GW 4, finished 3)
Wrote /home/tars/Projects/fpl-oracle/site/data/myteam.json (Mo Salad, GW 3)
Up to date (live GW 3, next GW 4, finished 3)
Wrote /home/tars/Projects/fpl-oracle/site/data/myteam.json (Mo Salad, GW 3)
Up to date (live GW 3, next GW 4, finished 3)
Wrote /home/tars/Projects/fpl-oracle/site/data/myteam.json (Mo Salad, GW 3)
Up to date (live GW 3, next GW 4, finished 3)
Wrote /home/tars/Projects/fpl-oracle/site/data/myteam.json (Mo Salad, GW 3)
Up to date (live GW 3, next GW 4, finished 3)
Wrote /home/tars/Projects/fpl-oracle/site/data/myteam.json (Mo Salad, GW 3)
Up to date (live GW 3, next GW 4, finished 3)
Wrote /home/tars/Projects/fpl-oracle/site/data/myteam.json (Mo Salad, GW 3)
Up to date (live GW 3, next GW 4, finished 3)
Wrote /home/tars/Projects/fpl-oracle/site/data/myteam.json (Mo Salad, GW 3)
Up to date (live GW 3, next GW 4, finished 3)
Wrote /home/tars/Projects/fpl-oracle/site/data/myteam.json (Mo Salad, GW 3)
Up to date (live GW 3, next GW 4, finished 3)
Wrote /home/tars/Projects/fpl-oracle/site/data/myteam.json (Mo Salad, GW 3)
Up to date (live GW 3, next GW 4, finished 3)
Wrote /home/tars/Projects/fpl-oracle/site/data/myteam.json (Mo Salad, GW 3)
Up to date (live GW 3, next GW 4, finished 3)
Wrote /home/tars/Projects/fpl-oracle/site/data/myteam.json (Mo Salad, GW 3)
Up to date (live GW 3, next GW 4, finished 3)
Wrote /home/tars/Projects/fpl-oracle/site/data/myteam.json (Mo Salad, GW 3)
Up to date (live GW 3, next GW 4, finished 3)
Wrote /home/tars/Projects/fpl-oracle/site/data/myteam.json (Mo Salad, GW 3)
Up to date (live GW 3, next GW 4, finished 3)
Wrote /home/tars/Projects/fpl-oracle/site/data/myteam.json (Mo Salad, GW 3)
Up to date (live GW 3, next GW 4, finished 3)
Wrote /home/tars/Projects/fpl-oracle/site/data/myteam.json (Mo Salad, GW 3)
Up to date (live GW 3, next GW 4, finished 3)
Wrote /home/tars/Projects/fpl-oracle/site/data/myteam.json (Mo Salad, GW 3)
Up to date (live GW 3, next GW 4, finished 3)
Wrote /home/tars/Projects/fpl-oracle/site/data/myteam.json (Mo Salad, GW 3)
Up to date (live GW 3, next GW 4, finished 3)
Wrote /home/tars/Projects/fpl-oracle/site/data/myteam.json (Mo Salad, GW 3)
Up to date (live GW 3, next GW 4, finished 3)
Wrote /home/tars/Projects/fpl-oracle/site/data/myteam.json (Mo Salad, GW 3)
Up to date (live GW 3, next GW 4, finished 3)
Wrote /home/tars/Projects/fpl-oracle/site/data/myteam.json (Mo Salad, GW 3)
Up to date (live GW 3, next GW 4, finished 3)
Wrote /home/tars/Projects/fpl-oracle/site/data/myteam.json (Mo Salad, GW 3)
Up to date (live GW 3, next GW 4, finished 3)
Wrote /home/tars/Projects/fpl-oracle/site/data/myteam.json (Mo Salad, GW 3)
Up to date (live GW 3, next GW 4, finished 3)
Wrote /home/tars/Projects/fpl-oracle/site/data/myteam.json (Mo Salad, GW 3)
Up to date (live GW 3, next GW 4, finished 3)
Wrote /home/tars/Projects/fpl-oracle/site/data/myteam.json (Mo Salad, GW 3)
Up to date (live GW 3, next GW 4, finished 3)
Wrote /home/tars/Projects/fpl-oracle/site/data/myteam.json (Mo Salad, GW 3)
Up to date (live GW 3, next GW 4, finished 3)
Wrote /home/tars/Projects/fpl-oracle/site/data/myteam.json (Mo Salad, GW 3)
Up to date (live GW 3, next GW 4, finished 3)
Wrote /home/tars/Projects/fpl-oracle/site/data/myteam.json (Mo Salad, GW 3)
Up to date (live GW 3, next GW 4, finished 3)
Wrote /home/tars/Projects/fpl-oracle/site/data/myteam.json (Mo Salad, GW 3)
Up to date (live GW 3, next GW 4, finished 3)
Wrote /home/tars/Projects/fpl-oracle/site/data/myteam.json (Mo Salad, GW 3)
Up to date (live GW 3, next GW 4, finished 3)
Wrote /home/tars/Projects/fpl-oracle/site/data/myteam.json (Mo Salad, GW 3)
Up to date (live GW 3, next GW 4, finished 3)
Wrote /home/tars/Projects/fpl-oracle/site/data/myteam.json (Mo Salad, GW 3)
Up to date (live GW 3, next GW 4, finished 3)
Wrote /home/tars/Projects/fpl-oracle/site/data/myteam.json (Mo Salad, GW 3)
Up to date (live GW 3, next GW 4, finished 3)
Wrote /home/tars/Projects/fpl-oracle/site/data/myteam.json (Mo Salad, GW 3)
Up to date (live GW 3, next GW 4, finished 3)
Wrote /home/tars/Projects/fpl-oracle/site/data/myteam.json (Mo Salad, GW 3)
Up to date (live GW 3, next GW 4, finished 3)
Wrote /home/tars/Projects/fpl-oracle/site/data/myteam.json (Mo Salad, GW 3)
Up to date (live GW 3, next GW 4, finished 3)
Wrote /home/tars/Projects/fpl-oracle/site/data/myteam.json (Mo Salad, GW 3)
Up to date (live GW 3, next GW 4, finished 3)
Wrote /home/tars/Projects/fpl-oracle/site/data/myteam.json (Mo Salad, GW 3)
Up to date (live GW 3, next GW 4, finished 3)
Wrote /home/tars/Projects/fpl-oracle/site/data/myteam.json (Mo Salad, GW 3)
Up to date (live GW 3, next GW 4, finished 3)
Wrote /home/tars/Projects/fpl-oracle/site/data/myteam.json (Mo Salad, GW 3)
Up to date (live GW 3, next GW 4, finished 3)
Wrote /home/tars/Projects/fpl-oracle/site/data/myteam.json (Mo Salad, GW 3)
Up to date (live GW 3, next GW 4, finished 3)
Wrote /home/tars/Projects/fpl-oracle/site/data/myteam.json (Mo Salad, GW 3)
Up to date (live GW 3, next GW 4, finished 3)
Wrote /home/tars/Projects/fpl-oracle/site/data/myteam.json (Mo Salad, GW 3)
Up to date (live GW 3, next GW 4, finished 3)
Wrote /home/tars/Projects/fpl-oracle/site/data/myteam.json (Mo Salad, GW 3)
Up to date (live GW 3, next GW 4, finished 3)
Wrote /home/tars/Projects/fpl-oracle/site/data/myteam.json (Mo Salad, GW 3)
Up to date (live GW 3, next GW 4, finished 3)
Wrote /home/tars/Projects/fpl-oracle/site/data/myteam.json (Mo Salad, GW 3)
Up to date (live GW 3, next GW 4, finished 3)
Wrote /home/tars/Projects/fpl-oracle/site/data/myteam.json (Mo Salad, GW 3)
Up to date (live GW 3, next GW 4, finished 3)
Wrote /home/tars/Projects/fpl-oracle/site/data/myteam.json (Mo Salad, GW 3)
Up to date (live GW 3, next GW 4, finished 3)
Wrote /home/tars/Projects/fpl-oracle/site/data/myteam.json (Mo Salad, GW 3)
Up to date (live GW 3, next GW 4, finished 3)
Wrote /home/tars/Projects/fpl-oracle/site/data/myteam.json (Mo Salad, GW 3)
Up to date (live GW 3, next GW 4, finished 3)
Wrote /home/tars/Projects/fpl-oracle/site/data/myteam.json (Mo Salad, GW 3)
Up to date (live GW 3, next GW 4, finished 3)
Wrote /home/tars/Projects/fpl-oracle/site/data/myteam.json (Mo Salad, GW 3)
Up to date (live GW 3, next GW 4, finished 3)
Wrote /home/tars/Projects/fpl-oracle/site/data/myteam.json (Mo Salad, GW 3)
Up to date (live GW 3, next GW 4, finished 3)
Wrote /home/tars/Projects/fpl-oracle/site/data/myteam.json (Mo Salad, GW 3)
Up to date (live GW 3, next GW 4, finished 3)
Wrote /home/tars/Projects/fpl-oracle/site/data/myteam.json (Mo Salad, GW 3)
Up to date (live GW 3, next GW 4, finished 3)
Wrote /home/tars/Projects/fpl-oracle/site/data/myteam.json (Mo Salad, GW 3)
Up to date (live GW 3, next GW 4, finished 3)
Wrote /home/tars/Projects/fpl-oracle/site/data/myteam.json (Mo Salad, GW 3)
Up to date (live GW 3, next GW 4, finished 3)
Wrote /home/tars/Projects/fpl-oracle/site/data/myteam.json (Mo Salad, GW 3)
Up to date (live GW 3, next GW 4, finished 3)
Wrote /home/tars/Projects/fpl-oracle/site/data/myteam.json (Mo Salad, GW 3)
Up to date (live GW 3, next GW 4, finished 3)
Wrote /home/tars/Projects/fpl-oracle/site/data/myteam.json (Mo Salad, GW 3)
Up to date (live GW 3, next GW 4, finished 3)
Wrote /home/tars/Projects/fpl-oracle/site/data/myteam.json (Mo Salad, GW 3)
Up to date (live GW 3, next GW 4, finished 3)
Wrote /home/tars/Projects/fpl-oracle/site/data/myteam.json (Mo Salad, GW 3)
Up to date (live GW 3, next GW 4, finished 3)
Wrote /home/tars/Projects/fpl-oracle/site/data/myteam.json (Mo Salad, GW 3)
Up to date (live GW 3, next GW 4, finished 3)
Wrote /home/tars/Projects/fpl-oracle/site/data/myteam.json (Mo Salad, GW 3)
Up to date (live GW 3, next GW 4, finished 3)
Wrote /home/tars/Projects/fpl-oracle/site/data/myteam.json (Mo Salad, GW 3)
Up to date (live GW 3, next GW 4, finished 3)
Wrote /home/tars/Projects/fpl-oracle/site/data/myteam.json (Mo Salad, GW 3)
Up to date (live GW 3, next GW 4, finished 3)
Wrote /home/tars/Projects/fpl-oracle/site/data/myteam.json (Mo Salad, GW 3)
Up to date (live GW 3, next GW 4, finished 3)
Wrote /home/tars/Projects/fpl-oracle/site/data/myteam.json (Mo Salad, GW 3)
Up to date (live GW 3, next GW 4, finished 3)
Wrote /home/tars/Projects/fpl-oracle/site/data/myteam.json (Mo Salad, GW 3)
Up to date (live GW 3, next GW 4, finished 3)
Wrote /home/tars/Projects/fpl-oracle/site/data/myteam.json (Mo Salad, GW 3)
Up to date (live GW 3, next GW 4, finished 3)
Wrote /home/tars/Projects/fpl-oracle/site/data/myteam.json (Mo Salad, GW 3)
Up to date (live GW 3, next GW 4, finished 3)
Wrote /home/tars/Projects/fpl-oracle/site/data/myteam.json (Mo Salad, GW 3)
Up to date (live GW 3, next GW 4, finished 3)
Wrote /home/tars/Projects/fpl-oracle/site/data/myteam.json (Mo Salad, GW 3)
Up to date (live GW 3, next GW 4, finished 3)
Wrote /home/tars/Projects/fpl-oracle/site/data/myteam.json (Mo Salad, GW 3)
Up to date (live GW 3, next GW 4, finished 3)
Wrote /home/tars/Projects/fpl-oracle/site/data/myteam.json (Mo Salad, GW 3)
Up to date (live GW 3, next GW 4, finished 3)
Wrote /home/tars/Projects/fpl-oracle/site/data/myteam.json (Mo Salad, GW 3)
Up to date (live GW 3, next GW 4, finished 3)
Wrote /home/tars/Projects/fpl-oracle/site/data/myteam.json (Mo Salad, GW 3)
Up to date (live GW 3, next GW 4, finished 3)
Wrote /home/tars/Projects/fpl-oracle/site/data/myteam.json (Mo Salad, GW 3)
Up to date (live GW 3, next GW 4, finished 3)
Wrote /home/tars/Projects/fpl-oracle/site/data/myteam.json (Mo Salad, GW 3)
Up to date (live GW 3, next GW 4, finished 3)
Wrote /home/tars/Projects/fpl-oracle/site/data/myteam.json (Mo Salad, GW 3)
Up to date (live GW 3, next GW 4, finished 3)
Wrote /home/tars/Projects/fpl-oracle/site/data/myteam.json (Mo Salad, GW 3)
Up to date (live GW 3, next GW 4, finished 3)
Wrote /home/tars/Projects/fpl-oracle/site/data/myteam.json (Mo Salad, GW 3)
Up to date (live GW 3, next GW 4, finished 3)
Wrote /home/tars/Projects/fpl-oracle/site/data/myteam.json (Mo Salad, GW 3)
Up to date (live GW 3, next GW 4, finished 3)
Wrote /home/tars/Projects/fpl-oracle/site/data/myteam.json (Mo Salad, GW 3)
Up to date (live GW 3, next GW 4, finished 3)
Wrote /home/tars/Projects/fpl-oracle/site/data/myteam.json (Mo Salad, GW 3)
Up to date (live GW 3, next GW 4, finished 3)
Wrote /home/tars/Projects/fpl-oracle/site/data/myteam.json (Mo Salad, GW 3)
Up to date (live GW 3, next GW 4, finished 3)
Wrote /home/tars/Projects/fpl-oracle/site/data/myteam.json (Mo Salad, GW 3)
Up to date (live GW 3, next GW 4, finished 3)
Wrote /home/tars/Projects/fpl-oracle/site/data/myteam.json (Mo Salad, GW 3)
Up to date (live GW 3, next GW 4, finished 3)
Wrote /home/tars/Projects/fpl-oracle/site/data/myteam.json (Mo Salad, GW 3)
Up to date (live GW 3, next GW 4, finished 3)
Wrote /home/tars/Projects/fpl-oracle/site/data/myteam.json (Mo Salad, GW 3)
Up to date (live GW 3, next GW 4, finished 3)
Wrote /home/tars/Projects/fpl-oracle/site/data/myteam.json (Mo Salad, GW 3)
Up to date (live GW 3, next GW 4, finished 3)
Wrote /home/tars/Projects/fpl-oracle/site/data/myteam.json (Mo Salad, GW 3)
Up to date (live GW 3, next GW 4, finished 3)
Wrote /home/tars/Projects/fpl-oracle/site/data/myteam.json (Mo Salad, GW 3)
Up to date (live GW 3, next GW 4, finished 3)
Wrote /home/tars/Projects/fpl-oracle/site/data/myteam.json (Mo Salad, GW 3)
Up to date (live GW 3, next GW 4, finished 3)
Wrote /home/tars/Projects/fpl-oracle/site/data/myteam.json (Mo Salad, GW 3)
Up to date (live GW 3, next GW 4, finished 3)
Wrote /home/tars/Projects/fpl-oracle/site/data/myteam.json (Mo Salad, GW 3)
Up to date (live GW 3, next GW 4, finished 3)
Wrote /home/tars/Projects/fpl-oracle/site/data/myteam.json (Mo Salad, GW 3)
Up to date (live GW 3, next GW 4, finished 3)
Wrote /home/tars/Projects/fpl-oracle/site/data/myteam.json (Mo Salad, GW 3)
Up to date (live GW 3, next GW 4, finished 3)
Wrote /home/tars/Projects/fpl-oracle/site/data/myteam.json (Mo Salad, GW 3)
Up to date (live GW 3, next GW 4, finished 3)
Wrote /home/tars/Projects/fpl-oracle/site/data/myteam.json (Mo Salad, GW 3)
Up to date (live GW 3, next GW 4, finished 3)
Wrote /home/tars/Projects/fpl-oracle/site/data/myteam.json (Mo Salad, GW 3)
Up to date (live GW 3, next GW 4, finished 3)
Wrote /home/tars/Projects/fpl-oracle/site/data/myteam.json (Mo Salad, GW 3)
Up to date (live GW 3, next GW 4, finished 3)
Wrote /home/tars/Projects/fpl-oracle/site/data/myteam.json (Mo Salad, GW 3)
Up to date (live GW 3, next GW 4, finished 3)
Wrote /home/tars/Projects/fpl-oracle/site/data/myteam.json (Mo Salad, GW 3)
Up to date (live GW 3, next GW 4, finished 3)
Wrote /home/tars/Projects/fpl-oracle/site/data/myteam.json (Mo Salad, GW 3)
Up to date (live GW 3, next GW 4, finished 3)
Wrote /home/tars/Projects/fpl-oracle/site/data/myteam.json (Mo Salad, GW 3)
Up to date (live GW 3, next GW 4, finished 3)
Wrote /home/tars/Projects/fpl-oracle/site/data/myteam.json (Mo Salad, GW 3)
Up to date (live GW 3, next GW 4, finished 3)
Wrote /home/tars/Projects/fpl-oracle/site/data/myteam.json (Mo Salad, GW 3)
Up to date (live GW 3, next GW 4, finished 3)
Wrote /home/tars/Projects/fpl-oracle/site/data/myteam.json (Mo Salad, GW 3)
Up to date (live GW 3, next GW 4, finished 3)
Wrote /home/tars/Projects/fpl-oracle/site/data/myteam.json (Mo Salad, GW 3)
Up to date (live GW 3, next GW 4, finished 3)
Wrote /home/tars/Projects/fpl-oracle/site/data/myteam.json (Mo Salad, GW 3)
Up to date (live GW 3, next GW 4, finished 3)
Wrote /home/tars/Projects/fpl-oracle/site/data/myteam.json (Mo Salad, GW 3)
Up to date (live GW 3, next GW 4, finished 3)
Wrote /home/tars/Projects/fpl-oracle/site/data/myteam.json (Mo Salad, GW 3)
Up to date (live GW 3, next GW 4, finished 3)
Wrote /home/tars/Projects/fpl-oracle/site/data/myteam.json (Mo Salad, GW 3)
Up to date (live GW 3, next GW 4, finished 3)
Wrote /home/tars/Projects/fpl-oracle/site/data/myteam.json (Mo Salad, GW 3)
Up to date (live GW 3, next GW 4, finished 3)
Wrote /home/tars/Projects/fpl-oracle/site/data/myteam.json (Mo Salad, GW 3)
Up to date (live GW 3, next GW 4, finished 3)
Wrote /home/tars/Projects/fpl-oracle/site/data/myteam.json (Mo Salad, GW 3)
Up to date (live GW 3, next GW 4, finished 3)
Wrote /home/tars/Projects/fpl-oracle/site/data/myteam.json (Mo Salad, GW 3)
Up to date (live GW 3, next GW 4, finished 3)
Wrote /home/tars/Projects/fpl-oracle/site/data/myteam.json (Mo Salad, GW 3)
Up to date (live GW 3, next GW 4, finished 3)
Wrote /home/tars/Projects/fpl-oracle/site/data/myteam.json (Mo Salad, GW 3)
Up to date (live GW 3, next GW 4, finished 3)
Wrote /home/tars/Projects/fpl-oracle/site/data/myteam.json (Mo Salad, GW 3)
Up to date (live GW 3, next GW 4, finished 3)
Wrote /home/tars/Projects/fpl-oracle/site/data/myteam.json (Mo Salad, GW 3)
Up to date (live GW 3, next GW 4, finished 3)
Wrote /home/tars/Projects/fpl-oracle/site/data/myteam.json (Mo Salad, GW 3)
Up to date (live GW 3, next GW 4, finished 3)
Wrote /home/tars/Projects/fpl-oracle/site/data/myteam.json (Mo Salad, GW 3)
Up to date (live GW 3, next GW 4, finished 3)
Wrote /home/tars/Projects/fpl-oracle/site/data/myteam.json (Mo Salad, GW 3)
Up to date (live GW 3, next GW 4, finished 3)
Wrote /home/tars/Projects/fpl-oracle/site/data/myteam.json (Mo Salad, GW 3)
Up to date (live GW 3, next GW 4, finished 3)
Wrote /home/tars/Projects/fpl-oracle/site/data/myteam.json (Mo Salad, GW 3)
Up to date (live GW 3, next GW 4, finished 3)
Wrote /home/tars/Projects/fpl-oracle/site/data/myteam.json (Mo Salad, GW 3)
Up to date (live GW 3, next GW 4, finished 3)
Wrote /home/tars/Projects/fpl-oracle/site/data/myteam.json (Mo Salad, GW 3)
Up to date (live GW 3, next GW 4, finished 3)
Wrote /home/tars/Projects/fpl-oracle/site/data/myteam.json (Mo Salad, GW 3)
Up to date (live GW 3, next GW 4, finished 3)
Wrote /home/tars/Projects/fpl-oracle/site/data/myteam.json (Mo Salad, GW 3)
Up to date (live GW 3, next GW 4, finished 3)
Wrote /home/tars/Projects/fpl-oracle/site/data/myteam.json (Mo Salad, GW 3)
Up to date (live GW 3, next GW 4, finished 3)
Wrote /home/tars/Projects/fpl-oracle/site/data/myteam.json (Mo Salad, GW 3)
Up to date (live GW 3, next GW 4, finished 3)
Wrote /home/tars/Projects/fpl-oracle/site/data/myteam.json (Mo Salad, GW 3)
Up to date (live GW 3, next GW 4, finished 3)
Wrote /home/tars/Projects/fpl-oracle/site/data/myteam.json (Mo Salad, GW 3)
Up to date (live GW 3, next GW 4, finished 3)
Wrote /home/tars/Projects/fpl-oracle/site/data/myteam.json (Mo Salad, GW 3)
Up to date (live GW 3, next GW 4, finished 3)
Wrote /home/tars/Projects/fpl-oracle/site/data/myteam.json (Mo Salad, GW 3)
Up to date (live GW 3, next GW 4, finished 3)
Wrote /home/tars/Projects/fpl-oracle/site/data/myteam.json (Mo Salad, GW 3)
Up to date (live GW 3, next GW 4, finished 3)
Wrote /home/tars/Projects/fpl-oracle/site/data/myteam.json (Mo Salad, GW 3)
Up to date (live GW 3, next GW 4, finished 3)
Wrote /home/tars/Projects/fpl-oracle/site/data/myteam.json (Mo Salad, GW 3)
Up to date (live GW 3, next GW 4, finished 3)
Wrote /home/tars/Projects/fpl-oracle/site/data/myteam.json (Mo Salad, GW 3)
Up to date (live GW 3, next GW 4, finished 3)
Wrote /home/tars/Projects/fpl-oracle/site/data/myteam.json (Mo Salad, GW 3)
Up to date (live GW 3, next GW 4, finished 3)
Wrote /home/tars/Projects/fpl-oracle/site/data/myteam.json (Mo Salad, GW 3)
Up to date (live GW 3, next GW 4, finished 3)
Wrote /home/tars/Projects/fpl-oracle/site/data/myteam.json (Mo Salad, GW 3)
Up to date (live GW 3, next GW 4, finished 3)
Wrote /home/tars/Projects/fpl-oracle/site/data/myteam.json (Mo Salad, GW 3)
Up to date (live GW 3, next GW 4, finished 3)
Wrote /home/tars/Projects/fpl-oracle/site/data/myteam.json (Mo Salad, GW 3)
Up to date (live GW 3, next GW 4, finished 3)
Wrote /home/tars/Projects/fpl-oracle/site/data/myteam.json (Mo Salad, GW 3)
Up to date (live GW 3, next GW 4, finished 3)
Wrote /home/tars/Projects/fpl-oracle/site/data/myteam.json (Mo Salad, GW 3)
Up to date (live GW 3, next GW 4, finished 3)
Wrote /home/tars/Projects/fpl-oracle/site/data/myteam.json (Mo Salad, GW 3)
Up to date (live GW 3, next GW 4, finished 3)
Wrote /home/tars/Projects/fpl-oracle/site/data/myteam.json (Mo Salad, GW 3)
Up to date (live GW 3, next GW 4, finished 3)
Wrote /home/tars/Projects/fpl-oracle/site/data/myteam.json (Mo Salad, GW 3)
Up to date (live GW 3, next GW 4, finished 3)
Wrote /home/tars/Projects/fpl-oracle/site/data/myteam.json (Mo Salad, GW 3)
Up to date (live GW 3, next GW 4, finished 3)
Wrote /home/tars/Projects/fpl-oracle/site/data/myteam.json (Mo Salad, GW 3)
Up to date (live GW 3, next GW 4, finished 3)
Wrote /home/tars/Projects/fpl-oracle/site/data/myteam.json (Mo Salad, GW 3)
Up to date (live GW 3, next GW 4, finished 3)
Wrote /home/tars/Projects/fpl-oracle/site/data/myteam.json (Mo Salad, GW 3)
Up to date (live GW 3, next GW 4, finished 3)
Wrote /home/tars/Projects/fpl-oracle/site/data/myteam.json (Mo Salad, GW 3)
Up to date (live GW 3, next GW 4, finished 3)
Wrote /home/tars/Projects/fpl-oracle/site/data/myteam.json (Mo Salad, GW 3)
Up to date (live GW 3, next GW 4, finished 3)
Wrote /home/tars/Projects/fpl-oracle/site/data/myteam.json (Mo Salad, GW 3)
Up to date (live GW 3, next GW 4, finished 3)
Wrote /home/tars/Projects/fpl-oracle/site/data/myteam.json (Mo Salad, GW 3)
Up to date (live GW 3, next GW 4, finished 3)
Wrote /home/tars/Projects/fpl-oracle/site/data/myteam.json (Mo Salad, GW 3)
Up to date (live GW 3, next GW 4, finished 3)
Wrote /home/tars/Projects/fpl-oracle/site/data/myteam.json (Mo Salad, GW 3)
Up to date (live GW 3, next GW 4, finished 3)
Wrote /home/tars/Projects/fpl-oracle/site/data/myteam.json (Mo Salad, GW 3)
Up to date (live GW 3, next GW 4, finished 3)
Wrote /home/tars/Projects/fpl-oracle/site/data/myteam.json (Mo Salad, GW 3)
Up to date (live GW 3, next GW 4, finished 3)
Wrote /home/tars/Projects/fpl-oracle/site/data/myteam.json (Mo Salad, GW 3)
Up to date (live GW 3, next GW 4, finished 3)
Wrote /home/tars/Projects/fpl-oracle/site/data/myteam.json (Mo Salad, GW 3)
Up to date (live GW 3, next GW 4, finished 3)
Wrote /home/tars/Projects/fpl-oracle/site/data/myteam.json (Mo Salad, GW 3)
Up to date (live GW 3, next GW 4, finished 3)
Wrote /home/tars/Projects/fpl-oracle/site/data/myteam.json (Mo Salad, GW 3)
Up to date (live GW 3, next GW 4, finished 3)
Wrote /home/tars/Projects/fpl-oracle/site/data/myteam.json (Mo Salad, GW 3)
Up to date (live GW 3, next GW 4, finished 3)
Wrote /home/tars/Projects/fpl-oracle/site/data/myteam.json (Mo Salad, GW 3)
Up to date (live GW 3, next GW 4, finished 3)
Wrote /home/tars/Projects/fpl-oracle/site/data/myteam.json (Mo Salad, GW 3)
Up to date (live GW 3, next GW 4, finished 3)
Wrote /home/tars/Projects/fpl-oracle/site/data/myteam.json (Mo Salad, GW 3)
Up to date (live GW 3, next GW 4, finished 3)
Wrote /home/tars/Projects/fpl-oracle/site/data/myteam.json (Mo Salad, GW 3)
Up to date (live GW 3, next GW 4, finished 3)
Wrote /home/tars/Projects/fpl-oracle/site/data/myteam.json (Mo Salad, GW 3)
Up to date (live GW 3, next GW 4, finished 3)
Wrote /home/tars/Projects/fpl-oracle/site/data/myteam.json (Mo Salad, GW 3)
Up to date (live GW 3, next GW 4, finished 3)
Wrote /home/tars/Projects/fpl-oracle/site/data/myteam.json (Mo Salad, GW 3)
Up to date (live GW 3, next GW 4, finished 3)
Wrote /home/tars/Projects/fpl-oracle/site/data/myteam.json (Mo Salad, GW 3)
Up to date (live GW 3, next GW 4, finished 3)
Wrote /home/tars/Projects/fpl-oracle/site/data/myteam.json (Mo Salad, GW 3)
Up to date (live GW 3, next GW 4, finished 3)
Wrote /home/tars/Projects/fpl-oracle/site/data/myteam.json (Mo Salad, GW 3)
Up to date (live GW 3, next GW 4, finished 3)
Wrote /home/tars/Projects/fpl-oracle/site/data/myteam.json (Mo Salad, GW 3)
Up to date (live GW 3, next GW 4, finished 3)
Wrote /home/tars/Projects/fpl-oracle/site/data/myteam.json (Mo Salad, GW 3)
Up to date (live GW 3, next GW 4, finished 3)
Wrote /home/tars/Projects/fpl-oracle/site/data/myteam.json (Mo Salad, GW 3)
Up to date (live GW 3, next GW 4, finished 3)
Wrote /home/tars/Projects/fpl-oracle/site/data/myteam.json (Mo Salad, GW 3)
Up to date (live GW 3, next GW 4, finished 3)
Wrote /home/tars/Projects/fpl-oracle/site/data/myteam.json (Mo Salad, GW 3)
Up to date (live GW 3, next GW 4, finished 3)
Wrote /home/tars/Projects/fpl-oracle/site/data/myteam.json (Mo Salad, GW 3)
Up to date (live GW 3, next GW 4, finished 3)
Wrote /home/tars/Projects/fpl-oracle/site/data/myteam.json (Mo Salad, GW 3)
Up to date (live GW 3, next GW 4, finished 3)
Wrote /home/tars/Projects/fpl-oracle/site/data/myteam.json (Mo Salad, GW 3)
Up to date (live GW 3, next GW 4, finished 3)
Wrote /home/tars/Projects/fpl-oracle/site/data/myteam.json (Mo Salad, GW 3)
Up to date (live GW 3, next GW 4, finished 3)
Wrote /home/tars/Projects/fpl-oracle/site/data/myteam.json (Mo Salad, GW 3)
Up to date (live GW 3, next GW 4, finished 3)
Wrote /home/tars/Projects/fpl-oracle/site/data/myteam.json (Mo Salad, GW 3)
Up to date (live GW 3, next GW 4, finished 3)
Wrote /home/tars/Projects/fpl-oracle/site/data/myteam.json (Mo Salad, GW 3)
Up to date (live GW 3, next GW 4, finished 3)
Wrote /home/tars/Projects/fpl-oracle/site/data/myteam.json (Mo Salad, GW 3)
Up to date (live GW 3, next GW 4, finished 3)
Wrote /home/tars/Projects/fpl-oracle/site/data/myteam.json (Mo Salad, GW 3)
Up to date (live GW 3, next GW 4, finished 3)
Wrote /home/tars/Projects/fpl-oracle/site/data/myteam.json (Mo Salad, GW 3)
Up to date (live GW 3, next GW 4, finished 3)
Wrote /home/tars/Projects/fpl-oracle/site/data/myteam.json (Mo Salad, GW 3)
Up to date (live GW 3, next GW 4, finished 3)
Wrote /home/tars/Projects/fpl-oracle/site/data/myteam.json (Mo Salad, GW 3)
Up to date (live GW 3, next GW 4, finished 3)
Wrote /home/tars/Projects/fpl-oracle/site/data/myteam.json (Mo Salad, GW 3)
Up to date (live GW 3, next GW 4, finished 3)
Wrote /home/tars/Projects/fpl-oracle/site/data/myteam.json (Mo Salad, GW 3)
Up to date (live GW 3, next GW 4, finished 3)
Wrote /home/tars/Projects/fpl-oracle/site/data/myteam.json (Mo Salad, GW 3)
Up to date (live GW 3, next GW 4, finished 3)
Wrote /home/tars/Projects/fpl-oracle/site/data/myteam.json (Mo Salad, GW 3)
Up to date (live GW 3, next GW 4, finished 3)
Wrote /home/tars/Projects/fpl-oracle/site/data/myteam.json (Mo Salad, GW 3)
Up to date (live GW 3, next GW 4, finished 3)
Wrote /home/tars/Projects/fpl-oracle/site/data/myteam.json (Mo Salad, GW 3)
Up to date (live GW 3, next GW 4, finished 3)
Wrote /home/tars/Projects/fpl-oracle/site/data/myteam.json (Mo Salad, GW 3)
Up to date (live GW 3, next GW 4, finished 3)
Wrote /home/tars/Projects/fpl-oracle/site/data/myteam.json (Mo Salad, GW 3)
Up to date (live GW 3, next GW 4, finished 3)
Wrote /home/tars/Projects/fpl-oracle/site/data/myteam.json (Mo Salad, GW 3)
Up to date (live GW 3, next GW 4, finished 3)
Wrote /home/tars/Projects/fpl-oracle/site/data/myteam.json (Mo Salad, GW 3)
Up to date (live GW 3, next GW 4, finished 3)
Wrote /home/tars/Projects/fpl-oracle/site/data/myteam.json (Mo Salad, GW 3)
Up to date (live GW 3, next GW 4, finished 3)
Wrote /home/tars/Projects/fpl-oracle/site/data/myteam.json (Mo Salad, GW 3)
Up to date (live GW 3, next GW 4, finished 3)
Skipping my-team fetch: HTTPSConnectionPool(host='fantasy.premierleague.com', port=443): Max retries exceeded with url: /api/entry/2162827/ (Caused by NewConnectionError('<urllib3.connection.HTTPSConnection object at 0x7df7740852d0>: Failed to establish a new connection: [Errno -2] Name or service not known'))
Up to date (live GW 3, next GW 4, finished 3)
Wrote /home/tars/Projects/fpl-oracle/site/data/myteam.json (Mo Salad, GW 3)
Up to date (live GW 3, next GW 4, finished 3)
Wrote /home/tars/Projects/fpl-oracle/site/data/myteam.json (Mo Salad, GW 3)
Up to date (live GW 3, next GW 4, finished 3)
Wrote /home/tars/Projects/fpl-oracle/site/data/myteam.json (Mo Salad, GW 3)
Up to date (live GW 3, next GW 4, finished 3)
Wrote /home/tars/Projects/fpl-oracle/site/data/myteam.json (Mo Salad, GW 3)
Up to date (live GW 3, next GW 4, finished 3)
Wrote /home/tars/Projects/fpl-oracle/site/data/myteam.json (Mo Salad, GW 3)
Up to date (live GW 3, next GW 4, finished 3)
Wrote /home/tars/Projects/fpl-oracle/site/data/myteam.json (Mo Salad, GW 3)
Up to date (live GW 3, next GW 4, finished 3)
Wrote /home/tars/Projects/fpl-oracle/site/data/myteam.json (Mo Salad, GW 3)
Up to date (live GW 3, next GW 4, finished 3)
Wrote /home/tars/Projects/fpl-oracle/site/data/myteam.json (Mo Salad, GW 3)
Up to date (live GW 3, next GW 4, finished 3)
Wrote /home/tars/Projects/fpl-oracle/site/data/myteam.json (Mo Salad, GW 3)
Up to date (live GW 3, next GW 4, finished 3)
Wrote /home/tars/Projects/fpl-oracle/site/data/myteam.json (Mo Salad, GW 3)
Up to date (live GW 3, next GW 4, finished 3)
Wrote /home/tars/Projects/fpl-oracle/site/data/myteam.json (Mo Salad, GW 3)
Up to date (live GW 3, next GW 4, finished 3)
Wrote /home/tars/Projects/fpl-oracle/site/data/myteam.json (Mo Salad, GW 3)
Up to date (live GW 3, next GW 4, finished 3)
Wrote /home/tars/Projects/fpl-oracle/site/data/myteam.json (Mo Salad, GW 3)
Up to date (live GW 3, next GW 4, finished 3)
Wrote /home/tars/Projects/fpl-oracle/site/data/myteam.json (Mo Salad, GW 3)
Up to date (live GW 3, next GW 4, finished 3)
Wrote /home/tars/Projects/fpl-oracle/site/data/myteam.json (Mo Salad, GW 3)
Up to date (live GW 3, next GW 4, finished 3)
Wrote /home/tars/Projects/fpl-oracle/site/data/myteam.json (Mo Salad, GW 3)
Up to date (live GW 3, next GW 4, finished 3)
Wrote /home/tars/Projects/fpl-oracle/site/data/myteam.json (Mo Salad, GW 3)
Up to date (live GW 3, next GW 4, finished 3)
Wrote /home/tars/Projects/fpl-oracle/site/data/myteam.json (Mo Salad, GW 3)
Up to date (live GW 3, next GW 4, finished 3)
Wrote /home/tars/Projects/fpl-oracle/site/data/myteam.json (Mo Salad, GW 3)
Up to date (live GW 3, next GW 4, finished 3)
Wrote /home/tars/Projects/fpl-oracle/site/data/myteam.json (Mo Salad, GW 3)
Up to date (live GW 3, next GW 4, finished 3)
Wrote /home/tars/Projects/fpl-oracle/site/data/myteam.json (Mo Salad, GW 3)
Up to date (live GW 3, next GW 4, finished 3)
Wrote /home/tars/Projects/fpl-oracle/site/data/myteam.json (Mo Salad, GW 3)
Up to date (live GW 3, next GW 4, finished 3)
Wrote /home/tars/Projects/fpl-oracle/site/data/myteam.json (Mo Salad, GW 3)
Up to date (live GW 3, next GW 4, finished 3)
Wrote /home/tars/Projects/fpl-oracle/site/data/myteam.json (Mo Salad, GW 3)
Up to date (live GW 3, next GW 4, finished 3)
Wrote /home/tars/Projects/fpl-oracle/site/data/myteam.json (Mo Salad, GW 3)
Up to date (live GW 3, next GW 4, finished 3)
Wrote /home/tars/Projects/fpl-oracle/site/data/myteam.json (Mo Salad, GW 3)
Up to date (live GW 3, next GW 4, finished 3)
Skipping my-team fetch: 'str' object has no attribute 'get'
Up to date (live GW 3, next GW 4, finished 3)
Building features for GW 5
Wrote /home/tars/Projects/fpl-oracle/data/X_5.csv (228 players)
GW 5 features ready, waiting for GW 4 to finish
Wrote /home/tars/Projects/fpl-oracle/site/data/myteam.json (Mo Salad, GW 4)
Up to date (live GW 4, next GW 5, finished 3)
Wrote /home/tars/Projects/fpl-oracle/site/data/myteam.json (Mo Salad, GW 4)
Up to date (live GW 4, next GW 5, finished 3)
Wrote /home/tars/Projects/fpl-oracle/site/data/myteam.json (Mo Salad, GW 4)
Up to date (live GW 4, next GW 5, finished 3)
Wrote /home/tars/Projects/fpl-oracle/site/data/myteam.json (Mo Salad, GW 4)
Up to date (live GW 4, next GW 5, finished 3)
Wrote /home/tars/Projects/fpl-oracle/site/data/myteam.json (Mo Salad, GW 4)
Up to date (live GW 4, next GW 5, finished 3)
Wrote /home/tars/Projects/fpl-oracle/site/data/myteam.json (Mo Salad, GW 4)
Up to date (live GW 4, next GW 5, finished 3)
Wrote /home/tars/Projects/fpl-oracle/site/data/myteam.json (Mo Salad, GW 4)
Up to date (live GW 4, next GW 5, finished 3)
Wrote /home/tars/Projects/fpl-oracle/site/data/myteam.json (Mo Salad, GW 4)
Up to date (live GW 4, next GW 5, finished 3)
Wrote /home/tars/Projects/fpl-oracle/site/data/myteam.json (Mo Salad, GW 4)
Up to date (live GW 4, next GW 5, finished 3)
Wrote /home/tars/Projects/fpl-oracle/site/data/myteam.json (Mo Salad, GW 4)
Up to date (live GW 4, next GW 5, finished 3)
Wrote /home/tars/Projects/fpl-oracle/site/data/myteam.json (Mo Salad, GW 4)
Up to date (live GW 4, next GW 5, finished 3)
Wrote /home/tars/Projects/fpl-oracle/site/data/myteam.json (Mo Salad, GW 4)
Up to date (live GW 4, next GW 5, finished 3)
Wrote /home/tars/Projects/fpl-oracle/site/data/myteam.json (Mo Salad, GW 4)
Up to date (live GW 4, next GW 5, finished 3)
Wrote /home/tars/Projects/fpl-oracle/site/data/myteam.json (Mo Salad, GW 4)
Up to date (live GW 4, next GW 5, finished 3)
Wrote /home/tars/Projects/fpl-oracle/site/data/myteam.json (Mo Salad, GW 4)
Up to date (live GW 4, next GW 5, finished 3)
Wrote /home/tars/Projects/fpl-oracle/site/data/myteam.json (Mo Salad, GW 4)
Up to date (live GW 4, next GW 5, finished 3)
Wrote /home/tars/Projects/fpl-oracle/site/data/myteam.json (Mo Salad, GW 4)
Up to date (live GW 4, next GW 5, finished 3)
Wrote /home/tars/Projects/fpl-oracle/site/data/myteam.json (Mo Salad, GW 4)
Up to date (live GW 4, next GW 5, finished 3)
Wrote /home/tars/Projects/fpl-oracle/site/data/myteam.json (Mo Salad, GW 4)
Up to date (live GW 4, next GW 5, finished 3)
Wrote /home/tars/Projects/fpl-oracle/site/data/myteam.json (Mo Salad, GW 4)
Up to date (live GW 4, next GW 5, finished 3)
Wrote /home/tars/Projects/fpl-oracle/site/data/myteam.json (Mo Salad, GW 4)
Up to date (live GW 4, next GW 5, finished 3)
Wrote /home/tars/Projects/fpl-oracle/site/data/myteam.json (Mo Salad, GW 4)
Up to date (live GW 4, next GW 5, finished 3)
Wrote /home/tars/Projects/fpl-oracle/site/data/myteam.json (Mo Salad, GW 4)
Up to date (live GW 4, next GW 5, finished 3)
Wrote /home/tars/Projects/fpl-oracle/site/data/myteam.json (Mo Salad, GW 4)
Up to date (live GW 4, next GW 5, finished 3)
Wrote /home/tars/Projects/fpl-oracle/site/data/myteam.json (Mo Salad, GW 4)
Up to date (live GW 4, next GW 5, finished 3)
Wrote /home/tars/Projects/fpl-oracle/site/data/myteam.json (Mo Salad, GW 4)
Up to date (live GW 4, next GW 5, finished 3)
Wrote /home/tars/Projects/fpl-oracle/site/data/myteam.json (Mo Salad, GW 4)
Up to date (live GW 4, next GW 5, finished 3)
Wrote /home/tars/Projects/fpl-oracle/site/data/myteam.json (Mo Salad, GW 4)
Up to date (live GW 4, next GW 5, finished 3)
Wrote /home/tars/Projects/fpl-oracle/site/data/myteam.json (Mo Salad, GW 4)
Up to date (live GW 4, next GW 5, finished 3)
Wrote /home/tars/Projects/fpl-oracle/site/data/myteam.json (Mo Salad, GW 4)
Up to date (live GW 4, next GW 5, finished 3)
Wrote /home/tars/Projects/fpl-oracle/site/data/myteam.json (Mo Salad, GW 4)
Up to date (live GW 4, next GW 5, finished 3)
Wrote /home/tars/Projects/fpl-oracle/site/data/myteam.json (Mo Salad, GW 4)
Up to date (live GW 4, next GW 5, finished 3)
Wrote /home/tars/Projects/fpl-oracle/site/data/myteam.json (Mo Salad, GW 4)
Up to date (live GW 4, next GW 5, finished 3)
Wrote /home/tars/Projects/fpl-oracle/site/data/myteam.json (Mo Salad, GW 4)
Up to date (live GW 4, next GW 5, finished 3)
Wrote /home/tars/Projects/fpl-oracle/site/data/myteam.json (Mo Salad, GW 4)
Up to date (live GW 4, next GW 5, finished 3)
Wrote /home/tars/Projects/fpl-oracle/site/data/myteam.json (Mo Salad, GW 4)
Up to date (live GW 4, next GW 5, finished 3)
Wrote /home/tars/Projects/fpl-oracle/site/data/myteam.json (Mo Salad, GW 4)
Up to date (live GW 4, next GW 5, finished 3)
Wrote /home/tars/Projects/fpl-oracle/site/data/myteam.json (Mo Salad, GW 4)
Up to date (live GW 4, next GW 5, finished 3)
Wrote /home/tars/Projects/fpl-oracle/site/data/myteam.json (Mo Salad, GW 4)
Up to date (live GW 4, next GW 5, finished 3)
Wrote /home/tars/Projects/fpl-oracle/site/data/myteam.json (Mo Salad, GW 4)
Up to date (live GW 4, next GW 5, finished 3)
Wrote /home/tars/Projects/fpl-oracle/site/data/myteam.json (Mo Salad, GW 4)
Up to date (live GW 4, next GW 5, finished 3)
Wrote /home/tars/Projects/fpl-oracle/site/data/myteam.json (Mo Salad, GW 4)
Up to date (live GW 4, next GW 5, finished 3)
Wrote /home/tars/Projects/fpl-oracle/site/data/myteam.json (Mo Salad, GW 4)
Up to date (live GW 4, next GW 5, finished 3)
Wrote /home/tars/Projects/fpl-oracle/site/data/myteam.json (Mo Salad, GW 4)
Up to date (live GW 4, next GW 5, finished 3)
Wrote /home/tars/Projects/fpl-oracle/site/data/myteam.json (Mo Salad, GW 4)
Up to date (live GW 4, next GW 5, finished 3)
Wrote /home/tars/Projects/fpl-oracle/site/data/myteam.json (Mo Salad, GW 4)
Up to date (live GW 4, next GW 5, finished 3)
Wrote /home/tars/Projects/fpl-oracle/site/data/myteam.json (Mo Salad, GW 4)
Up to date (live GW 4, next GW 5, finished 3)
Wrote /home/tars/Projects/fpl-oracle/site/data/myteam.json (Mo Salad, GW 4)
Up to date (live GW 4, next GW 5, finished 3)
Wrote /home/tars/Projects/fpl-oracle/site/data/myteam.json (Mo Salad, GW 4)
Up to date (live GW 4, next GW 5, finished 3)
Wrote /home/tars/Projects/fpl-oracle/site/data/myteam.json (Mo Salad, GW 4)
Up to date (live GW 4, next GW 5, finished 3)
Wrote /home/tars/Projects/fpl-oracle/site/data/myteam.json (Mo Salad, GW 4)
Up to date (live GW 4, next GW 5, finished 3)
Wrote /home/tars/Projects/fpl-oracle/site/data/myteam.json (Mo Salad, GW 4)
Up to date (live GW 4, next GW 5, finished 3)
Wrote /home/tars/Projects/fpl-oracle/site/data/myteam.json (Mo Salad, GW 4)
Up to date (live GW 4, next GW 5, finished 3)
Wrote /home/tars/Projects/fpl-oracle/site/data/myteam.json (Mo Salad, GW 4)
Up to date (live GW 4, next GW 5, finished 3)
Wrote /home/tars/Projects/fpl-oracle/site/data/myteam.json (Mo Salad, GW 4)
Up to date (live GW 4, next GW 5, finished 3)
Wrote /home/tars/Projects/fpl-oracle/site/data/myteam.json (Mo Salad, GW 4)
Up to date (live GW 4, next GW 5, finished 3)
Wrote /home/tars/Projects/fpl-oracle/site/data/myteam.json (Mo Salad, GW 4)
Up to date (live GW 4, next GW 5, finished 3)
Wrote /home/tars/Projects/fpl-oracle/site/data/myteam.json (Mo Salad, GW 4)
Up to date (live GW 4, next GW 5, finished 3)
Wrote /home/tars/Projects/fpl-oracle/site/data/myteam.json (Mo Salad, GW 4)
Up to date (live GW 4, next GW 5, finished 3)
Wrote /home/tars/Projects/fpl-oracle/site/data/myteam.json (Mo Salad, GW 4)
Up to date (live GW 4, next GW 5, finished 3)
Wrote /home/tars/Projects/fpl-oracle/site/data/myteam.json (Mo Salad, GW 4)
Up to date (live GW 4, next GW 5, finished 3)
Wrote /home/tars/Projects/fpl-oracle/site/data/myteam.json (Mo Salad, GW 4)
Up to date (live GW 4, next GW 5, finished 3)
Wrote /home/tars/Projects/fpl-oracle/site/data/myteam.json (Mo Salad, GW 4)
Up to date (live GW 4, next GW 5, finished 3)
Wrote /home/tars/Projects/fpl-oracle/site/data/myteam.json (Mo Salad, GW 4)
Up to date (live GW 4, next GW 5, finished 3)
Wrote /home/tars/Projects/fpl-oracle/site/data/myteam.json (Mo Salad, GW 4)
Up to date (live GW 4, next GW 5, finished 3)
Wrote /home/tars/Projects/fpl-oracle/site/data/myteam.json (Mo Salad, GW 4)
Up to date (live GW 4, next GW 5, finished 3)
Wrote /home/tars/Projects/fpl-oracle/site/data/myteam.json (Mo Salad, GW 4)
Up to date (live GW 4, next GW 5, finished 3)
Wrote /home/tars/Projects/fpl-oracle/site/data/myteam.json (Mo Salad, GW 4)
Up to date (live GW 4, next GW 5, finished 3)
Wrote /home/tars/Projects/fpl-oracle/site/data/myteam.json (Mo Salad, GW 4)
Up to date (live GW 4, next GW 5, finished 3)
Wrote /home/tars/Projects/fpl-oracle/site/data/myteam.json (Mo Salad, GW 4)
Up to date (live GW 4, next GW 5, finished 3)
Wrote /home/tars/Projects/fpl-oracle/site/data/myteam.json (Mo Salad, GW 4)
Up to date (live GW 4, next GW 5, finished 3)
Wrote /home/tars/Projects/fpl-oracle/site/data/myteam.json (Mo Salad, GW 4)
Up to date (live GW 4, next GW 5, finished 3)
Wrote /home/tars/Projects/fpl-oracle/site/data/myteam.json (Mo Salad, GW 4)
Up to date (live GW 4, next GW 5, finished 3)
Wrote /home/tars/Projects/fpl-oracle/site/data/myteam.json (Mo Salad, GW 4)
Up to date (live GW 4, next GW 5, finished 3)
Wrote /home/tars/Projects/fpl-oracle/site/data/myteam.json (Mo Salad, GW 4)
Up to date (live GW 4, next GW 5, finished 3)
Wrote /home/tars/Projects/fpl-oracle/site/data/myteam.json (Mo Salad, GW 4)
Up to date (live GW 4, next GW 5, finished 3)
Wrote /home/tars/Projects/fpl-oracle/site/data/myteam.json (Mo Salad, GW 4)
Up to date (live GW 4, next GW 5, finished 3)
